id,crop,category,fact_name,value,unit,value_type,context,source_institution,source_title,source_url,source_locator,source_page_number,source_medium,source_value_text,extraction_method,verification_status,verified_on,current_label_or_local_validation_required,notes
verified_0001,Potato and Tomato,Soil and water management,Suitable context,Dry-season cultivation in saline areas similar to AEZ-18,,fact,Noakhali-region technology,Bangladesh Agricultural Research Institute (BARI),Use of water-hyacinth mulch in potato and tomato production,https://baritechnology.org/m/crops/tech_detail/354,"প্রযুক্তির বিবরণ > উৎপাদন প্রযুক্তি / সারের নাম / সার প্রয়োগ পদ্ধতি, আন্তঃপরিচর্যা ও ফলন",,Official institutional webpage with tabular production data,,Human-curated paraphrase of visible official source content,verified_against_visible_official_source,2026-07-24,False,
verified_0002,Potato and Tomato,Soil and water management,Mulch material,Water hyacinth,,input,,Bangladesh Agricultural Research Institute (BARI),Use of water-hyacinth mulch in potato and tomato production,https://baritechnology.org/m/crops/tech_detail/354,"প্রযুক্তির বিবরণ > উৎপাদন প্রযুক্তি / সারের নাম / সার প্রয়োগ পদ্ধতি, আন্তঃপরিচর্যা ও ফলন",,Official institutional webpage with tabular production data,,Human-curated paraphrase of visible official source content,verified_against_visible_official_source,2026-07-24,False,
verified_0003,Potato and Tomato,Soil and water management,Water-hyacinth mulch rate,68,tonne/ha,fact,Technology tested in saline areas,Bangladesh Agricultural Research Institute (BARI),Use of water-hyacinth mulch in potato and tomato production,https://baritechnology.org/m/crops/tech_detail/354,"প্রযুক্তির বিবরণ > উৎপাদন প্রযুক্তি / সারের নাম / সার প্রয়োগ পদ্ধতি, আন্তঃপরিচর্যা ও ফলন",,Official institutional webpage with tabular production data,,Human-curated paraphrase of visible official source content,verified_against_visible_official_source,2026-07-24,False,
verified_0004,Potato,Variety,Recommended variety,BARI Alu-7,,fact,,Bangladesh Agricultural Research Institute (BARI),Use of water-hyacinth mulch in potato and tomato production,https://baritechnology.org/m/crops/tech_detail/354,"প্রযুক্তির বিবরণ > উৎপাদন প্রযুক্তি / সারের নাম / সার প্রয়োগ পদ্ধতি, আন্তঃপরিচর্যা ও ফলন",,Official institutional webpage with tabular production data,,Human-curated paraphrase of visible official source content,verified_against_visible_official_source,2026-07-24,False,
verified_0005,Tomato,Variety,Recommended variety,BARI Tomato-14,,fact,,Bangladesh Agricultural Research Institute (BARI),Use of water-hyacinth mulch in potato and tomato production,https://baritechnology.org/m/crops/tech_detail/354,"প্রযুক্তির বিবরণ > উৎপাদন প্রযুক্তি / সারের নাম / সার প্রয়োগ পদ্ধতি, আন্তঃপরিচর্যা ও ফলন",,Official institutional webpage with tabular production data,,Human-curated paraphrase of visible official source content,verified_against_visible_official_source,2026-07-24,False,
verified_0006,Potato,Seed,Seed rate,1500,kg/ha,fact,,Bangladesh Agricultural Research Institute (BARI),Use of water-hyacinth mulch in potato and tomato production,https://baritechnology.org/m/crops/tech_detail/354,"প্রযুক্তির বিবরণ > উৎপাদন প্রযুক্তি / সারের নাম / সার প্রয়োগ পদ্ধতি, আন্তঃপরিচর্যা ও ফলন",,Official institutional webpage with tabular production data,,Human-curated paraphrase of visible official source content,verified_against_visible_official_source,2026-07-24,False,
verified_0007,Tomato,Seed,Seed rate,200,g/ha,fact,,Bangladesh Agricultural Research Institute (BARI),Use of water-hyacinth mulch in potato and tomato production,https://baritechnology.org/m/crops/tech_detail/354,"প্রযুক্তির বিবরণ > উৎপাদন প্রযুক্তি / সারের নাম / সার প্রয়োগ পদ্ধতি, আন্তঃপরিচর্যা ও ফলন",,Official institutional webpage with tabular production data,,Human-curated paraphrase of visible official source content,verified_against_visible_official_source,2026-07-24,False,
verified_0008,Potato,Crop calendar,Planting time,First part of December,,fact,,Bangladesh Agricultural Research Institute (BARI),Use of water-hyacinth mulch in potato and tomato production,https://baritechnology.org/m/crops/tech_detail/354,"প্রযুক্তির বিবরণ > উৎপাদন প্রযুক্তি / সারের নাম / সার প্রয়োগ পদ্ধতি, আন্তঃপরিচর্যা ও ফলন",,Official institutional webpage with tabular production data,,Human-curated paraphrase of visible official source content,verified_against_visible_official_source,2026-07-24,False,
verified_0009,Tomato,Crop calendar,Planting time,First week of December,,fact,,Bangladesh Agricultural Research Institute (BARI),Use of water-hyacinth mulch in potato and tomato production,https://baritechnology.org/m/crops/tech_detail/354,"প্রযুক্তির বিবরণ > উৎপাদন প্রযুক্তি / সারের নাম / সার প্রয়োগ পদ্ধতি, আন্তঃপরিচর্যা ও ফলন",,Official institutional webpage with tabular production data,,Human-curated paraphrase of visible official source content,verified_against_visible_official_source,2026-07-24,False,
verified_0010,Potato,Fertilizer,Urea,250,kg/ha,fact,Technology-specific table; not universal,Bangladesh Agricultural Research Institute (BARI),Use of water-hyacinth mulch in potato and tomato production,https://baritechnology.org/m/crops/tech_detail/354,"প্রযুক্তির বিবরণ > উৎপাদন প্রযুক্তি / সারের নাম / সার প্রয়োগ পদ্ধতি, আন্তঃপরিচর্যা ও ফলন",,Official institutional webpage with tabular production data,,Human-curated paraphrase of visible official source content,verified_against_visible_official_source,2026-07-24,False,
verified_0011,Potato,Fertilizer,TSP,150,kg/ha,fact,Technology-specific table; not universal,Bangladesh Agricultural Research Institute (BARI),Use of water-hyacinth mulch in potato and tomato production,https://baritechnology.org/m/crops/tech_detail/354,"প্রযুক্তির বিবরণ > উৎপাদন প্রযুক্তি / সারের নাম / সার প্রয়োগ পদ্ধতি, আন্তঃপরিচর্যা ও ফলন",,Official institutional webpage with tabular production data,,Human-curated paraphrase of visible official source content,verified_against_visible_official_source,2026-07-24,False,
verified_0012,Potato,Fertilizer,MoP,250,kg/ha,fact,Technology-specific table; not universal,Bangladesh Agricultural Research Institute (BARI),Use of water-hyacinth mulch in potato and tomato production,https://baritechnology.org/m/crops/tech_detail/354,"প্রযুক্তির বিবরণ > উৎপাদন প্রযুক্তি / সারের নাম / সার প্রয়োগ পদ্ধতি, আন্তঃপরিচর্যা ও ফলন",,Official institutional webpage with tabular production data,,Human-curated paraphrase of visible official source content,verified_against_visible_official_source,2026-07-24,False,
verified_0013,Potato,Fertilizer,Gypsum,170,kg/ha,fact,Table label appears inconsistent in source display; verify original document,Bangladesh Agricultural Research Institute (BARI),Use of water-hyacinth mulch in potato and tomato production,https://baritechnology.org/m/crops/tech_detail/354,"প্রযুক্তির বিবরণ > উৎপাদন প্রযুক্তি / সারের নাম / সার প্রয়োগ পদ্ধতি, আন্তঃপরিচর্যা ও ফলন",,Official institutional webpage with tabular production data,,Human-curated paraphrase of visible official source content,verified_against_visible_official_source,2026-07-24,False,"The search-rendered table labels gypsum as grams, but the numeric table context may require source-file confirmation."
verified_0014,Tomato,Fertilizer,Urea,450,kg/ha,fact,Technology-specific table; not universal,Bangladesh Agricultural Research Institute (BARI),Use of water-hyacinth mulch in potato and tomato production,https://baritechnology.org/m/crops/tech_detail/354,"প্রযুক্তির বিবরণ > উৎপাদন প্রযুক্তি / সারের নাম / সার প্রয়োগ পদ্ধতি, আন্তঃপরিচর্যা ও ফলন",,Official institutional webpage with tabular production data,,Human-curated paraphrase of visible official source content,verified_against_visible_official_source,2026-07-24,False,
verified_0015,Tomato,Fertilizer,TSP,250,kg/ha,fact,Technology-specific table; not universal,Bangladesh Agricultural Research Institute (BARI),Use of water-hyacinth mulch in potato and tomato production,https://baritechnology.org/m/crops/tech_detail/354,"প্রযুক্তির বিবরণ > উৎপাদন প্রযুক্তি / সারের নাম / সার প্রয়োগ পদ্ধতি, আন্তঃপরিচর্যা ও ফলন",,Official institutional webpage with tabular production data,,Human-curated paraphrase of visible official source content,verified_against_visible_official_source,2026-07-24,False,
verified_0016,Tomato,Fertilizer,MoP,250,kg/ha,fact,Technology-specific table; not universal,Bangladesh Agricultural Research Institute (BARI),Use of water-hyacinth mulch in potato and tomato production,https://baritechnology.org/m/crops/tech_detail/354,"প্রযুক্তির বিবরণ > উৎপাদন প্রযুক্তি / সারের নাম / সার প্রয়োগ পদ্ধতি, আন্তঃপরিচর্যা ও ফলন",,Official institutional webpage with tabular production data,,Human-curated paraphrase of visible official source content,verified_against_visible_official_source,2026-07-24,False,
verified_0017,Potato,Fertilizer timing,Application method,The source applies all listed fertilizers during land preparation.,,recommendation,,Bangladesh Agricultural Research Institute (BARI),Use of water-hyacinth mulch in potato and tomato production,https://baritechnology.org/m/crops/tech_detail/354,"প্রযুক্তির বিবরণ > উৎপাদন প্রযুক্তি / সারের নাম / সার প্রয়োগ পদ্ধতি, আন্তঃপরিচর্যা ও ফলন",,Official institutional webpage with tabular production data,,Human-curated paraphrase of visible official source content,verified_against_visible_official_source,2026-07-24,False,
verified_0018,Tomato,Fertilizer timing,Application method,Apply all TSP and half of MoP at final land preparation; apply remaining MoP and all urea in two equal splits at 15 and 30 days after planting.,,recommendation,,Bangladesh Agricultural Research Institute (BARI),Use of water-hyacinth mulch in potato and tomato production,https://baritechnology.org/m/crops/tech_detail/354,"প্রযুক্তির বিবরণ > উৎপাদন প্রযুক্তি / সারের নাম / সার প্রয়োগ পদ্ধতি, আন্তঃপরিচর্যা ও ফলন",,Official institutional webpage with tabular production data,,Human-curated paraphrase of visible official source content,verified_against_visible_official_source,2026-07-24,False,
verified_0019,Potato,Harvest,Harvest window,First week of March,,fact,,Bangladesh Agricultural Research Institute (BARI),Use of water-hyacinth mulch in potato and tomato production,https://baritechnology.org/m/crops/tech_detail/354,"প্রযুক্তির বিবরণ > উৎপাদন প্রযুক্তি / সারের নাম / সার প্রয়োগ পদ্ধতি, আন্তঃপরিচর্যা ও ফলন",,Official institutional webpage with tabular production data,,Human-curated paraphrase of visible official source content,verified_against_visible_official_source,2026-07-24,False,
verified_0020,Potato,Yield,Reported yield,26.5,tonne/ha,fact,Under the specified mulch-based technology,Bangladesh Agricultural Research Institute (BARI),Use of water-hyacinth mulch in potato and tomato production,https://baritechnology.org/m/crops/tech_detail/354,"প্রযুক্তির বিবরণ > উৎপাদন প্রযুক্তি / সারের নাম / সার প্রয়োগ পদ্ধতি, আন্তঃপরিচর্যা ও ফলন",,Official institutional webpage with tabular production data,,Human-curated paraphrase of visible official source content,verified_against_visible_official_source,2026-07-24,False,
verified_0021,Tomato,Harvest,Harvest window,Late February to first week of March,,fact,,Bangladesh Agricultural Research Institute (BARI),Use of water-hyacinth mulch in potato and tomato production,https://baritechnology.org/m/crops/tech_detail/354,"প্রযুক্তির বিবরণ > উৎপাদন প্রযুক্তি / সারের নাম / সার প্রয়োগ পদ্ধতি, আন্তঃপরিচর্যা ও ফলন",,Official institutional webpage with tabular production data,,Human-curated paraphrase of visible official source content,verified_against_visible_official_source,2026-07-24,False,
verified_0022,Tomato,Yield,Reported yield,67.5,tonne/ha,fact,Under the specified mulch-based technology,Bangladesh Agricultural Research Institute (BARI),Use of water-hyacinth mulch in potato and tomato production,https://baritechnology.org/m/crops/tech_detail/354,"প্রযুক্তির বিবরণ > উৎপাদন প্রযুক্তি / সারের নাম / সার প্রয়োগ পদ্ধতি, আন্তঃপরিচর্যা ও ফলন",,Official institutional webpage with tabular production data,,Human-curated paraphrase of visible official source content,verified_against_visible_official_source,2026-07-24,False,
verified_0023,Potato,Yield response,Reported yield increase with mulch,42.5,percent,fact,,Bangladesh Agricultural Research Institute (BARI),Use of water-hyacinth mulch in potato and tomato production,https://baritechnology.org/m/crops/tech_detail/354,"প্রযুক্তির বিবরণ > উৎপাদন প্রযুক্তি / সারের নাম / সার প্রয়োগ পদ্ধতি, আন্তঃপরিচর্যা ও ফলন",,Official institutional webpage with tabular production data,,Human-curated paraphrase of visible official source content,verified_against_visible_official_source,2026-07-24,False,
verified_0024,Tomato,Yield response,Reported yield increase with mulch,22,percent,fact,,Bangladesh Agricultural Research Institute (BARI),Use of water-hyacinth mulch in potato and tomato production,https://baritechnology.org/m/crops/tech_detail/354,"প্রযুক্তির বিবরণ > উৎপাদন প্রযুক্তি / সারের নাম / সার প্রয়োগ পদ্ধতি, আন্তঃপরিচর্যা ও ফলন",,Official institutional webpage with tabular production data,,Human-curated paraphrase of visible official source content,verified_against_visible_official_source,2026-07-24,False,
verified_0025,Potato and Tomato,Finance,Reported gross income,809860,BDT/ha,fact,Combined technology/cropping information reported by source,Bangladesh Agricultural Research Institute (BARI),Use of water-hyacinth mulch in potato and tomato production,https://baritechnology.org/m/crops/tech_detail/354,"প্রযুক্তির বিবরণ > উৎপাদন প্রযুক্তি / সারের নাম / সার প্রয়োগ পদ্ধতি, আন্তঃপরিচর্যা ও ফলন",,Official institutional webpage with tabular production data,,Human-curated paraphrase of visible official source content,verified_against_visible_official_source,2026-07-24,False,
verified_0026,Potato and Tomato,Finance,Reported production cost,160550,BDT/ha,fact,,Bangladesh Agricultural Research Institute (BARI),Use of water-hyacinth mulch in potato and tomato production,https://baritechnology.org/m/crops/tech_detail/354,"প্রযুক্তির বিবরণ > উৎপাদন প্রযুক্তি / সারের নাম / সার প্রয়োগ পদ্ধতি, আন্তঃপরিচর্যা ও ফলন",,Official institutional webpage with tabular production data,,Human-curated paraphrase of visible official source content,verified_against_visible_official_source,2026-07-24,False,
verified_0027,Potato and Tomato,Finance,Reported benefit-cost ratio,5.04,ratio,fact,,Bangladesh Agricultural Research Institute (BARI),Use of water-hyacinth mulch in potato and tomato production,https://baritechnology.org/m/crops/tech_detail/354,"প্রযুক্তির বিবরণ > উৎপাদন প্রযুক্তি / সারের নাম / সার প্রয়োগ পদ্ধতি, আন্তঃপরিচর্যা ও ফলন",,Official institutional webpage with tabular production data,,Human-curated paraphrase of visible official source content,verified_against_visible_official_source,2026-07-24,False,
verified_0028,Processing Potato,Irrigation,Seasonal water requirement range,160-180,mm/season,fact,,Bangladesh Agricultural Research Institute (BARI),Irrigation technology for processing potato production,https://m.baritechnology.org/crops/tech_detail/219,প্রযুক্তির বিবরণ,,Official institutional webpage,,Human-curated paraphrase of visible official source content,verified_against_visible_official_source,2026-07-24,False,
verified_0029,Processing Potato,Irrigation,Critical irrigation stage 1,Stolon stage,,fact,,Bangladesh Agricultural Research Institute (BARI),Irrigation technology for processing potato production,https://m.baritechnology.org/crops/tech_detail/219,প্রযুক্তির বিবরণ,,Official institutional webpage,,Human-curated paraphrase of visible official source content,verified_against_visible_official_source,2026-07-24,False,
verified_0030,Processing Potato,Irrigation,Critical irrigation stage 2,Tuber bulking stage,,fact,,Bangladesh Agricultural Research Institute (BARI),Irrigation technology for processing potato production,https://m.baritechnology.org/crops/tech_detail/219,প্রযুক্তির বিবরণ,,Official institutional webpage,,Human-curated paraphrase of visible official source content,verified_against_visible_official_source,2026-07-24,False,
verified_0031,BARI Alu-25,Yield,Reported yield range,33-35,tonne/ha,fact,,Bangladesh Agricultural Research Institute (BARI),Irrigation technology for processing potato production,https://m.baritechnology.org/crops/tech_detail/219,প্রযুক্তির বিবরণ,,Official institutional webpage,,Human-curated paraphrase of visible official source content,verified_against_visible_official_source,2026-07-24,False,
verified_0032,BARI Alu-25,Water productivity,Reported water productivity range,22-27,kg/m3,fact,,Bangladesh Agricultural Research Institute (BARI),Irrigation technology for processing potato production,https://m.baritechnology.org/crops/tech_detail/219,প্রযুক্তির বিবরণ,,Official institutional webpage,,Human-curated paraphrase of visible official source content,verified_against_visible_official_source,2026-07-24,False,
verified_0033,BARI Alu-25,Finance,Reported benefit-cost ratio range,2.7-3.6,ratio,fact,,Bangladesh Agricultural Research Institute (BARI),Irrigation technology for processing potato production,https://m.baritechnology.org/crops/tech_detail/219,প্রযুক্তির বিবরণ,,Official institutional webpage,,Human-curated paraphrase of visible official source content,verified_against_visible_official_source,2026-07-24,False,
verified_0034,BARI Alu-25,Finance,Reported net profit range,300000-400000,BDT/ha,fact,,Bangladesh Agricultural Research Institute (BARI),Irrigation technology for processing potato production,https://m.baritechnology.org/crops/tech_detail/219,প্রযুক্তির বিবরণ,,Official institutional webpage,,Human-curated paraphrase of visible official source content,verified_against_visible_official_source,2026-07-24,False,
verified_0035,BARI Alu-25,Processing use,Recommended processing use,French fries,,fact,,Bangladesh Agricultural Research Institute (BARI),Irrigation technology for processing potato production,https://m.baritechnology.org/crops/tech_detail/219,প্রযুক্তির বিবরণ,,Official institutional webpage,,Human-curated paraphrase of visible official source content,verified_against_visible_official_source,2026-07-24,False,
verified_0036,BARI Alu-28,Yield,Reported yield range,29-32,tonne/ha,fact,,Bangladesh Agricultural Research Institute (BARI),Irrigation technology for processing potato production,https://m.baritechnology.org/crops/tech_detail/219,প্রযুক্তির বিবরণ,,Official institutional webpage,,Human-curated paraphrase of visible official source content,verified_against_visible_official_source,2026-07-24,False,
verified_0037,BARI Alu-28,Irrigation,Reported water-use range,150-190,mm,fact,,Bangladesh Agricultural Research Institute (BARI),Irrigation technology for processing potato production,https://m.baritechnology.org/crops/tech_detail/219,প্রযুক্তির বিবরণ,,Official institutional webpage,,Human-curated paraphrase of visible official source content,verified_against_visible_official_source,2026-07-24,False,
verified_0038,BARI Alu-28,Water productivity,Reported water productivity range,19-26,kg/m3,fact,,Bangladesh Agricultural Research Institute (BARI),Irrigation technology for processing potato production,https://m.baritechnology.org/crops/tech_detail/219,প্রযুক্তির বিবরণ,,Official institutional webpage,,Human-curated paraphrase of visible official source content,verified_against_visible_official_source,2026-07-24,False,
verified_0039,BARI Alu-28,Finance,Reported benefit-cost ratio range,2.7-3.2,ratio,fact,,Bangladesh Agricultural Research Institute (BARI),Irrigation technology for processing potato production,https://m.baritechnology.org/crops/tech_detail/219,প্রযুক্তির বিবরণ,,Official institutional webpage,,Human-curated paraphrase of visible official source content,verified_against_visible_official_source,2026-07-24,False,
verified_0040,BARI Alu-28,Processing use,Recommended processing use,Potato chips,,fact,,Bangladesh Agricultural Research Institute (BARI),Irrigation technology for processing potato production,https://m.baritechnology.org/crops/tech_detail/219,প্রযুক্তির বিবরণ,,Official institutional webpage,,Human-curated paraphrase of visible official source content,verified_against_visible_official_source,2026-07-24,False,
verified_0041,Processing Potato,Quality,Reported dry-matter range,21-24,percent,fact,,Bangladesh Agricultural Research Institute (BARI),Irrigation technology for processing potato production,https://m.baritechnology.org/crops/tech_detail/219,প্রযুক্তির বিবরণ,,Official institutional webpage,,Human-curated paraphrase of visible official source content,verified_against_visible_official_source,2026-07-24,False,
verified_0042,Processing Potato,Quality,Reported starch range,15-17,percent,fact,,Bangladesh Agricultural Research Institute (BARI),Irrigation technology for processing potato production,https://m.baritechnology.org/crops/tech_detail/219,প্রযুক্তির বিবরণ,,Official institutional webpage,,Human-curated paraphrase of visible official source content,verified_against_visible_official_source,2026-07-24,False,
verified_0043,BARI Sarisha-18,Region,Target production environment,High Barind Tract and similar drought-prone areas,,fact,,Bangladesh Agricultural Research Institute (BARI),Production technology of BARI Sarisha-18 in High Barind Tract,https://m.baritechnology.org/crops/tech_detail/520,প্রযুক্তির বিবরণ > উৎপাদন প্রযুক্তি / বৈশিষ্ট্যসমূহ,,Official institutional webpage,,Human-curated paraphrase of visible official source content,verified_against_visible_official_source,2026-07-24,False,
verified_0044,BARI Sarisha-18,Land preparation,Tillage recommendation,3-4 cross-ploughings followed by laddering,,fact,,Bangladesh Agricultural Research Institute (BARI),Production technology of BARI Sarisha-18 in High Barind Tract,https://m.baritechnology.org/crops/tech_detail/520,প্রযুক্তির বিবরণ > উৎপাদন প্রযুক্তি / বৈশিষ্ট্যসমূহ,,Official institutional webpage,,Human-curated paraphrase of visible official source content,verified_against_visible_official_source,2026-07-24,False,
verified_0045,BARI Sarisha-18,Planting geometry,Row spacing,30,cm,fact,,Bangladesh Agricultural Research Institute (BARI),Production technology of BARI Sarisha-18 in High Barind Tract,https://m.baritechnology.org/crops/tech_detail/520,প্রযুক্তির বিবরণ > উৎপাদন প্রযুক্তি / বৈশিষ্ট্যসমূহ,,Official institutional webpage,,Human-curated paraphrase of visible official source content,verified_against_visible_official_source,2026-07-24,False,
verified_0046,BARI Sarisha-18,Crop calendar,Suitable sowing window,Last week of October to first week of November,,fact,,Bangladesh Agricultural Research Institute (BARI),Production technology of BARI Sarisha-18 in High Barind Tract,https://m.baritechnology.org/crops/tech_detail/520,প্রযুক্তির বিবরণ > উৎপাদন প্রযুক্তি / বৈশিষ্ট্যসমূহ,,Official institutional webpage,,Human-curated paraphrase of visible official source content,verified_against_visible_official_source,2026-07-24,False,
verified_0047,BARI Sarisha-18,Crop duration,Reported duration range,95-100,days,fact,,Bangladesh Agricultural Research Institute (BARI),Production technology of BARI Sarisha-18 in High Barind Tract,https://m.baritechnology.org/crops/tech_detail/520,প্রযুক্তির বিবরণ > উৎপাদন প্রযুক্তি / বৈশিষ্ট্যসমূহ,,Official institutional webpage,,Human-curated paraphrase of visible official source content,verified_against_visible_official_source,2026-07-24,False,
verified_0048,BARI Sarisha-18,Yield,Reported yield range,2.0-2.5,tonne/ha,fact,With appropriate fertilizer and irrigation,Bangladesh Agricultural Research Institute (BARI),Production technology of BARI Sarisha-18 in High Barind Tract,https://m.baritechnology.org/crops/tech_detail/520,প্রযুক্তির বিবরণ > উৎপাদন প্রযুক্তি / বৈশিষ্ট্যসমূহ,,Official institutional webpage,,Human-curated paraphrase of visible official source content,verified_against_visible_official_source,2026-07-24,False,
verified_0049,BARI Sarisha-18,Quality,Reported oil-content range,40-42,percent,fact,,Bangladesh Agricultural Research Institute (BARI),Production technology of BARI Sarisha-18 in High Barind Tract,https://m.baritechnology.org/crops/tech_detail/520,প্রযুক্তির বিবরণ > উৎপাদন প্রযুক্তি / বৈশিষ্ট্যসমূহ,,Official institutional webpage,,Human-curated paraphrase of visible official source content,verified_against_visible_official_source,2026-07-24,False,
verified_0050,BARI Sarisha-18,Plant morphology,Reported plant-height range,88-126,cm,fact,,Bangladesh Agricultural Research Institute (BARI),Production technology of BARI Sarisha-18 in High Barind Tract,https://m.baritechnology.org/crops/tech_detail/520,প্রযুক্তির বিবরণ > উৎপাদন প্রযুক্তি / বৈশিষ্ট্যসমূহ,,Official institutional webpage,,Human-curated paraphrase of visible official source content,verified_against_visible_official_source,2026-07-24,False,
verified_0051,BARI Sarisha-18,Variety trait,Canola characteristic,Reported as Bangladesh's first canola-character variety,,fact,,Bangladesh Agricultural Research Institute (BARI),Production technology of BARI Sarisha-18 in High Barind Tract,https://m.baritechnology.org/crops/tech_detail/520,প্রযুক্তির বিবরণ > উৎপাদন প্রযুক্তি / বৈশিষ্ট্যসমূহ,,Official institutional webpage,,Human-curated paraphrase of visible official source content,verified_against_visible_official_source,2026-07-24,False,
verified_0052,BARI Sarisha-18,Quality,Reported erucic-acid range,35-40,percent,fact,,Bangladesh Agricultural Research Institute (BARI),Production technology of BARI Sarisha-18 in High Barind Tract,https://m.baritechnology.org/crops/tech_detail/520,প্রযুক্তির বিবরণ > উৎপাদন প্রযুক্তি / বৈশিষ্ট্যসমূহ,,Official institutional webpage,,Human-curated paraphrase of visible official source content,verified_against_visible_official_source,2026-07-24,False,Retained as reported by the official page; verify against the latest varietal descriptor before nutritional claims.
verified_0053,BARI Sweet Corn-1,Seed,Seed rate range,12-15,kg/ha,fact,,Bangladesh Agricultural Research Institute (BARI),Production technology of sweet corn,https://m.baritechnology.org/crops/tech_detail/331,প্রযুক্তির বিবরণ,,Official institutional webpage,,Human-curated paraphrase of visible official source content,verified_against_visible_official_source,2026-07-24,False,
verified_0054,Sweet Corn,Soil,Suitable soil,Well-drained sandy loam or loam,,fact,,Bangladesh Agricultural Research Institute (BARI),Production technology of sweet corn,https://m.baritechnology.org/crops/tech_detail/331,প্রযুক্তির বিবরণ,,Official institutional webpage,,Human-curated paraphrase of visible official source content,verified_against_visible_official_source,2026-07-24,False,
verified_0055,Sweet Corn,Season,Suitable seasons,Rabi and Kharif,,fact,,Bangladesh Agricultural Research Institute (BARI),Production technology of sweet corn,https://m.baritechnology.org/crops/tech_detail/331,প্রযুক্তির বিবরণ,,Official institutional webpage,,Human-curated paraphrase of visible official source content,verified_against_visible_official_source,2026-07-24,False,
verified_0056,Sweet Corn,Crop calendar,Rabi sowing window,Mid-October to 30 November,,fact,,Bangladesh Agricultural Research Institute (BARI),Production technology of sweet corn,https://m.baritechnology.org/crops/tech_detail/331,প্রযুক্তির বিবরণ,,Official institutional webpage,,Human-curated paraphrase of visible official source content,verified_against_visible_official_source,2026-07-24,False,
verified_0057,Sweet Corn,Crop calendar,Kharif sowing window,15 February to 30 March,,fact,,Bangladesh Agricultural Research Institute (BARI),Production technology of sweet corn,https://m.baritechnology.org/crops/tech_detail/331,প্রযুক্তির বিবরণ,,Official institutional webpage,,Human-curated paraphrase of visible official source content,verified_against_visible_official_source,2026-07-24,False,
verified_0058,Maize and Indian Spinach,Soil,Suitable soil,Loam soil rich in organic matter and nutrients,,fact,,Bangladesh Agricultural Research Institute (BARI),Intercropping maize with Indian spinach,https://m.baritechnology.org/crops/tech_detail/335,প্রযুক্তির বিবরণ,,Official institutional webpage,,Human-curated paraphrase of visible official source content,verified_against_visible_official_source,2026-07-24,False,
verified_0059,Maize and Indian Spinach,Crop calendar,Intercropping window,Last week of February to last week of March,,fact,,Bangladesh Agricultural Research Institute (BARI),Intercropping maize with Indian spinach,https://m.baritechnology.org/crops/tech_detail/335,প্রযুক্তির বিবরণ,,Official institutional webpage,,Human-curated paraphrase of visible official source content,verified_against_visible_official_source,2026-07-24,False,
verified_0060,Indian Spinach,Variety,Recommended variety,BARI Puishak-2,,fact,,Bangladesh Agricultural Research Institute (BARI),Intercropping maize with Indian spinach,https://m.baritechnology.org/crops/tech_detail/335,প্রযুক্তির বিবরণ,,Official institutional webpage,,Human-curated paraphrase of visible official source content,verified_against_visible_official_source,2026-07-24,False,
verified_0061,Maize,Variety,Recommended variety group,Any BARI-developed hybrid maize,,fact,,Bangladesh Agricultural Research Institute (BARI),Intercropping maize with Indian spinach,https://m.baritechnology.org/crops/tech_detail/335,প্রযুক্তির বিবরণ,,Official institutional webpage,,Human-curated paraphrase of visible official source content,verified_against_visible_official_source,2026-07-24,False,
verified_0062,Potato-Maize-T. Aman,Region,Suitable region,Dinajpur and areas similar to AEZ-1,,fact,,Bangladesh Agricultural Research Institute (BARI),Fertilizer recommendation for potato-maize-T. Aman cropping pattern in AEZ-1,https://m.baritechnology.org/crops/tech_detail/344,"প্রযুক্তির বিবরণ > উৎপাদন প্রযুক্তি / সারের নাম / সার প্রয়োগ পদ্ধতি, আন্তঃপরিচর্যা ও ফলন",,Official institutional webpage with tabular production data,,Human-curated paraphrase of visible official source content,verified_against_visible_official_source,2026-07-24,False,
verified_0063,Potato,Variety,Recommended variety,BARI Alu-7,,fact,,Bangladesh Agricultural Research Institute (BARI),Fertilizer recommendation for potato-maize-T. Aman cropping pattern in AEZ-1,https://m.baritechnology.org/crops/tech_detail/344,"প্রযুক্তির বিবরণ > উৎপাদন প্রযুক্তি / সারের নাম / সার প্রয়োগ পদ্ধতি, আন্তঃপরিচর্যা ও ফলন",,Official institutional webpage with tabular production data,,Human-curated paraphrase of visible official source content,verified_against_visible_official_source,2026-07-24,False,
verified_0064,Maize,Variety,Recommended variety,BARI Hybrid Maize-9,,fact,,Bangladesh Agricultural Research Institute (BARI),Fertilizer recommendation for potato-maize-T. Aman cropping pattern in AEZ-1,https://m.baritechnology.org/crops/tech_detail/344,"প্রযুক্তির বিবরণ > উৎপাদন প্রযুক্তি / সারের নাম / সার প্রয়োগ পদ্ধতি, আন্তঃপরিচর্যা ও ফলন",,Official institutional webpage with tabular production data,,Human-curated paraphrase of visible official source content,verified_against_visible_official_source,2026-07-24,False,
verified_0065,T. Aman Rice,Variety,Recommended variety,BRRI dhan62,,fact,,Bangladesh Agricultural Research Institute (BARI),Fertilizer recommendation for potato-maize-T. Aman cropping pattern in AEZ-1,https://m.baritechnology.org/crops/tech_detail/344,"প্রযুক্তির বিবরণ > উৎপাদন প্রযুক্তি / সারের নাম / সার প্রয়োগ পদ্ধতি, আন্তঃপরিচর্যা ও ফলন",,Official institutional webpage with tabular production data,,Human-curated paraphrase of visible official source content,verified_against_visible_official_source,2026-07-24,False,
verified_0066,Potato,Planting geometry,Spacing,60 x 20,cm,fact,,Bangladesh Agricultural Research Institute (BARI),Fertilizer recommendation for potato-maize-T. Aman cropping pattern in AEZ-1,https://m.baritechnology.org/crops/tech_detail/344,"প্রযুক্তির বিবরণ > উৎপাদন প্রযুক্তি / সারের নাম / সার প্রয়োগ পদ্ধতি, আন্তঃপরিচর্যা ও ফলন",,Official institutional webpage with tabular production data,,Human-curated paraphrase of visible official source content,verified_against_visible_official_source,2026-07-24,False,
verified_0067,Maize,Planting geometry,Spacing,60 x 20,cm,fact,,Bangladesh Agricultural Research Institute (BARI),Fertilizer recommendation for potato-maize-T. Aman cropping pattern in AEZ-1,https://m.baritechnology.org/crops/tech_detail/344,"প্রযুক্তির বিবরণ > উৎপাদন প্রযুক্তি / সারের নাম / সার প্রয়োগ পদ্ধতি, আন্তঃপরিচর্যা ও ফলন",,Official institutional webpage with tabular production data,,Human-curated paraphrase of visible official source content,verified_against_visible_official_source,2026-07-24,False,
verified_0068,T. Aman Rice,Planting geometry,Spacing,20 x 15,cm,fact,,Bangladesh Agricultural Research Institute (BARI),Fertilizer recommendation for potato-maize-T. Aman cropping pattern in AEZ-1,https://m.baritechnology.org/crops/tech_detail/344,"প্রযুক্তির বিবরণ > উৎপাদন প্রযুক্তি / সারের নাম / সার প্রয়োগ পদ্ধতি, আন্তঃপরিচর্যা ও ফলন",,Official institutional webpage with tabular production data,,Human-curated paraphrase of visible official source content,verified_against_visible_official_source,2026-07-24,False,
verified_0069,Potato,Crop calendar,Planting time,First week of November,,fact,,Bangladesh Agricultural Research Institute (BARI),Fertilizer recommendation for potato-maize-T. Aman cropping pattern in AEZ-1,https://m.baritechnology.org/crops/tech_detail/344,"প্রযুক্তির বিবরণ > উৎপাদন প্রযুক্তি / সারের নাম / সার প্রয়োগ পদ্ধতি, আন্তঃপরিচর্যা ও ফলন",,Official institutional webpage with tabular production data,,Human-curated paraphrase of visible official source content,verified_against_visible_official_source,2026-07-24,False,
verified_0070,Maize,Crop calendar,Sowing time,First week of February,,fact,,Bangladesh Agricultural Research Institute (BARI),Fertilizer recommendation for potato-maize-T. Aman cropping pattern in AEZ-1,https://m.baritechnology.org/crops/tech_detail/344,"প্রযুক্তির বিবরণ > উৎপাদন প্রযুক্তি / সারের নাম / সার প্রয়োগ পদ্ধতি, আন্তঃপরিচর্যা ও ফলন",,Official institutional webpage with tabular production data,,Human-curated paraphrase of visible official source content,verified_against_visible_official_source,2026-07-24,False,
verified_0071,T. Aman Rice,Crop calendar,Transplanting time,Last week of July,,fact,,Bangladesh Agricultural Research Institute (BARI),Fertilizer recommendation for potato-maize-T. Aman cropping pattern in AEZ-1,https://m.baritechnology.org/crops/tech_detail/344,"প্রযুক্তির বিবরণ > উৎপাদন প্রযুক্তি / সারের নাম / সার প্রয়োগ পদ্ধতি, আন্তঃপরিচর্যা ও ফলন",,Official institutional webpage with tabular production data,,Human-curated paraphrase of visible official source content,verified_against_visible_official_source,2026-07-24,False,
verified_0072,Potato,Fertilizer,Urea,325,kg/ha,fact,AEZ-1 cropping-pattern recommendation,Bangladesh Agricultural Research Institute (BARI),Fertilizer recommendation for potato-maize-T. Aman cropping pattern in AEZ-1,https://m.baritechnology.org/crops/tech_detail/344,"প্রযুক্তির বিবরণ > উৎপাদন প্রযুক্তি / সারের নাম / সার প্রয়োগ পদ্ধতি, আন্তঃপরিচর্যা ও ফলন",,Official institutional webpage with tabular production data,,Human-curated paraphrase of visible official source content,verified_against_visible_official_source,2026-07-24,False,
verified_0073,Potato,Fertilizer,TSP,95,kg/ha,fact,AEZ-1 cropping-pattern recommendation,Bangladesh Agricultural Research Institute (BARI),Fertilizer recommendation for potato-maize-T. Aman cropping pattern in AEZ-1,https://m.baritechnology.org/crops/tech_detail/344,"প্রযুক্তির বিবরণ > উৎপাদন প্রযুক্তি / সারের নাম / সার প্রয়োগ পদ্ধতি, আন্তঃপরিচর্যা ও ফলন",,Official institutional webpage with tabular production data,,Human-curated paraphrase of visible official source content,verified_against_visible_official_source,2026-07-24,False,
verified_0074,Potato,Fertilizer,MoP,262,kg/ha,fact,AEZ-1 cropping-pattern recommendation,Bangladesh Agricultural Research Institute (BARI),Fertilizer recommendation for potato-maize-T. Aman cropping pattern in AEZ-1,https://m.baritechnology.org/crops/tech_detail/344,"প্রযুক্তির বিবরণ > উৎপাদন প্রযুক্তি / সারের নাম / সার প্রয়োগ পদ্ধতি, আন্তঃপরিচর্যা ও ফলন",,Official institutional webpage with tabular production data,,Human-curated paraphrase of visible official source content,verified_against_visible_official_source,2026-07-24,False,
verified_0075,Maize,Fertilizer,Urea,475,kg/ha,fact,AEZ-1 cropping-pattern recommendation,Bangladesh Agricultural Research Institute (BARI),Fertilizer recommendation for potato-maize-T. Aman cropping pattern in AEZ-1,https://m.baritechnology.org/crops/tech_detail/344,"প্রযুক্তির বিবরণ > উৎপাদন প্রযুক্তি / সারের নাম / সার প্রয়োগ পদ্ধতি, আন্তঃপরিচর্যা ও ফলন",,Official institutional webpage with tabular production data,,Human-curated paraphrase of visible official source content,verified_against_visible_official_source,2026-07-24,False,
verified_0076,Maize,Fertilizer,TSP,170,kg/ha,fact,AEZ-1 cropping-pattern recommendation,Bangladesh Agricultural Research Institute (BARI),Fertilizer recommendation for potato-maize-T. Aman cropping pattern in AEZ-1,https://m.baritechnology.org/crops/tech_detail/344,"প্রযুক্তির বিবরণ > উৎপাদন প্রযুক্তি / সারের নাম / সার প্রয়োগ পদ্ধতি, আন্তঃপরিচর্যা ও ফলন",,Official institutional webpage with tabular production data,,Human-curated paraphrase of visible official source content,verified_against_visible_official_source,2026-07-24,False,
verified_0077,Maize,Fertilizer,MoP,216,kg/ha,fact,AEZ-1 cropping-pattern recommendation,Bangladesh Agricultural Research Institute (BARI),Fertilizer recommendation for potato-maize-T. Aman cropping pattern in AEZ-1,https://m.baritechnology.org/crops/tech_detail/344,"প্রযুক্তির বিবরণ > উৎপাদন প্রযুক্তি / সারের নাম / সার প্রয়োগ পদ্ধতি, আন্তঃপরিচর্যা ও ফলন",,Official institutional webpage with tabular production data,,Human-curated paraphrase of visible official source content,verified_against_visible_official_source,2026-07-24,False,
verified_0078,Potato,Fertilizer timing,Urea split,Apply urea in two equal splits at 25 and 45 days after planting; apply other listed fertilizers during final land preparation.,,recommendation,,Bangladesh Agricultural Research Institute (BARI),Fertilizer recommendation for potato-maize-T. Aman cropping pattern in AEZ-1,https://m.baritechnology.org/crops/tech_detail/344,"প্রযুক্তির বিবরণ > উৎপাদন প্রযুক্তি / সারের নাম / সার প্রয়োগ পদ্ধতি, আন্তঃপরিচর্যা ও ফলন",,Official institutional webpage with tabular production data,,Human-curated paraphrase of visible official source content,verified_against_visible_official_source,2026-07-24,False,
verified_0079,Potato,Irrigation,First irrigation/scouting timing,The source schedules weed control and irrigation at 20 days after planting.,,recommendation,,Bangladesh Agricultural Research Institute (BARI),Fertilizer recommendation for potato-maize-T. Aman cropping pattern in AEZ-1,https://m.baritechnology.org/crops/tech_detail/344,"প্রযুক্তির বিবরণ > উৎপাদন প্রযুক্তি / সারের নাম / সার প্রয়োগ পদ্ধতি, আন্তঃপরিচর্যা ও ফলন",,Official institutional webpage with tabular production data,,Human-curated paraphrase of visible official source content,verified_against_visible_official_source,2026-07-24,False,
verified_0080,Potato,Yield,Reported yield,35.3,tonne/ha,fact,,Bangladesh Agricultural Research Institute (BARI),Fertilizer recommendation for potato-maize-T. Aman cropping pattern in AEZ-1,https://m.baritechnology.org/crops/tech_detail/344,"প্রযুক্তির বিবরণ > উৎপাদন প্রযুক্তি / সারের নাম / সার প্রয়োগ পদ্ধতি, আন্তঃপরিচর্যা ও ফলন",,Official institutional webpage with tabular production data,,Human-curated paraphrase of visible official source content,verified_against_visible_official_source,2026-07-24,False,
verified_0081,Potato,Crop duration,Reported duration,80,days,fact,,Bangladesh Agricultural Research Institute (BARI),Fertilizer recommendation for potato-maize-T. Aman cropping pattern in AEZ-1,https://m.baritechnology.org/crops/tech_detail/344,"প্রযুক্তির বিবরণ > উৎপাদন প্রযুক্তি / সারের নাম / সার প্রয়োগ পদ্ধতি, আন্তঃপরিচর্যা ও ফলন",,Official institutional webpage with tabular production data,,Human-curated paraphrase of visible official source content,verified_against_visible_official_source,2026-07-24,False,
verified_0082,Maize,Fertilizer timing,Urea split,Apply urea in two equal instalments at 30 and 60 days after sowing; apply other listed fertilizers at final land preparation.,,recommendation,,Bangladesh Agricultural Research Institute (BARI),Fertilizer recommendation for potato-maize-T. Aman cropping pattern in AEZ-1,https://m.baritechnology.org/crops/tech_detail/344,"প্রযুক্তির বিবরণ > উৎপাদন প্রযুক্তি / সারের নাম / সার প্রয়োগ পদ্ধতি, আন্তঃপরিচর্যা ও ফলন",,Official institutional webpage with tabular production data,,Human-curated paraphrase of visible official source content,verified_against_visible_official_source,2026-07-24,False,
verified_0083,Potato-Maize-T. Aman,Finance,Reported profit improvement over farmer practice,38,percent,fact,Soil-test-based integrated treatment described by the source,Bangladesh Agricultural Research Institute (BARI),Fertilizer recommendation for potato-maize-T. Aman cropping pattern in AEZ-1,https://m.baritechnology.org/crops/tech_detail/344,"প্রযুক্তির বিবরণ > উৎপাদন প্রযুক্তি / সারের নাম / সার প্রয়োগ পদ্ধতি, আন্তঃপরিচর্যা ও ফলন",,Official institutional webpage with tabular production data,,Human-curated paraphrase of visible official source content,verified_against_visible_official_source,2026-07-24,False,
verified_0084,Potato-Vegetable-Jute-Black Gram,Region,Suitable region,"Tangail and areas similar to AEZ-7, AEZ-8, AEZ-9 and AEZ-28",,fact,,Bangladesh Agricultural Research Institute (BARI),Four-crop potato-vegetable-jute-black gram pattern in Tangail,https://m.baritechnology.org/crops/tech_detail/347,প্রযুক্তির বিবরণ > উৎপাদন প্রযুক্তি / সারের নাম / সার প্রয়োগ পদ্ধতি,,Official institutional webpage with tabular production data,,Human-curated paraphrase of visible official source content,verified_against_visible_official_source,2026-07-24,False,
verified_0085,Potato,Planting geometry,Spacing,60 x 25,cm,fact,,Bangladesh Agricultural Research Institute (BARI),Four-crop potato-vegetable-jute-black gram pattern in Tangail,https://m.baritechnology.org/crops/tech_detail/347,প্রযুক্তির বিবরণ > উৎপাদন প্রযুক্তি / সারের নাম / সার প্রয়োগ পদ্ধতি,,Official institutional webpage with tabular production data,,Human-curated paraphrase of visible official source content,verified_against_visible_official_source,2026-07-24,False,
verified_0086,Vegetable,Planting geometry,Spacing,30 x 20,cm,fact,,Bangladesh Agricultural Research Institute (BARI),Four-crop potato-vegetable-jute-black gram pattern in Tangail,https://m.baritechnology.org/crops/tech_detail/347,প্রযুক্তির বিবরণ > উৎপাদন প্রযুক্তি / সারের নাম / সার প্রয়োগ পদ্ধতি,,Official institutional webpage with tabular production data,,Human-curated paraphrase of visible official source content,verified_against_visible_official_source,2026-07-24,False,
verified_0087,Potato,Crop calendar,Planting time,Last week of November,,fact,,Bangladesh Agricultural Research Institute (BARI),Four-crop potato-vegetable-jute-black gram pattern in Tangail,https://m.baritechnology.org/crops/tech_detail/347,প্রযুক্তির বিবরণ > উৎপাদন প্রযুক্তি / সারের নাম / সার প্রয়োগ পদ্ধতি,,Official institutional webpage with tabular production data,,Human-curated paraphrase of visible official source content,verified_against_visible_official_source,2026-07-24,False,
verified_0088,Vegetable,Crop calendar,Planting time,Last week of February,,fact,,Bangladesh Agricultural Research Institute (BARI),Four-crop potato-vegetable-jute-black gram pattern in Tangail,https://m.baritechnology.org/crops/tech_detail/347,প্রযুক্তির বিবরণ > উৎপাদন প্রযুক্তি / সারের নাম / সার প্রয়োগ পদ্ধতি,,Official institutional webpage with tabular production data,,Human-curated paraphrase of visible official source content,verified_against_visible_official_source,2026-07-24,False,
verified_0089,Jute,Crop calendar,Sowing time,Last week of May,,fact,,Bangladesh Agricultural Research Institute (BARI),Four-crop potato-vegetable-jute-black gram pattern in Tangail,https://m.baritechnology.org/crops/tech_detail/347,প্রযুক্তির বিবরণ > উৎপাদন প্রযুক্তি / সারের নাম / সার প্রয়োগ পদ্ধতি,,Official institutional webpage with tabular production data,,Human-curated paraphrase of visible official source content,verified_against_visible_official_source,2026-07-24,False,
verified_0090,Black Gram,Crop calendar,Sowing time,Second week of September,,fact,,Bangladesh Agricultural Research Institute (BARI),Four-crop potato-vegetable-jute-black gram pattern in Tangail,https://m.baritechnology.org/crops/tech_detail/347,প্রযুক্তির বিবরণ > উৎপাদন প্রযুক্তি / সারের নাম / সার প্রয়োগ পদ্ধতি,,Official institutional webpage with tabular production data,,Human-curated paraphrase of visible official source content,verified_against_visible_official_source,2026-07-24,False,
verified_0091,Potato,Fertilizer,Urea,240,kg/ha,fact,Tangail cropping-pattern recommendation,Bangladesh Agricultural Research Institute (BARI),Four-crop potato-vegetable-jute-black gram pattern in Tangail,https://m.baritechnology.org/crops/tech_detail/347,প্রযুক্তির বিবরণ > উৎপাদন প্রযুক্তি / সারের নাম / সার প্রয়োগ পদ্ধতি,,Official institutional webpage with tabular production data,,Human-curated paraphrase of visible official source content,verified_against_visible_official_source,2026-07-24,False,
verified_0092,Potato,Fertilizer,TSP,130,kg/ha,fact,Tangail cropping-pattern recommendation,Bangladesh Agricultural Research Institute (BARI),Four-crop potato-vegetable-jute-black gram pattern in Tangail,https://m.baritechnology.org/crops/tech_detail/347,প্রযুক্তির বিবরণ > উৎপাদন প্রযুক্তি / সারের নাম / সার প্রয়োগ পদ্ধতি,,Official institutional webpage with tabular production data,,Human-curated paraphrase of visible official source content,verified_against_visible_official_source,2026-07-24,False,
verified_0093,Potato,Fertilizer,MoP,250,kg/ha,fact,Tangail cropping-pattern recommendation,Bangladesh Agricultural Research Institute (BARI),Four-crop potato-vegetable-jute-black gram pattern in Tangail,https://m.baritechnology.org/crops/tech_detail/347,প্রযুক্তির বিবরণ > উৎপাদন প্রযুক্তি / সারের নাম / সার প্রয়োগ পদ্ধতি,,Official institutional webpage with tabular production data,,Human-curated paraphrase of visible official source content,verified_against_visible_official_source,2026-07-24,False,
verified_0094,Potato,Fertilizer timing,Urea split,Apply urea in two equal splits at 25 and 45 days after planting; apply other listed fertilizers during final land preparation.,,recommendation,,Bangladesh Agricultural Research Institute (BARI),Four-crop potato-vegetable-jute-black gram pattern in Tangail,https://m.baritechnology.org/crops/tech_detail/347,প্রযুক্তির বিবরণ > উৎপাদন প্রযুক্তি / সারের নাম / সার প্রয়োগ পদ্ধতি,,Official institutional webpage with tabular production data,,Human-curated paraphrase of visible official source content,verified_against_visible_official_source,2026-07-24,False,
verified_0095,Potato-Vegetable-Jute-Black Gram,Yield response,Reported potato-equivalent yield increase over the farmer pattern,61,percent,fact,,Bangladesh Agricultural Research Institute (BARI),Four-crop potato-vegetable-jute-black gram pattern in Tangail,https://m.baritechnology.org/crops/tech_detail/347,প্রযুক্তির বিবরণ > উৎপাদন প্রযুক্তি / সারের নাম / সার প্রয়োগ পদ্ধতি,,Official institutional webpage with tabular production data,,Human-curated paraphrase of visible official source content,verified_against_visible_official_source,2026-07-24,False,
verified_0096,Garlic-Maize-T. Aman,Region,Suitable region,"Rangpur, Kurigram, Gaibandha and Nilphamari; AEZ-3 context",,fact,,Bangladesh Agricultural Research Institute (BARI),Garlic/maize-T. Aman cropping pattern,https://m.baritechnology.org/crops/tech_detail/355,প্রযুক্তির বিবরণ > উৎপাদন প্রযুক্তি / সারের নাম,,Official institutional webpage with tabular production data,,Human-curated paraphrase of visible official source content,verified_against_visible_official_source,2026-07-24,False,
verified_0097,Garlic,Variety,Recommended variety,BARI Garlic-1,,fact,,Bangladesh Agricultural Research Institute (BARI),Garlic/maize-T. Aman cropping pattern,https://m.baritechnology.org/crops/tech_detail/355,প্রযুক্তির বিবরণ > উৎপাদন প্রযুক্তি / সারের নাম,,Official institutional webpage with tabular production data,,Human-curated paraphrase of visible official source content,verified_against_visible_official_source,2026-07-24,False,
verified_0098,Maize,Variety,Recommended variety,NK-40,,fact,,Bangladesh Agricultural Research Institute (BARI),Garlic/maize-T. Aman cropping pattern,https://m.baritechnology.org/crops/tech_detail/355,প্রযুক্তির বিবরণ > উৎপাদন প্রযুক্তি / সারের নাম,,Official institutional webpage with tabular production data,,Human-curated paraphrase of visible official source content,verified_against_visible_official_source,2026-07-24,False,
verified_0099,T. Aman Rice,Variety,Recommended variety,BRRI dhan49,,fact,,Bangladesh Agricultural Research Institute (BARI),Garlic/maize-T. Aman cropping pattern,https://m.baritechnology.org/crops/tech_detail/355,প্রযুক্তির বিবরণ > উৎপাদন প্রযুক্তি / সারের নাম,,Official institutional webpage with tabular production data,,Human-curated paraphrase of visible official source content,verified_against_visible_official_source,2026-07-24,False,
verified_0100,Garlic,Seed,Seed rate,250,kg/ha,fact,,Bangladesh Agricultural Research Institute (BARI),Garlic/maize-T. Aman cropping pattern,https://m.baritechnology.org/crops/tech_detail/355,প্রযুক্তির বিবরণ > উৎপাদন প্রযুক্তি / সারের নাম,,Official institutional webpage with tabular production data,,Human-curated paraphrase of visible official source content,verified_against_visible_official_source,2026-07-24,False,
verified_0101,Maize,Seed,Seed rate,20,kg/ha,fact,,Bangladesh Agricultural Research Institute (BARI),Garlic/maize-T. Aman cropping pattern,https://m.baritechnology.org/crops/tech_detail/355,প্রযুক্তির বিবরণ > উৎপাদন প্রযুক্তি / সারের নাম,,Official institutional webpage with tabular production data,,Human-curated paraphrase of visible official source content,verified_against_visible_official_source,2026-07-24,False,
verified_0102,T. Aman Rice,Seed,Seed rate,30,kg/ha,fact,,Bangladesh Agricultural Research Institute (BARI),Garlic/maize-T. Aman cropping pattern,https://m.baritechnology.org/crops/tech_detail/355,প্রযুক্তির বিবরণ > উৎপাদন প্রযুক্তি / সারের নাম,,Official institutional webpage with tabular production data,,Human-curated paraphrase of visible official source content,verified_against_visible_official_source,2026-07-24,False,
verified_0103,Garlic,Crop calendar,Planting time,Second week of December,,fact,,Bangladesh Agricultural Research Institute (BARI),Garlic/maize-T. Aman cropping pattern,https://m.baritechnology.org/crops/tech_detail/355,প্রযুক্তির বিবরণ > উৎপাদন প্রযুক্তি / সারের নাম,,Official institutional webpage with tabular production data,,Human-curated paraphrase of visible official source content,verified_against_visible_official_source,2026-07-24,False,
verified_0104,Maize,Crop calendar,Planting time,Third week of January,,fact,,Bangladesh Agricultural Research Institute (BARI),Garlic/maize-T. Aman cropping pattern,https://m.baritechnology.org/crops/tech_detail/355,প্রযুক্তির বিবরণ > উৎপাদন প্রযুক্তি / সারের নাম,,Official institutional webpage with tabular production data,,Human-curated paraphrase of visible official source content,verified_against_visible_official_source,2026-07-24,False,
verified_0105,T. Aman Rice,Crop calendar,Transplanting time,Third week of July,,fact,,Bangladesh Agricultural Research Institute (BARI),Garlic/maize-T. Aman cropping pattern,https://m.baritechnology.org/crops/tech_detail/355,প্রযুক্তির বিবরণ > উৎপাদন প্রযুক্তি / সারের নাম,,Official institutional webpage with tabular production data,,Human-curated paraphrase of visible official source content,verified_against_visible_official_source,2026-07-24,False,
verified_0106,Maize,Fertilizer,Urea,435,kg/ha,fact,Cropping-pattern table,Bangladesh Agricultural Research Institute (BARI),Garlic/maize-T. Aman cropping pattern,https://m.baritechnology.org/crops/tech_detail/355,প্রযুক্তির বিবরণ > উৎপাদন প্রযুক্তি / সারের নাম,,Official institutional webpage with tabular production data,,Human-curated paraphrase of visible official source content,verified_against_visible_official_source,2026-07-24,False,
verified_0107,Maize,Fertilizer,TSP,225,kg/ha,fact,Cropping-pattern table,Bangladesh Agricultural Research Institute (BARI),Garlic/maize-T. Aman cropping pattern,https://m.baritechnology.org/crops/tech_detail/355,প্রযুক্তির বিবরণ > উৎপাদন প্রযুক্তি / সারের নাম,,Official institutional webpage with tabular production data,,Human-curated paraphrase of visible official source content,verified_against_visible_official_source,2026-07-24,False,
verified_0108,Maize,Fertilizer,MoP,180,kg/ha,fact,Cropping-pattern table,Bangladesh Agricultural Research Institute (BARI),Garlic/maize-T. Aman cropping pattern,https://m.baritechnology.org/crops/tech_detail/355,প্রযুক্তির বিবরণ > উৎপাদন প্রযুক্তি / সারের নাম,,Official institutional webpage with tabular production data,,Human-curated paraphrase of visible official source content,verified_against_visible_official_source,2026-07-24,False,
verified_0109,Garlic-Maize-T. Aman,Yield response,Reported rice-equivalent yield increase,217,percent,fact,,Bangladesh Agricultural Research Institute (BARI),Garlic/maize-T. Aman cropping pattern,https://m.baritechnology.org/crops/tech_detail/355,প্রযুক্তির বিবরণ > উৎপাদন প্রযুক্তি / সারের নাম,,Official institutional webpage with tabular production data,,Human-curated paraphrase of visible official source content,verified_against_visible_official_source,2026-07-24,False,
verified_0110,T. Aman Rice,Crop calendar,Transplanting and harvest window,Transplant in the last week of July and harvest in the third week of October,,fact,,Bangladesh Agricultural Research Institute (BARI),T. Aman-potato-Boro-T. Aus cropping calendar,https://baritechnology.org/m/crops/tech_detail/224,ফসল ধারায় অন্তর্ভুক্ত ফসলের নাম ও চাষের সময়,,Official institutional webpage with crop calendar table,,Human-curated paraphrase of visible official source content,verified_against_visible_official_source,2026-07-24,False,
verified_0111,T. Aman Rice,Crop duration,Reported duration,90,days,fact,,Bangladesh Agricultural Research Institute (BARI),T. Aman-potato-Boro-T. Aus cropping calendar,https://baritechnology.org/m/crops/tech_detail/224,ফসল ধারায় অন্তর্ভুক্ত ফসলের নাম ও চাষের সময়,,Official institutional webpage with crop calendar table,,Human-curated paraphrase of visible official source content,verified_against_visible_official_source,2026-07-24,False,
verified_0112,Potato,Crop calendar,Planting-to-harvest window,Last week of October to third week of January,,fact,,Bangladesh Agricultural Research Institute (BARI),T. Aman-potato-Boro-T. Aus cropping calendar,https://baritechnology.org/m/crops/tech_detail/224,ফসল ধারায় অন্তর্ভুক্ত ফসলের নাম ও চাষের সময়,,Official institutional webpage with crop calendar table,,Human-curated paraphrase of visible official source content,verified_against_visible_official_source,2026-07-24,False,
verified_0113,Potato,Crop duration,Reported duration,80,days,fact,,Bangladesh Agricultural Research Institute (BARI),T. Aman-potato-Boro-T. Aus cropping calendar,https://baritechnology.org/m/crops/tech_detail/224,ফসল ধারায় অন্তর্ভুক্ত ফসলের নাম ও চাষের সময়,,Official institutional webpage with crop calendar table,,Human-curated paraphrase of visible official source content,verified_against_visible_official_source,2026-07-24,False,
verified_0114,Boro Rice,Crop calendar,Transplanting and harvest window,Transplant in the last week of January and harvest in the first week of May,,fact,,Bangladesh Agricultural Research Institute (BARI),T. Aman-potato-Boro-T. Aus cropping calendar,https://baritechnology.org/m/crops/tech_detail/224,ফসল ধারায় অন্তর্ভুক্ত ফসলের নাম ও চাষের সময়,,Official institutional webpage with crop calendar table,,Human-curated paraphrase of visible official source content,verified_against_visible_official_source,2026-07-24,False,
verified_0115,Boro Rice,Crop duration,Reported duration,100,days,fact,,Bangladesh Agricultural Research Institute (BARI),T. Aman-potato-Boro-T. Aus cropping calendar,https://baritechnology.org/m/crops/tech_detail/224,ফসল ধারায় অন্তর্ভুক্ত ফসলের নাম ও চাষের সময়,,Official institutional webpage with crop calendar table,,Human-curated paraphrase of visible official source content,verified_against_visible_official_source,2026-07-24,False,
verified_0116,T. Aus Rice,Crop calendar,Transplanting and harvest window,Transplant in the second week of May and harvest in the third week of July,,fact,,Bangladesh Agricultural Research Institute (BARI),T. Aman-potato-Boro-T. Aus cropping calendar,https://baritechnology.org/m/crops/tech_detail/224,ফসল ধারায় অন্তর্ভুক্ত ফসলের নাম ও চাষের সময়,,Official institutional webpage with crop calendar table,,Human-curated paraphrase of visible official source content,verified_against_visible_official_source,2026-07-24,False,
verified_0117,T. Aus Rice,Crop duration,Reported duration,70,days,fact,,Bangladesh Agricultural Research Institute (BARI),T. Aman-potato-Boro-T. Aus cropping calendar,https://baritechnology.org/m/crops/tech_detail/224,ফসল ধারায় অন্তর্ভুক্ত ফসলের নাম ও চাষের সময়,,Official institutional webpage with crop calendar table,,Human-curated paraphrase of visible official source content,verified_against_visible_official_source,2026-07-24,False,
verified_0118,Rice,Variety database,Total released BRRI varieties listed,127,varieties,fact,,Bangladesh Rice Research Institute (BRRI),Released rice varieties of BRRI,https://brri.gov.bd/site/page/6952c1d9-af2c-404c-a2e7-f7eb5c1cae92/Released-Rice-Variety-of-BRRI,ব্রি উদ্ভাবিত ধানের জাতসমূহ,,Official institutional webpage,,Human-curated paraphrase of visible official source content,verified_against_visible_official_source,2026-07-24,False,
verified_0119,Rice,Variety database,Available official variety category,Aus varieties,,fact,,Bangladesh Rice Research Institute (BRRI),Released rice varieties of BRRI,https://brri.gov.bd/site/page/6952c1d9-af2c-404c-a2e7-f7eb5c1cae92/Released-Rice-Variety-of-BRRI,ব্রি উদ্ভাবিত ধানের জাতসমূহ,,Official institutional webpage,,Human-curated paraphrase of visible official source content,verified_against_visible_official_source,2026-07-24,False,
verified_0120,Rice,Variety database,Available official variety category,Aman varieties,,fact,,Bangladesh Rice Research Institute (BRRI),Released rice varieties of BRRI,https://brri.gov.bd/site/page/6952c1d9-af2c-404c-a2e7-f7eb5c1cae92/Released-Rice-Variety-of-BRRI,ব্রি উদ্ভাবিত ধানের জাতসমূহ,,Official institutional webpage,,Human-curated paraphrase of visible official source content,verified_against_visible_official_source,2026-07-24,False,
verified_0121,Rice,Variety database,Available official variety category,Boro varieties,,fact,,Bangladesh Rice Research Institute (BRRI),Released rice varieties of BRRI,https://brri.gov.bd/site/page/6952c1d9-af2c-404c-a2e7-f7eb5c1cae92/Released-Rice-Variety-of-BRRI,ব্রি উদ্ভাবিত ধানের জাতসমূহ,,Official institutional webpage,,Human-curated paraphrase of visible official source content,verified_against_visible_official_source,2026-07-24,False,
verified_0122,Rice,Variety database,Available official variety category,Low glycaemic-index varieties,,fact,,Bangladesh Rice Research Institute (BRRI),Released rice varieties of BRRI,https://brri.gov.bd/site/page/6952c1d9-af2c-404c-a2e7-f7eb5c1cae92/Released-Rice-Variety-of-BRRI,ব্রি উদ্ভাবিত ধানের জাতসমূহ,,Official institutional webpage,,Human-curated paraphrase of visible official source content,verified_against_visible_official_source,2026-07-24,False,
verified_0123,Rice,Variety database,Available official variety category,Hybrid rice varieties,,fact,,Bangladesh Rice Research Institute (BRRI),Released rice varieties of BRRI,https://brri.gov.bd/site/page/6952c1d9-af2c-404c-a2e7-f7eb5c1cae92/Released-Rice-Variety-of-BRRI,ব্রি উদ্ভাবিত ধানের জাতসমূহ,,Official institutional webpage,,Human-curated paraphrase of visible official source content,verified_against_visible_official_source,2026-07-24,False,
verified_0124,Rice,Variety database,Available official variety category,Zinc-enriched varieties,,fact,,Bangladesh Rice Research Institute (BRRI),Released rice varieties of BRRI,https://brri.gov.bd/site/page/6952c1d9-af2c-404c-a2e7-f7eb5c1cae92/Released-Rice-Variety-of-BRRI,ব্রি উদ্ভাবিত ধানের জাতসমূহ,,Official institutional webpage,,Human-curated paraphrase of visible official source content,verified_against_visible_official_source,2026-07-24,False,
verified_0125,Rice,Variety database,Available official variety category,Drought-tolerant varieties,,fact,,Bangladesh Rice Research Institute (BRRI),Released rice varieties of BRRI,https://brri.gov.bd/site/page/6952c1d9-af2c-404c-a2e7-f7eb5c1cae92/Released-Rice-Variety-of-BRRI,ব্রি উদ্ভাবিত ধানের জাতসমূহ,,Official institutional webpage,,Human-curated paraphrase of visible official source content,verified_against_visible_official_source,2026-07-24,False,
verified_0126,Rice,Variety database,Available official variety category,Submergence-tolerant varieties,,fact,,Bangladesh Rice Research Institute (BRRI),Released rice varieties of BRRI,https://brri.gov.bd/site/page/6952c1d9-af2c-404c-a2e7-f7eb5c1cae92/Released-Rice-Variety-of-BRRI,ব্রি উদ্ভাবিত ধানের জাতসমূহ,,Official institutional webpage,,Human-curated paraphrase of visible official source content,verified_against_visible_official_source,2026-07-24,False,
verified_0127,Rice,Variety database,Available official variety category,Antioxidant-enriched varieties,,fact,,Bangladesh Rice Research Institute (BRRI),Released rice varieties of BRRI,https://brri.gov.bd/site/page/6952c1d9-af2c-404c-a2e7-f7eb5c1cae92/Released-Rice-Variety-of-BRRI,ব্রি উদ্ভাবিত ধানের জাতসমূহ,,Official institutional webpage,,Human-curated paraphrase of visible official source content,verified_against_visible_official_source,2026-07-24,False,
verified_0128,All irrigated crops,Irrigation methodology,Irrigation water need formula,Crop water need minus effective rainfall,,formula,,Food and Agriculture Organization of the United Nations (FAO),Irrigation Water Needs,https://www.fao.org/4/s2022e/s2022e04.htm,Chapter 4: Irrigation Water Needs,,Official technical manual webpage,,Human-curated paraphrase of visible official source content,verified_against_visible_official_source,2026-07-24,False,
verified_0129,All irrigated crops,Irrigation methodology,Recommended calculation time step,Usually calculated monthly in the cited manual,,fact,,Food and Agriculture Organization of the United Nations (FAO),Irrigation Water Needs,https://www.fao.org/4/s2022e/s2022e04.htm,Chapter 4: Irrigation Water Needs,,Official technical manual webpage,,Human-curated paraphrase of visible official source content,verified_against_visible_official_source,2026-07-24,False,
verified_0130,All irrigated crops,Irrigation methodology,Water-need unit,Millimetres of water per time unit,,fact,,Food and Agriculture Organization of the United Nations (FAO),Irrigation Water Needs,https://www.fao.org/4/s2022e/s2022e04.htm,Chapter 4: Irrigation Water Needs,,Official technical manual webpage,,Human-curated paraphrase of visible official source content,verified_against_visible_official_source,2026-07-24,False,
verified_0131,All crops,Crop water requirement,Primary determinant 1,Climate,,fact,,Food and Agriculture Organization of the United Nations (FAO),Crop Water Needs,https://www.fao.org/4/s2022e/s2022e05.htm,"Part II, Chapter 1: Introduction",,Official technical manual webpage,,Human-curated paraphrase of visible official source content,verified_against_visible_official_source,2026-07-24,False,
verified_0132,All crops,Crop water requirement,Primary determinant 2,Crop type,,fact,,Food and Agriculture Organization of the United Nations (FAO),Crop Water Needs,https://www.fao.org/4/s2022e/s2022e05.htm,"Part II, Chapter 1: Introduction",,Official technical manual webpage,,Human-curated paraphrase of visible official source content,verified_against_visible_official_source,2026-07-24,False,
verified_0133,All crops,Crop water requirement,Primary determinant 3,Crop growth stage,,fact,,Food and Agriculture Organization of the United Nations (FAO),Crop Water Needs,https://www.fao.org/4/s2022e/s2022e05.htm,"Part II, Chapter 1: Introduction",,Official technical manual webpage,,Human-curated paraphrase of visible official source content,verified_against_visible_official_source,2026-07-24,False,
verified_0134,All crops,Water supply,Possible water sources,"Rainfall, irrigation, or a combination of both",,fact,,Food and Agriculture Organization of the United Nations (FAO),Crop Water Needs,https://www.fao.org/4/s2022e/s2022e05.htm,"Part II, Chapter 1: Introduction",,Official technical manual webpage,,Human-curated paraphrase of visible official source content,verified_against_visible_official_source,2026-07-24,False,
verified_0135,All non-rice irrigated crops,Irrigation scheduling,Early-season scheduling principle,Young shallow-rooted crops generally receive smaller irrigation depths more frequently.,,fact,,Food and Agriculture Organization of the United Nations (FAO),Determination of the Irrigation Schedule for Crops Other Than Rice,https://www.fao.org/4/T7202E/t7202e06.htm,"Chapter 3, Sections 3.1-3.3",,Official technical manual webpage with example table,,Human-curated paraphrase of visible official source content,verified_against_visible_official_source,2026-07-24,False,
verified_0136,All non-rice irrigated crops,Irrigation scheduling,Mid-season scheduling principle,"At maximum root depth and higher evapotranspiration, irrigation depth generally increases and applications may be less frequent.",,fact,,Food and Agriculture Organization of the United Nations (FAO),Determination of the Irrigation Schedule for Crops Other Than Rice,https://www.fao.org/4/T7202E/t7202e06.htm,"Chapter 3, Sections 3.1-3.3",,Official technical manual webpage with example table,,Human-curated paraphrase of visible official source content,verified_against_visible_official_source,2026-07-24,False,
verified_0137,All non-rice irrigated crops,Soil water,Relative available-water content,Sand: low; loam: medium; clay: high,,fact,,Food and Agriculture Organization of the United Nations (FAO),Determination of the Irrigation Schedule for Crops Other Than Rice,https://www.fao.org/4/T7202E/t7202e06.htm,"Chapter 3, Sections 3.1-3.3",,Official technical manual webpage with example table,,Human-curated paraphrase of visible official source content,verified_against_visible_official_source,2026-07-24,False,
verified_0138,All non-rice irrigated crops,Irrigation scheduling,Rainfall adjustment,Daily rainfall measurement can be used to adjust the accumulated water deficit and irrigation timing.,,fact,,Food and Agriculture Organization of the United Nations (FAO),Determination of the Irrigation Schedule for Crops Other Than Rice,https://www.fao.org/4/T7202E/t7202e06.htm,"Chapter 3, Sections 3.1-3.3",,Official technical manual webpage with example table,,Human-curated paraphrase of visible official source content,verified_against_visible_official_source,2026-07-24,False,
verified_0139,All irrigated crops,Evapotranspiration,Crop evapotranspiration formula,ETc = Kc x ETo,,formula,,FAO AQUASTAT,Irrigation Water Requirement,https://www.fao.org/aquastat/en/data-analysis/irrig-water-use/irrig-water-requirement/,Crop water requirement,,Official database methodology webpage,,Human-curated paraphrase of visible official source content,verified_against_visible_official_source,2026-07-24,False,
verified_0140,Wheat in Bangladesh,Crop coefficient,Initial phase Kc,0.4,dimensionless,fact,December,FAO AQUASTAT,Irrigation Water Requirement,https://www.fao.org/aquastat/en/data-analysis/irrig-water-use/irrig-water-requirement/,Crop water requirement,,Official database methodology webpage,,Human-curated paraphrase of visible official source content,verified_against_visible_official_source,2026-07-24,False,
verified_0141,Wheat in Bangladesh,Crop coefficient,Development phase Kc,0.8,dimensionless,fact,January,FAO AQUASTAT,Irrigation Water Requirement,https://www.fao.org/aquastat/en/data-analysis/irrig-water-use/irrig-water-requirement/,Crop water requirement,,Official database methodology webpage,,Human-curated paraphrase of visible official source content,verified_against_visible_official_source,2026-07-24,False,
verified_0142,Wheat in Bangladesh,Crop coefficient,Mid-season Kc,1.15,dimensionless,fact,February-March,FAO AQUASTAT,Irrigation Water Requirement,https://www.fao.org/aquastat/en/data-analysis/irrig-water-use/irrig-water-requirement/,Crop water requirement,,Official database methodology webpage,,Human-curated paraphrase of visible official source content,verified_against_visible_official_source,2026-07-24,False,
verified_0143,Wheat in Bangladesh,Crop coefficient,Late-season Kc,0.3,dimensionless,fact,April,FAO AQUASTAT,Irrigation Water Requirement,https://www.fao.org/aquastat/en/data-analysis/irrig-water-use/irrig-water-requirement/,Crop water requirement,,Official database methodology webpage,,Human-curated paraphrase of visible official source content,verified_against_visible_official_source,2026-07-24,False,
verified_0144,Rice in Bangladesh,Irrigated crop calendar,Rice cycle 1,July to November,,fact,,FAO AQUASTAT,Irrigated Crop Calendars,https://www.fao.org/aquastat/en/data-analysis/irrig-water-use/irrigated-crop-calendars/index.html,Irrigated crop calendars > Bangladesh example,,Official database webpage with calendar table,,Human-curated paraphrase of visible official source content,verified_against_visible_official_source,2026-07-24,False,
verified_0145,Rice in Bangladesh,Irrigated crop calendar,Rice cycle 2,December to April,,fact,,FAO AQUASTAT,Irrigated Crop Calendars,https://www.fao.org/aquastat/en/data-analysis/irrig-water-use/irrigated-crop-calendars/index.html,Irrigated crop calendars > Bangladesh example,,Official database webpage with calendar table,,Human-curated paraphrase of visible official source content,verified_against_visible_official_source,2026-07-24,False,
verified_0146,All irrigated crops,Irrigation database,Calendar data fields,"Area equipped for irrigation, area actually irrigated, harvested irrigated crop area, crop-specific irrigated area and monthly occupancy",,fact,,FAO AQUASTAT,Irrigated Crop Calendars,https://www.fao.org/aquastat/en/data-analysis/irrig-water-use/irrigated-crop-calendars/index.html,Irrigated crop calendars > Bangladesh example,,Official database webpage with calendar table,,Human-curated paraphrase of visible official source content,verified_against_visible_official_source,2026-07-24,False,
verified_0147,Wheat–Mungbean–T. Aman Rice,Cropping pattern,Improved pattern,Wheat–mungbean–T. Aman rice,,text,,Bangladesh Agricultural Research Institute (BARI),ফসল বিন্যাসের ফলন বৃদ্ধি ও মৃত্তিকার ভৌতগুণাবলী উন্নয়নের জন্য সংরক্ষিত কর্ষণ ও শস্যের অবশেষ ব্যবহার,https://m.baritechnology.org/crops/tech_detail/293,প্রযুক্তির বিবরণ > conservation tillage depth and crop-residue system > fertilizer application,,Official webpage/table,,direct structured extraction,verified_against_visible_official_source,2026-07-24,False,
verified_0148,Cabbage,Nutrient management,Possible reduction in inorganic fertilizer,20,percent,text,,Bangladesh Agricultural Research Institute (BARI),কেঁচো সার ও রাসায়নিক সারের সমন্বিত প্রয়োগে বাঁধাকপি উৎপাদন,https://baritechnology.org/m/crops/tech_detail/297,প্রযুক্তির বিবরণ > fertilizer description > application method > crop care,,Official webpage/table,,direct structured extraction,verified_against_visible_official_source,2026-07-24,False,
verified_0149,Tomato,Region,Agro-ecological zone,AEZ-28,,text,,Bangladesh Agricultural Research Institute (BARI),জিংক ও বোরন সার পাতায় সিঞ্চণ প্রয়োগে টমেটো চাষ,https://baritechnology.org/m/crops/tech_detail/300,প্রযুক্তির বিবরণ > অঞ্চল/মাটি/বীজ > sowing/transplanting > fertilizer table > foliar application,,Official webpage/table,,direct structured extraction,verified_against_visible_official_source,2026-07-24,False,
verified_0150,Tomato,Variety,Recommended variety,BARI Tomato-14,,text,,Bangladesh Agricultural Research Institute (BARI),টমেটো উৎপাদনে আরবাস্কুলার মাইকোরাইজা ও ফসফরাসের ব্যবহার,https://baritechnology.org/m/crops/tech_detail/304,প্রযুক্তির বিবরণ > production technology table > fertilizer rate and method,,Official webpage/table,,direct structured extraction,verified_against_visible_official_source,2026-07-24,False,
verified_0151,Mango,Pruning,Post-harvest pruning time,August,,text,,Bangladesh Agricultural Research Institute (BARI),আমের ফুল ও ফল ঝরা রোধে টেকসই ব্যবস্থাপনা,https://baritechnology.org/m/crops/tech_detail/322,প্রযুক্তির বিবরণ > seasonal management > age-based fertilizer table > application method,,Official webpage/table,,direct structured extraction,verified_against_visible_official_source,2026-07-24,False,
verified_0152,Bt Brinjal,Variety,Recommended varieties — full list,BARI Bt Begun-1; BARI Bt Begun-2; BARI Bt Begun-4,,list,,Bangladesh Agricultural Research Institute (BARI),বিটি বেগুনের উন্নত উৎপাদন প্রযুক্তি,https://baritechnology.org/m/crops/tech_detail/333,"প্রযুক্তির বিবরণ > varieties/seedlings > soil and planting > irrigation, harvest, yield and finance",,Official webpage/table,,direct structured extraction of source list,verified_against_visible_official_source,2026-07-24,False,
verified_0153,Brinjal,Variety,Recommended variety,BARI Begun-10 or another brinjal variety,,text,,Bangladesh Agricultural Research Institute (BARI),আন্তঃফসল হিসাবে বেগুনের সাথে ঝাড়শীমের চাষ,https://baritechnology.org/m/crops/tech_detail/334,"প্রযুক্তির বিবরণ > varieties and seed rate > soil and planting > harvest, yield and finance",,Official webpage/table,,direct structured extraction,verified_against_visible_official_source,2026-07-24,False,
verified_0154,Cropping system,Crop sequence,Crops — full list,Potato; Onion; Maize; T. Aman Rice,,list,,Bangladesh Agricultural Research Institute (BARI),উঁচু গঙ্গাবাহিত প্লাবন ভূমিতে আলু-পেঁয়াজ/ভুট্টা-রোপাআমন ধান ফসল ধারায় সার সুপারিশমালা,https://baritechnology.org/m/crops/tech_detail/346,"প্রযুক্তির বিবরণ > crop sequence, seed rate and fertilizer table > management and yield",,Official webpage/table,,direct structured extraction of source list,verified_against_visible_official_source,2026-07-24,False,
verified_0155,Cropping system,Yield comparison,Improved rice-equivalent yield,25.65,tonne/ha,text,,Bangladesh Agricultural Research Institute (BARI),পেঁয়াজ/মুগডাল-পাট-রোপা আমন ধান: কুড়িগ্রাম অঞ্চলের একটি চার ফসল ভিত্তিক উন্নত ফসল বিন্যাস,https://baritechnology.org/m/crops/tech_detail/348,"প্রযুক্তির বিবরণ > fertilizer table > management, harvest and yield",,Official webpage/table,,direct structured extraction,verified_against_visible_official_source,2026-07-24,False,
verified_0156,Cropping system,Cropping pattern,Improved pattern,T. Aman rice–mustard–mungbean,,text,,Bangladesh Agricultural Research Institute (BARI),খুলনার উপকূলীয় অঞ্চলে রোপাআমন-সরিষা-মুগডাল একটি উন্নত ফসল ধারা,https://baritechnology.org/m/crops/tech_detail/349,"প্রযুক্তির বিবরণ > উৎপাদন প্রযুক্তি > সারের নাম table > সার প্রয়োগ পদ্ধতি, আন্তঃপরিচর্যা ও ফলন",,Official webpage/table,,direct structured extraction,verified_against_visible_official_source,2026-07-24,False,
verified_0157,Garlic and Groundnut,Region,Suitable area,Bogura char area including Sariakandi,,text,,Bangladesh Agricultural Research Institute (BARI),বগুড়ার চরাঞ্চলে রসুনের সাথে চীনাবাদামের আন্তঃফসল চাষ একটি লাভজনক প্রযুক্তি,https://baritechnology.org/m/crops/tech_detail/350,"প্রযুক্তির বিবরণ > fertilizer table > management > harvest, yield and finance",,Official webpage/table,,direct structured extraction,verified_against_visible_official_source,2026-07-24,False,
verified_0158,Cropping system,Cropping intensity,Regional baseline,200,percent,text,,Bangladesh Agricultural Research Institute (BARI),সরিষা-বোরো ধান-পাট-রোপা আমন ধান: টাংগাইল অঞ্চলের একটি অধিক উৎপাদনশীল ফসল বিন্যাস,https://m.baritechnology.org/crops/tech_detail/353,প্রযুক্তির বিবরণ > system comparison > varieties and seed rates > fertilizer table,,Official webpage/table,,direct structured extraction,verified_against_visible_official_source,2026-07-24,False,
verified_0159,Wheat,Fertilizer,Urea,206,kg/ha,number,Wheat–T. Aman cropping system table; source display labels gypsum inconsistently,Bangladesh Agricultural Research Institute (BARI),গম-রোপা আমন ধান ফসল ধারার সার ও সেচ ব্যবস্থাপনা,https://baritechnology.org/m/crops/tech_detail/357,প্রযুক্তির বিবরণ > fertilizer table > fertilizer timing and irrigation,,Official webpage/table,Urea: 206,direct structured extraction,verified_against_visible_official_source,2026-07-24,False,
verified_0160,Coconut,Fertilizer timing,Annual application windows — full list,September/October; April/May,,list,,Bangladesh Agricultural Research Institute (BARI),নারিকেলের সমন্বিত ফসল ব্যবস্থাপনা,https://baritechnology.org/m/crops/tech_detail/456,প্রযুক্তির বিবরণ > fertilizer timing and sanitation > pest and disease management,,Official webpage/table,,direct structured extraction of source list,verified_against_visible_official_source,2026-07-24,False,
verified_0161,Maize,Variety,Recommended variety,BARI Hybrid Maize-9 or another hybrid,,text,,Bangladesh Agricultural Research Institute (BARI),আন্তঃফসল হিসাবে ভুট্টার সাথে খাটো জাতের বরবটির চাষ,https://baritechnology.org/m/crops/tech_detail/502,প্রযুক্তির বিবরণ > crop/variety/area > sowing and harvest > fertilizer management > yield,,Official webpage/table,,direct structured extraction,verified_against_visible_official_source,2026-07-24,False,
verified_0162,Onion,Variety,Recommended variety,BARI Piaz-4,,text,,Bangladesh Agricultural Research Institute (BARI),পেঁয়াজ চাষে সমন্বিত আগাছা ব্যবস্থাপনা,https://baritechnology.org/m/crops/tech_detail/506,প্রযুক্তির বিবরণ > variety/area > planting and harvest > fertilizer rate and application,,Official webpage/table,,direct structured extraction,verified_against_visible_official_source,2026-07-24,False,
verified_0163,Chia,Nutritional composition,Protein — reported range,15-25,percent,range,,Bangladesh Agricultural Research Institute (BARI),চিয়া চাষে কৃষিতাত্ত্বিক ব্যবস্থাপনা,https://baritechnology.org/m/crops/tech_detail/518,প্রযুক্তির বিবরণ > nutrient composition > fertilizer description > planting method > suitability,,Official webpage/table,,direct structured extraction of source-reported range,verified_against_visible_official_source,2026-07-24,False,
verified_0164,BR1,Season classification,Rice season,Aus,,text,,Bangladesh Rice Research Institute (BRRI),আউশ ধানের জাত,https://brri.gov.bd/site/page/51edd399-1ba3-4f9c-bf82-125d681b8ff8/আউশ-ধানের-জাত,আউশ ধানের জাত > variety download list,,Official webpage/table,,direct structured extraction,verified_against_visible_official_source,2026-07-24,False,
verified_0165,BRRI dhan115,Season classification,Rice season,Boro,,text,,Bangladesh Rice Research Institute (BRRI),ব্রি উদ্ভাবিত নতুন বোরো ধানের জাতসমূহ,https://brri.gov.bd/pages/static-pages/699d278d0517136ccaa33510,নতুন বোরো ধানের জাতসমূহ table,,Official webpage/table,,direct structured extraction,verified_against_visible_official_source,2026-07-24,False,
verified_0166,Rice,Release history,Varieties released in 2025,BRRI dhan109; BRRI dhan110; BRRI dhan111; BRRI dhan112; BRRI dhan113; BRRI dhan114,,list,,Bangladesh Rice Research Institute (BRRI),বিগত বছরে ব্রির উদ্ভাবিত ধানের জাতসমূহ,https://brri.gov.bd/site/page/dccbd42b-3258-467b-8b47-fc74e6bd15e1,বিগত বছরে ব্রির উদ্ভাবিত ধানের জাতসমূহ > বছর ও জাতসমূহ table,,Official webpage/table,,direct structured extraction,verified_against_visible_official_source,2026-07-24,False,
verified_0167,BWMRI Hybrid Maize-2,Release,Release year,2022,year,text,,Bangladesh Wheat and Maize Research Institute (BWMRI),বিডাব্লিউএমআরআই হাইব্রিড ভুট্টা ২,https://bwmri.gov.bd/pages/static-pages/6922dfff933eb65569e24fc5,জাতের পাতা > জাতের বৈশিষ্ট্য > উপযোগী এলাকা > ফলন,,Official webpage/table,,direct structured extraction,verified_against_visible_official_source,2026-07-24,False,
verified_0168,BARI Hybrid Maize-9,Release,Release year,2007,year,text,,Bangladesh Wheat and Maize Research Institute (BWMRI),বারি হাইব্রিড ভুট্টা ৯,https://bwmri.gov.bd/pages/static-pages/6922def6933eb65569e1ebb3,জাতের পাতা > জাতের বৈশিষ্ট্য > উপযোগী এলাকা > ফলন,,Official webpage/table,,direct structured extraction,verified_against_visible_official_source,2026-07-24,False,
verified_0169,BARI Gom-25,Variety trait,Plant height — reported range,95-100,cm,range,,Bangladesh Wheat and Maize Research Institute (BWMRI),BARI Gom-25,https://bwmri.gov.bd/site/page/ba774aa2-708e-4438-b977-a206b1113d7b/,জাতের পাতা > জাতের বৈশিষ্ট্য > উপযোগী এলাকা > ফলন,,Official webpage/table,,direct structured extraction of source-reported range,verified_against_visible_official_source,2026-07-24,False,
verified_0170,BARI Gom-26,Variety trait,Plant height — reported range,92-96,cm,range,,Bangladesh Wheat and Maize Research Institute (BWMRI),BARI Gom-26,https://bwmri.gov.bd/pages/static-pages/6922e073933eb65569e271de,জাতের পাতা > জাতের বৈশিষ্ট্য > উপযোগী এলাকা > ফলন,,Official webpage/table,,direct structured extraction of source-reported range,verified_against_visible_official_source,2026-07-24,False,
verified_0171,BARI Gom-27,Release,Release year,2012,year,text,,Bangladesh Wheat and Maize Research Institute (BWMRI),BARI Gom-27,https://bwmri.gov.bd/pages/static-pages/6922df57933eb65569e21533,জাতের পাতা > জাতের বৈশিষ্ট্য > উপযোগী এলাকা > ফলন,,Official webpage/table,,direct structured extraction,verified_against_visible_official_source,2026-07-24,False,
verified_0172,BARI Gom-28,Release,Release year,2012,year,text,,Bangladesh Wheat and Maize Research Institute (BWMRI),BARI Gom-28,https://bwmri.gov.bd/site/page/d985dfcc-d5f6-4466-8793-26bd129b52c2/,জাতের পাতা > জাতের বৈশিষ্ট্য > উপযোগী এলাকা > ফলন,,Official webpage/table,,direct structured extraction,verified_against_visible_official_source,2026-07-24,False,
verified_0173,BARI Gom-30,Release,Release year,2014,year,text,,Bangladesh Wheat and Maize Research Institute (BWMRI),BARI Gom-30,https://bwmri.gov.bd/pages/static-pages/6922de18933eb65569e1831b,জাতের পাতা > জাতের বৈশিষ্ট্য > উপযোগী এলাকা > ফলন,,Official webpage/table,,direct structured extraction,verified_against_visible_official_source,2026-07-24,False,
verified_0174,BARI Gom-31,Release,Release year,2017,year,text,,Bangladesh Wheat and Maize Research Institute (BWMRI),BARI Gom-31,https://bwmri.gov.bd/pages/static-pages/6922dcd2933eb65569e123f6,জাতের পাতা > জাতের বৈশিষ্ট্য > উপযোগী এলাকা > ফলন,,Official webpage/table,,direct structured extraction,verified_against_visible_official_source,2026-07-24,False,
verified_0175,BARI Gom-32,Release,Release year,2017,year,text,,Bangladesh Wheat and Maize Research Institute (BWMRI),BARI Gom-32,https://bwmri.gov.bd/pages/static-pages/6922e087933eb65569e276c5,জাতের পাতা > জাতের বৈশিষ্ট্য > উপযোগী এলাকা > ফলন,,Official webpage/table,,direct structured extraction,verified_against_visible_official_source,2026-07-24,False,
verified_0176,BARI Gom-33,Variety trait,Plant height — reported range,100-110,cm,range,,Bangladesh Wheat and Maize Research Institute (BWMRI),BARI Gom-33,https://bwmri.gov.bd/site/page/3873b43b-5523-4681-94f1-0e1bda851d1b,জাতের পাতা > জাতের বৈশিষ্ট্য > উপযোগী এলাকা > ফলন,,Official webpage/table,,direct structured extraction of source-reported range,verified_against_visible_official_source,2026-07-24,False,
verified_0177,BWMRI Gom-5,Variety trait,Plant height — reported range,100-110,cm,range,,Bangladesh Wheat and Maize Research Institute (BWMRI),BWMRI Gom-5,https://bwmri.gov.bd/pages/static-pages/6922dc25933eb65569e0ea41,জাতের পাতা > জাতের বৈশিষ্ট্য > উপযোগী এলাকা > ফলন,,Official webpage/table,,direct structured extraction of source-reported range,verified_against_visible_official_source,2026-07-24,False,
verified_0178,Bangladesh Rice Cycle 1,Irrigated crop calendar,Growing window,July to November,,text,,Food and Agriculture Organization of the United Nations (FAO),AQUASTAT Irrigated Crop Calendars and Irrigation Water Requirement,https://www.fao.org/aquastat/en/data-analysis/irrig-water-use/irrigated-crop-calendars/index.html,Irrigated crop calendars > Bangladesh example; Irrigation water requirement > wheat example,,Official webpage/table,,direct structured extraction,verified_against_visible_official_source,2026-07-24,False,
verified_0179,All non-rice crops,Irrigation scheduling,Methods described — full list,Plant observation method; Estimation method; Simple calculation method,,list,,Food and Agriculture Organization of the United Nations (FAO),"Irrigation Water Management: Irrigation Scheduling, Chapter 3",https://www.fao.org/4/t7202e/t7202e06.htm,"Chapter 3 > Sections 3.1-3.3 > Tables 3, 4 and 5",,Official scanned technical manual presented as an HTML chapter,,direct structured extraction of source list,verified_against_visible_official_source,2026-07-24,False,
verified_0180,All crops,Irrigation methodology,Irrigation water need formula,Irrigation water need = crop water need − effective rainfall,,text,,Food and Agriculture Organization of the United Nations (FAO),"Irrigation Water Management: Irrigation Water Needs, Chapter 4",https://www.fao.org/4/s2022e/s2022e04.htm,Chapter 4 > Irrigation Water Needs > formula and tomato example,,Official scanned technical manual presented as an HTML chapter,,direct structured extraction,verified_against_visible_official_source,2026-07-24,False,
verified_0181,Wheat–Mungbean–T. Aman Rice,Tillage,Conservation tillage depth range,10-12,cm,text,,Bangladesh Agricultural Research Institute (BARI),ফসল বিন্যাসের ফলন বৃদ্ধি ও মৃত্তিকার ভৌতগুণাবলী উন্নয়নের জন্য সংরক্ষিত কর্ষণ ও শস্যের অবশেষ ব্যবহার,https://m.baritechnology.org/crops/tech_detail/293,প্রযুক্তির বিবরণ > conservation tillage depth and crop-residue system > fertilizer application,,Official webpage/table,,direct structured extraction,verified_against_visible_official_source,2026-07-24,False,
verified_0182,Cabbage,Soil benefits of vermicompost,Reported benefits — full list,Increases soil organic matter; Improves soil fertility; Improves physical properties; Improves chemical properties; Improves biological properties,,list,,Bangladesh Agricultural Research Institute (BARI),কেঁচো সার ও রাসায়নিক সারের সমন্বিত প্রয়োগে বাঁধাকপি উৎপাদন,https://baritechnology.org/m/crops/tech_detail/297,প্রযুক্তির বিবরণ > fertilizer description > application method > crop care,,Official webpage/table,,direct structured extraction of source list,verified_against_visible_official_source,2026-07-24,False,
verified_0183,Tomato,Region,Research/application area,Gazipur,,text,,Bangladesh Agricultural Research Institute (BARI),জিংক ও বোরন সার পাতায় সিঞ্চণ প্রয়োগে টমেটো চাষ,https://baritechnology.org/m/crops/tech_detail/300,প্রযুক্তির বিবরণ > অঞ্চল/মাটি/বীজ > sowing/transplanting > fertilizer table > foliar application,,Official webpage/table,,direct structured extraction,verified_against_visible_official_source,2026-07-24,False,
verified_0184,Tomato,Soil,Suitable soil,Sandy loam,,text,,Bangladesh Agricultural Research Institute (BARI),টমেটো উৎপাদনে আরবাস্কুলার মাইকোরাইজা ও ফসফরাসের ব্যবহার,https://baritechnology.org/m/crops/tech_detail/304,প্রযুক্তির বিবরণ > production technology table > fertilizer rate and method,,Official webpage/table,,direct structured extraction,verified_against_visible_official_source,2026-07-24,False,
verified_0185,Mango,Pruning,Material to remove — full list,Diseased branches; Dead branches; Unnecessary branches; Parasitic plants,,list,,Bangladesh Agricultural Research Institute (BARI),আমের ফুল ও ফল ঝরা রোধে টেকসই ব্যবস্থাপনা,https://baritechnology.org/m/crops/tech_detail/322,প্রযুক্তির বিবরণ > seasonal management > age-based fertilizer table > application method,,Official webpage/table,,direct structured extraction of source list,verified_against_visible_official_source,2026-07-24,False,
verified_0186,Bt Brinjal,Variety,Recommended varieties — item,BARI Bt Begun-1,,list_item,,Bangladesh Agricultural Research Institute (BARI),বিটি বেগুনের উন্নত উৎপাদন প্রযুক্তি,https://baritechnology.org/m/crops/tech_detail/333,"প্রযুক্তির বিবরণ > varieties/seedlings > soil and planting > irrigation, harvest, yield and finance",,Official webpage/table,,direct structured extraction of source list item,verified_against_visible_official_source,2026-07-24,False,
verified_0187,Dwarf hyacinth bean,Variety,Recommended variety,BARI Jhar Sheem-2,,text,,Bangladesh Agricultural Research Institute (BARI),আন্তঃফসল হিসাবে বেগুনের সাথে ঝাড়শীমের চাষ,https://baritechnology.org/m/crops/tech_detail/334,"প্রযুক্তির বিবরণ > varieties and seed rate > soil and planting > harvest, yield and finance",,Official webpage/table,,direct structured extraction,verified_against_visible_official_source,2026-07-24,False,
verified_0188,Cropping system,Crop sequence,Crops — item,Potato,,list_item,,Bangladesh Agricultural Research Institute (BARI),উঁচু গঙ্গাবাহিত প্লাবন ভূমিতে আলু-পেঁয়াজ/ভুট্টা-রোপাআমন ধান ফসল ধারায় সার সুপারিশমালা,https://baritechnology.org/m/crops/tech_detail/346,"প্রযুক্তির বিবরণ > crop sequence, seed rate and fertilizer table > management and yield",,Official webpage/table,,direct structured extraction of source list item,verified_against_visible_official_source,2026-07-24,False,
verified_0189,Cropping system,Yield comparison,Conventional rice-equivalent yield,19,tonne/ha,text,,Bangladesh Agricultural Research Institute (BARI),পেঁয়াজ/মুগডাল-পাট-রোপা আমন ধান: কুড়িগ্রাম অঞ্চলের একটি চার ফসল ভিত্তিক উন্নত ফসল বিন্যাস,https://baritechnology.org/m/crops/tech_detail/348,"প্রযুক্তির বিবরণ > fertilizer table > management, harvest and yield",,Official webpage/table,,direct structured extraction,verified_against_visible_official_source,2026-07-24,False,
verified_0190,Cropping system,Yield comparison,Improved rice-equivalent yield,12.15,tonne/ha,text,,Bangladesh Agricultural Research Institute (BARI),খুলনার উপকূলীয় অঞ্চলে রোপাআমন-সরিষা-মুগডাল একটি উন্নত ফসল ধারা,https://baritechnology.org/m/crops/tech_detail/349,"প্রযুক্তির বিবরণ > উৎপাদন প্রযুক্তি > সারের নাম table > সার প্রয়োগ পদ্ধতি, আন্তঃপরিচর্যা ও ফলন",,Official webpage/table,,direct structured extraction,verified_against_visible_official_source,2026-07-24,False,
verified_0191,Garlic and Groundnut,Intercropping,Arrangement,Two rows of garlic between two rows of groundnut,,text,,Bangladesh Agricultural Research Institute (BARI),বগুড়ার চরাঞ্চলে রসুনের সাথে চীনাবাদামের আন্তঃফসল চাষ একটি লাভজনক প্রযুক্তি,https://baritechnology.org/m/crops/tech_detail/350,"প্রযুক্তির বিবরণ > fertilizer table > management > harvest, yield and finance",,Official webpage/table,,direct structured extraction,verified_against_visible_official_source,2026-07-24,False,
verified_0192,Cropping system,Yield comparison,Improved rice-equivalent yield,22.43,tonne/ha/year,text,,Bangladesh Agricultural Research Institute (BARI),সরিষা-বোরো ধান-পাট-রোপা আমন ধান: টাংগাইল অঞ্চলের একটি অধিক উৎপাদনশীল ফসল বিন্যাস,https://m.baritechnology.org/crops/tech_detail/353,প্রযুক্তির বিবরণ > system comparison > varieties and seed rates > fertilizer table,,Official webpage/table,,direct structured extraction,verified_against_visible_official_source,2026-07-24,False,
verified_0193,Wheat,Fertilizer,TSP,106,kg/ha,number,Wheat–T. Aman cropping system table; source display labels gypsum inconsistently,Bangladesh Agricultural Research Institute (BARI),গম-রোপা আমন ধান ফসল ধারার সার ও সেচ ব্যবস্থাপনা,https://baritechnology.org/m/crops/tech_detail/357,প্রযুক্তির বিবরণ > fertilizer table > fertilizer timing and irrigation,,Official webpage/table,TSP: 106,direct structured extraction,verified_against_visible_official_source,2026-07-24,False,
verified_0194,Coconut,Fertilizer timing,Annual application windows — item,September/October,,list_item,,Bangladesh Agricultural Research Institute (BARI),নারিকেলের সমন্বিত ফসল ব্যবস্থাপনা,https://baritechnology.org/m/crops/tech_detail/456,প্রযুক্তির বিবরণ > fertilizer timing and sanitation > pest and disease management,,Official webpage/table,,direct structured extraction of source list item,verified_against_visible_official_source,2026-07-24,False,
verified_0195,Dwarf yardlong bean,Variety,Recommended variety,BARI Borboti-2,,text,,Bangladesh Agricultural Research Institute (BARI),আন্তঃফসল হিসাবে ভুট্টার সাথে খাটো জাতের বরবটির চাষ,https://baritechnology.org/m/crops/tech_detail/502,প্রযুক্তির বিবরণ > crop/variety/area > sowing and harvest > fertilizer management > yield,,Official webpage/table,,direct structured extraction,verified_against_visible_official_source,2026-07-24,False,
verified_0196,Onion,Region,Suitable districts — full list,Jashore; Kushtia; Rangpur; Faridpur; Sherpur,,list,,Bangladesh Agricultural Research Institute (BARI),পেঁয়াজ চাষে সমন্বিত আগাছা ব্যবস্থাপনা,https://baritechnology.org/m/crops/tech_detail/506,প্রযুক্তির বিবরণ > variety/area > planting and harvest > fertilizer rate and application,,Official webpage/table,,direct structured extraction of source list,verified_against_visible_official_source,2026-07-24,False,
verified_0197,Chia,Nutritional composition,Protein — minimum,15,percent,number,,Bangladesh Agricultural Research Institute (BARI),চিয়া চাষে কৃষিতাত্ত্বিক ব্যবস্থাপনা,https://baritechnology.org/m/crops/tech_detail/518,প্রযুক্তির বিবরণ > nutrient composition > fertilizer description > planting method > suitability,,Official webpage/table,,structured parse of source-reported range,verified_against_visible_official_source,2026-07-24,False,
verified_0198,BR1,Resource availability,Official variety document,Download listed on BRRI page,,text,,Bangladesh Rice Research Institute (BRRI),আউশ ধানের জাত,https://brri.gov.bd/site/page/51edd399-1ba3-4f9c-bf82-125d681b8ff8/আউশ-ধানের-জাত,আউশ ধানের জাত > variety download list,,Official webpage/table,,direct structured extraction,verified_against_visible_official_source,2026-07-24,False,
verified_0199,BRRI dhan115,Variety status,Listed as new BRRI Boro variety,True,,boolean,,Bangladesh Rice Research Institute (BRRI),ব্রি উদ্ভাবিত নতুন বোরো ধানের জাতসমূহ,https://brri.gov.bd/pages/static-pages/699d278d0517136ccaa33510,নতুন বোরো ধানের জাতসমূহ table,,Official webpage/table,,direct structured extraction,verified_against_visible_official_source,2026-07-24,False,
verified_0200,BRRI dhan109,Release,Release year,2025,year,text,,Bangladesh Rice Research Institute (BRRI),বিগত বছরে ব্রির উদ্ভাবিত ধানের জাতসমূহ,https://brri.gov.bd/site/page/dccbd42b-3258-467b-8b47-fc74e6bd15e1,বিগত বছরে ব্রির উদ্ভাবিত ধানের জাতসমূহ > বছর ও জাতসমূহ table,,Official webpage/table,,direct structured extraction,verified_against_visible_official_source,2026-07-24,False,
verified_0201,BWMRI Hybrid Maize-2,Breeding,Cross,BML 264 × BIL28,,text,,Bangladesh Wheat and Maize Research Institute (BWMRI),বিডাব্লিউএমআরআই হাইব্রিড ভুট্টা ২,https://bwmri.gov.bd/pages/static-pages/6922dfff933eb65569e24fc5,জাতের পাতা > জাতের বৈশিষ্ট্য > উপযোগী এলাকা > ফলন,,Official webpage/table,,direct structured extraction,verified_against_visible_official_source,2026-07-24,False,
verified_0202,BARI Hybrid Maize-9,Breeding,Cross,BIL-79 × BIL-28,,text,,Bangladesh Wheat and Maize Research Institute (BWMRI),বারি হাইব্রিড ভুট্টা ৯,https://bwmri.gov.bd/pages/static-pages/6922def6933eb65569e1ebb3,জাতের পাতা > জাতের বৈশিষ্ট্য > উপযোগী এলাকা > ফলন,,Official webpage/table,,direct structured extraction,verified_against_visible_official_source,2026-07-24,False,
verified_0203,BARI Gom-25,Variety trait,Plant height — minimum,95,cm,number,,Bangladesh Wheat and Maize Research Institute (BWMRI),BARI Gom-25,https://bwmri.gov.bd/site/page/ba774aa2-708e-4438-b977-a206b1113d7b/,জাতের পাতা > জাতের বৈশিষ্ট্য > উপযোগী এলাকা > ফলন,,Official webpage/table,,structured parse of source-reported range,verified_against_visible_official_source,2026-07-24,False,
verified_0204,BARI Gom-26,Variety trait,Plant height — minimum,92,cm,number,,Bangladesh Wheat and Maize Research Institute (BWMRI),BARI Gom-26,https://bwmri.gov.bd/pages/static-pages/6922e073933eb65569e271de,জাতের পাতা > জাতের বৈশিষ্ট্য > উপযোগী এলাকা > ফলন,,Official webpage/table,,structured parse of source-reported range,verified_against_visible_official_source,2026-07-24,False,
verified_0205,BARI Gom-27,Variety trait,Plant height — reported range,95-100,cm,range,,Bangladesh Wheat and Maize Research Institute (BWMRI),BARI Gom-27,https://bwmri.gov.bd/pages/static-pages/6922df57933eb65569e21533,জাতের পাতা > জাতের বৈশিষ্ট্য > উপযোগী এলাকা > ফলন,,Official webpage/table,,direct structured extraction of source-reported range,verified_against_visible_official_source,2026-07-24,False,
verified_0206,BARI Gom-28,Variety trait,Plant height — reported range,95-100,cm,range,,Bangladesh Wheat and Maize Research Institute (BWMRI),BARI Gom-28,https://bwmri.gov.bd/site/page/d985dfcc-d5f6-4466-8793-26bd129b52c2/,জাতের পাতা > জাতের বৈশিষ্ট্য > উপযোগী এলাকা > ফলন,,Official webpage/table,,direct structured extraction of source-reported range,verified_against_visible_official_source,2026-07-24,False,
verified_0207,BARI Gom-30,Variety trait,Plant height — reported range,95-100,cm,range,,Bangladesh Wheat and Maize Research Institute (BWMRI),BARI Gom-30,https://bwmri.gov.bd/pages/static-pages/6922de18933eb65569e1831b,জাতের পাতা > জাতের বৈশিষ্ট্য > উপযোগী এলাকা > ফলন,,Official webpage/table,,direct structured extraction of source-reported range,verified_against_visible_official_source,2026-07-24,False,
verified_0208,BARI Gom-31,Variety trait,Plant height — reported range,91-98,cm,range,,Bangladesh Wheat and Maize Research Institute (BWMRI),BARI Gom-31,https://bwmri.gov.bd/pages/static-pages/6922dcd2933eb65569e123f6,জাতের পাতা > জাতের বৈশিষ্ট্য > উপযোগী এলাকা > ফলন,,Official webpage/table,,direct structured extraction of source-reported range,verified_against_visible_official_source,2026-07-24,False,
verified_0209,BARI Gom-32,Variety trait,Plant height — reported range,92-97,cm,range,,Bangladesh Wheat and Maize Research Institute (BWMRI),BARI Gom-32,https://bwmri.gov.bd/pages/static-pages/6922e087933eb65569e276c5,জাতের পাতা > জাতের বৈশিষ্ট্য > উপযোগী এলাকা > ফলন,,Official webpage/table,,direct structured extraction of source-reported range,verified_against_visible_official_source,2026-07-24,False,
verified_0210,BARI Gom-33,Variety trait,Plant height — minimum,100,cm,number,,Bangladesh Wheat and Maize Research Institute (BWMRI),BARI Gom-33,https://bwmri.gov.bd/site/page/3873b43b-5523-4681-94f1-0e1bda851d1b,জাতের পাতা > জাতের বৈশিষ্ট্য > উপযোগী এলাকা > ফলন,,Official webpage/table,,structured parse of source-reported range,verified_against_visible_official_source,2026-07-24,False,
verified_0211,BWMRI Gom-5,Variety trait,Plant height — minimum,100,cm,number,,Bangladesh Wheat and Maize Research Institute (BWMRI),BWMRI Gom-5,https://bwmri.gov.bd/pages/static-pages/6922dc25933eb65569e0ea41,জাতের পাতা > জাতের বৈশিষ্ট্য > উপযোগী এলাকা > ফলন,,Official webpage/table,,structured parse of source-reported range,verified_against_visible_official_source,2026-07-24,False,
verified_0212,Bangladesh Rice Cycle 2,Irrigated crop calendar,Growing window,December to April,,text,,Food and Agriculture Organization of the United Nations (FAO),AQUASTAT Irrigated Crop Calendars and Irrigation Water Requirement,https://www.fao.org/aquastat/en/data-analysis/irrig-water-use/irrigated-crop-calendars/index.html,Irrigated crop calendars > Bangladesh example; Irrigation water requirement > wheat example,,Official webpage/table,,direct structured extraction,verified_against_visible_official_source,2026-07-24,False,
verified_0213,All non-rice crops,Irrigation scheduling,Methods described — item,Plant observation method,,list_item,,Food and Agriculture Organization of the United Nations (FAO),"Irrigation Water Management: Irrigation Scheduling, Chapter 3",https://www.fao.org/4/t7202e/t7202e06.htm,"Chapter 3 > Sections 3.1-3.3 > Tables 3, 4 and 5",,Official scanned technical manual presented as an HTML chapter,,direct structured extraction of source list item,verified_against_visible_official_source,2026-07-24,False,
verified_0214,All crops,Irrigation methodology,Typical calculation interval,Monthly,,text,,Food and Agriculture Organization of the United Nations (FAO),"Irrigation Water Management: Irrigation Water Needs, Chapter 4",https://www.fao.org/4/s2022e/s2022e04.htm,Chapter 4 > Irrigation Water Needs > formula and tomato example,,Official scanned technical manual presented as an HTML chapter,,direct structured extraction,verified_against_visible_official_source,2026-07-24,False,
verified_0215,Wheat–Mungbean–T. Aman Rice,Yield response,Reported yield increase over wheat–fallow–T. Aman pattern,11.73,percent,text,,Bangladesh Agricultural Research Institute (BARI),ফসল বিন্যাসের ফলন বৃদ্ধি ও মৃত্তিকার ভৌতগুণাবলী উন্নয়নের জন্য সংরক্ষিত কর্ষণ ও শস্যের অবশেষ ব্যবহার,https://m.baritechnology.org/crops/tech_detail/293,প্রযুক্তির বিবরণ > conservation tillage depth and crop-residue system > fertilizer application,,Official webpage/table,,direct structured extraction,verified_against_visible_official_source,2026-07-24,False,
verified_0216,Cabbage,Soil benefits of vermicompost,Reported benefits — item,Increases soil organic matter,,list_item,,Bangladesh Agricultural Research Institute (BARI),কেঁচো সার ও রাসায়নিক সারের সমন্বিত প্রয়োগে বাঁধাকপি উৎপাদন,https://baritechnology.org/m/crops/tech_detail/297,প্রযুক্তির বিবরণ > fertilizer description > application method > crop care,,Official webpage/table,,direct structured extraction of source list item,verified_against_visible_official_source,2026-07-24,False,
verified_0217,Tomato,Soil,Suitable soil,Well-drained loam,,text,,Bangladesh Agricultural Research Institute (BARI),জিংক ও বোরন সার পাতায় সিঞ্চণ প্রয়োগে টমেটো চাষ,https://baritechnology.org/m/crops/tech_detail/300,প্রযুক্তির বিবরণ > অঞ্চল/মাটি/বীজ > sowing/transplanting > fertilizer table > foliar application,,Official webpage/table,,direct structured extraction,verified_against_visible_official_source,2026-07-24,False,
verified_0218,Tomato,Crop calendar,Nursery sowing window — reported window,Last week of October to End of November,,date_window,,Bangladesh Agricultural Research Institute (BARI),টমেটো উৎপাদনে আরবাস্কুলার মাইকোরাইজা ও ফসফরাসের ব্যবহার,https://baritechnology.org/m/crops/tech_detail/304,প্রযুক্তির বিবরণ > production technology table > fertilizer rate and method,,Official webpage/table,,direct structured extraction,verified_against_visible_official_source,2026-07-24,False,
verified_0219,Mango,Pruning,Material to remove — item,Diseased branches,,list_item,,Bangladesh Agricultural Research Institute (BARI),আমের ফুল ও ফল ঝরা রোধে টেকসই ব্যবস্থাপনা,https://baritechnology.org/m/crops/tech_detail/322,প্রযুক্তির বিবরণ > seasonal management > age-based fertilizer table > application method,,Official webpage/table,,direct structured extraction of source list item,verified_against_visible_official_source,2026-07-24,False,
verified_0220,Bt Brinjal,Variety,Recommended varieties — item,BARI Bt Begun-2,,list_item,,Bangladesh Agricultural Research Institute (BARI),বিটি বেগুনের উন্নত উৎপাদন প্রযুক্তি,https://baritechnology.org/m/crops/tech_detail/333,"প্রযুক্তির বিবরণ > varieties/seedlings > soil and planting > irrigation, harvest, yield and finance",,Official webpage/table,,direct structured extraction of source list item,verified_against_visible_official_source,2026-07-24,False,
verified_0221,Brinjal,Seed,Seed rate — reported range,200-250,g/ha,range,,Bangladesh Agricultural Research Institute (BARI),আন্তঃফসল হিসাবে বেগুনের সাথে ঝাড়শীমের চাষ,https://baritechnology.org/m/crops/tech_detail/334,"প্রযুক্তির বিবরণ > varieties and seed rate > soil and planting > harvest, yield and finance",,Official webpage/table,,direct structured extraction of source-reported range,verified_against_visible_official_source,2026-07-24,False,
verified_0222,Cropping system,Crop sequence,Crops — item,Onion,,list_item,,Bangladesh Agricultural Research Institute (BARI),উঁচু গঙ্গাবাহিত প্লাবন ভূমিতে আলু-পেঁয়াজ/ভুট্টা-রোপাআমন ধান ফসল ধারায় সার সুপারিশমালা,https://baritechnology.org/m/crops/tech_detail/346,"প্রযুক্তির বিবরণ > crop sequence, seed rate and fertilizer table > management and yield",,Official webpage/table,,direct structured extraction of source list item,verified_against_visible_official_source,2026-07-24,False,
verified_0223,Cropping system,Region,Agro-ecological zone,AEZ-3,,text,,Bangladesh Agricultural Research Institute (BARI),পেঁয়াজ/মুগডাল-পাট-রোপা আমন ধান: কুড়িগ্রাম অঞ্চলের একটি চার ফসল ভিত্তিক উন্নত ফসল বিন্যাস,https://baritechnology.org/m/crops/tech_detail/348,"প্রযুক্তির বিবরণ > fertilizer table > management, harvest and yield",,Official webpage/table,,direct structured extraction,verified_against_visible_official_source,2026-07-24,False,
verified_0224,Cropping system,Yield comparison,Farmer-pattern rice-equivalent yield,4.63,tonne/ha,text,,Bangladesh Agricultural Research Institute (BARI),খুলনার উপকূলীয় অঞ্চলে রোপাআমন-সরিষা-মুগডাল একটি উন্নত ফসল ধারা,https://baritechnology.org/m/crops/tech_detail/349,"প্রযুক্তির বিবরণ > উৎপাদন প্রযুক্তি > সারের নাম table > সার প্রয়োগ পদ্ধতি, আন্তঃপরিচর্যা ও ফলন",,Official webpage/table,,direct structured extraction,verified_against_visible_official_source,2026-07-24,False,
verified_0225,Garlic and Groundnut,Yield,Groundnut-equivalent yield,7.54,tonne/ha,text,,Bangladesh Agricultural Research Institute (BARI),বগুড়ার চরাঞ্চলে রসুনের সাথে চীনাবাদামের আন্তঃফসল চাষ একটি লাভজনক প্রযুক্তি,https://baritechnology.org/m/crops/tech_detail/350,"প্রযুক্তির বিবরণ > fertilizer table > management > harvest, yield and finance",,Official webpage/table,,direct structured extraction,verified_against_visible_official_source,2026-07-24,False,
verified_0226,Cropping system,Yield comparison,Conventional rice-equivalent yield,11.76,tonne/ha/year,text,,Bangladesh Agricultural Research Institute (BARI),সরিষা-বোরো ধান-পাট-রোপা আমন ধান: টাংগাইল অঞ্চলের একটি অধিক উৎপাদনশীল ফসল বিন্যাস,https://m.baritechnology.org/crops/tech_detail/353,প্রযুক্তির বিবরণ > system comparison > varieties and seed rates > fertilizer table,,Official webpage/table,,direct structured extraction,verified_against_visible_official_source,2026-07-24,False,
verified_0227,Wheat,Fertilizer,MoP,50,kg/ha,number,Wheat–T. Aman cropping system table; source display labels gypsum inconsistently,Bangladesh Agricultural Research Institute (BARI),গম-রোপা আমন ধান ফসল ধারার সার ও সেচ ব্যবস্থাপনা,https://baritechnology.org/m/crops/tech_detail/357,প্রযুক্তির বিবরণ > fertilizer table > fertilizer timing and irrigation,,Official webpage/table,MoP: 50,direct structured extraction,verified_against_visible_official_source,2026-07-24,False,
verified_0228,Coconut,Fertilizer timing,Annual application windows — item,April/May,,list_item,,Bangladesh Agricultural Research Institute (BARI),নারিকেলের সমন্বিত ফসল ব্যবস্থাপনা,https://baritechnology.org/m/crops/tech_detail/456,প্রযুক্তির বিবরণ > fertilizer timing and sanitation > pest and disease management,,Official webpage/table,,direct structured extraction of source list item,verified_against_visible_official_source,2026-07-24,False,
verified_0229,Maize and dwarf yardlong bean,Region,Suitable areas — full list,Kushtia; Jashore; Pabna; Jamalpur; Bogura; Rangpur; Hill districts,,list,,Bangladesh Agricultural Research Institute (BARI),আন্তঃফসল হিসাবে ভুট্টার সাথে খাটো জাতের বরবটির চাষ,https://baritechnology.org/m/crops/tech_detail/502,প্রযুক্তির বিবরণ > crop/variety/area > sowing and harvest > fertilizer management > yield,,Official webpage/table,,direct structured extraction of source list,verified_against_visible_official_source,2026-07-24,False,
verified_0230,Onion,Region,Suitable districts — item,Jashore,,list_item,,Bangladesh Agricultural Research Institute (BARI),পেঁয়াজ চাষে সমন্বিত আগাছা ব্যবস্থাপনা,https://baritechnology.org/m/crops/tech_detail/506,প্রযুক্তির বিবরণ > variety/area > planting and harvest > fertilizer rate and application,,Official webpage/table,,direct structured extraction of source list item,verified_against_visible_official_source,2026-07-24,False,
verified_0231,Chia,Nutritional composition,Protein — maximum,25,percent,number,,Bangladesh Agricultural Research Institute (BARI),চিয়া চাষে কৃষিতাত্ত্বিক ব্যবস্থাপনা,https://baritechnology.org/m/crops/tech_detail/518,প্রযুক্তির বিবরণ > nutrient composition > fertilizer description > planting method > suitability,,Official webpage/table,,structured parse of source-reported range,verified_against_visible_official_source,2026-07-24,False,
verified_0232,BR2,Season classification,Rice season,Aus,,text,,Bangladesh Rice Research Institute (BRRI),আউশ ধানের জাত,https://brri.gov.bd/site/page/51edd399-1ba3-4f9c-bf82-125d681b8ff8/আউশ-ধানের-জাত,আউশ ধানের জাত > variety download list,,Official webpage/table,,direct structured extraction,verified_against_visible_official_source,2026-07-24,False,
verified_0233,BRRI dhan116,Season classification,Rice season,Boro,,text,,Bangladesh Rice Research Institute (BRRI),ব্রি উদ্ভাবিত নতুন বোরো ধানের জাতসমূহ,https://brri.gov.bd/pages/static-pages/699d278d0517136ccaa33510,নতুন বোরো ধানের জাতসমূহ table,,Official webpage/table,,direct structured extraction,verified_against_visible_official_source,2026-07-24,False,
verified_0234,BRRI dhan109,Institution,Developer,BRRI,,text,,Bangladesh Rice Research Institute (BRRI),বিগত বছরে ব্রির উদ্ভাবিত ধানের জাতসমূহ,https://brri.gov.bd/site/page/dccbd42b-3258-467b-8b47-fc74e6bd15e1,বিগত বছরে ব্রির উদ্ভাবিত ধানের জাতসমূহ > বছর ও জাতসমূহ table,,Official webpage/table,,direct structured extraction,verified_against_visible_official_source,2026-07-24,False,
verified_0235,BWMRI Hybrid Maize-2,Plant morphology,Plant height — reported range,220-240,cm,range,,Bangladesh Wheat and Maize Research Institute (BWMRI),বিডাব্লিউএমআরআই হাইব্রিড ভুট্টা ২,https://bwmri.gov.bd/pages/static-pages/6922dfff933eb65569e24fc5,জাতের পাতা > জাতের বৈশিষ্ট্য > উপযোগী এলাকা > ফলন,,Official webpage/table,,direct structured extraction of source-reported range,verified_against_visible_official_source,2026-07-24,False,
verified_0236,BARI Hybrid Maize-9,Crop duration,Rabi duration — reported range,145-150,days,range,,Bangladesh Wheat and Maize Research Institute (BWMRI),বারি হাইব্রিড ভুট্টা ৯,https://bwmri.gov.bd/pages/static-pages/6922def6933eb65569e1ebb3,জাতের পাতা > জাতের বৈশিষ্ট্য > উপযোগী এলাকা > ফলন,,Official webpage/table,,direct structured extraction of source-reported range,verified_against_visible_official_source,2026-07-24,False,
verified_0237,BARI Gom-25,Variety trait,Plant height — maximum,100,cm,number,,Bangladesh Wheat and Maize Research Institute (BWMRI),BARI Gom-25,https://bwmri.gov.bd/site/page/ba774aa2-708e-4438-b977-a206b1113d7b/,জাতের পাতা > জাতের বৈশিষ্ট্য > উপযোগী এলাকা > ফলন,,Official webpage/table,,structured parse of source-reported range,verified_against_visible_official_source,2026-07-24,False,
verified_0238,BARI Gom-26,Variety trait,Plant height — maximum,96,cm,number,,Bangladesh Wheat and Maize Research Institute (BWMRI),BARI Gom-26,https://bwmri.gov.bd/pages/static-pages/6922e073933eb65569e271de,জাতের পাতা > জাতের বৈশিষ্ট্য > উপযোগী এলাকা > ফলন,,Official webpage/table,,structured parse of source-reported range,verified_against_visible_official_source,2026-07-24,False,
verified_0239,BARI Gom-27,Variety trait,Plant height — minimum,95,cm,number,,Bangladesh Wheat and Maize Research Institute (BWMRI),BARI Gom-27,https://bwmri.gov.bd/pages/static-pages/6922df57933eb65569e21533,জাতের পাতা > জাতের বৈশিষ্ট্য > উপযোগী এলাকা > ফলন,,Official webpage/table,,structured parse of source-reported range,verified_against_visible_official_source,2026-07-24,False,
verified_0240,BARI Gom-28,Variety trait,Plant height — minimum,95,cm,number,,Bangladesh Wheat and Maize Research Institute (BWMRI),BARI Gom-28,https://bwmri.gov.bd/site/page/d985dfcc-d5f6-4466-8793-26bd129b52c2/,জাতের পাতা > জাতের বৈশিষ্ট্য > উপযোগী এলাকা > ফলন,,Official webpage/table,,structured parse of source-reported range,verified_against_visible_official_source,2026-07-24,False,
verified_0241,BARI Gom-30,Variety trait,Plant height — minimum,95,cm,number,,Bangladesh Wheat and Maize Research Institute (BWMRI),BARI Gom-30,https://bwmri.gov.bd/pages/static-pages/6922de18933eb65569e1831b,জাতের পাতা > জাতের বৈশিষ্ট্য > উপযোগী এলাকা > ফলন,,Official webpage/table,,structured parse of source-reported range,verified_against_visible_official_source,2026-07-24,False,
verified_0242,BARI Gom-31,Variety trait,Plant height — minimum,91,cm,number,,Bangladesh Wheat and Maize Research Institute (BWMRI),BARI Gom-31,https://bwmri.gov.bd/pages/static-pages/6922dcd2933eb65569e123f6,জাতের পাতা > জাতের বৈশিষ্ট্য > উপযোগী এলাকা > ফলন,,Official webpage/table,,structured parse of source-reported range,verified_against_visible_official_source,2026-07-24,False,
verified_0243,BARI Gom-32,Variety trait,Plant height — minimum,92,cm,number,,Bangladesh Wheat and Maize Research Institute (BWMRI),BARI Gom-32,https://bwmri.gov.bd/pages/static-pages/6922e087933eb65569e276c5,জাতের পাতা > জাতের বৈশিষ্ট্য > উপযোগী এলাকা > ফলন,,Official webpage/table,,structured parse of source-reported range,verified_against_visible_official_source,2026-07-24,False,
verified_0244,BARI Gom-33,Variety trait,Plant height — maximum,110,cm,number,,Bangladesh Wheat and Maize Research Institute (BWMRI),BARI Gom-33,https://bwmri.gov.bd/site/page/3873b43b-5523-4681-94f1-0e1bda851d1b,জাতের পাতা > জাতের বৈশিষ্ট্য > উপযোগী এলাকা > ফলন,,Official webpage/table,,structured parse of source-reported range,verified_against_visible_official_source,2026-07-24,False,
verified_0245,BWMRI Gom-5,Variety trait,Plant height — maximum,110,cm,number,,Bangladesh Wheat and Maize Research Institute (BWMRI),BWMRI Gom-5,https://bwmri.gov.bd/pages/static-pages/6922dc25933eb65569e0ea41,জাতের পাতা > জাতের বৈশিষ্ট্য > উপযোগী এলাকা > ফলন,,Official webpage/table,,structured parse of source-reported range,verified_against_visible_official_source,2026-07-24,False,
verified_0246,Wheat in Bangladesh,Crop coefficient,Initial,0.4,Kc,text,December,Food and Agriculture Organization of the United Nations (FAO),AQUASTAT Irrigated Crop Calendars and Irrigation Water Requirement,https://www.fao.org/aquastat/en/data-analysis/irrig-water-use/irrigated-crop-calendars/index.html,Irrigated crop calendars > Bangladesh example; Irrigation water requirement > wheat example,,Official webpage/table,,direct structured extraction,verified_against_visible_official_source,2026-07-24,False,
verified_0247,All non-rice crops,Irrigation scheduling,Methods described — item,Estimation method,,list_item,,Food and Agriculture Organization of the United Nations (FAO),"Irrigation Water Management: Irrigation Scheduling, Chapter 3",https://www.fao.org/4/t7202e/t7202e06.htm,"Chapter 3 > Sections 3.1-3.3 > Tables 3, 4 and 5",,Official scanned technical manual presented as an HTML chapter,,direct structured extraction of source list item,verified_against_visible_official_source,2026-07-24,False,
verified_0248,All crops,Irrigation methodology,Water-depth unit,mm per time unit,,text,,Food and Agriculture Organization of the United Nations (FAO),"Irrigation Water Management: Irrigation Water Needs, Chapter 4",https://www.fao.org/4/s2022e/s2022e04.htm,Chapter 4 > Irrigation Water Needs > formula and tomato example,,Official scanned technical manual presented as an HTML chapter,,direct structured extraction,verified_against_visible_official_source,2026-07-24,False,
verified_0249,Wheat,Fertilizer,Urea,260,kg/ha,number,Conservation-tillage cropping-pattern fertilizer table,Bangladesh Agricultural Research Institute (BARI),ফসল বিন্যাসের ফলন বৃদ্ধি ও মৃত্তিকার ভৌতগুণাবলী উন্নয়নের জন্য সংরক্ষিত কর্ষণ ও শস্যের অবশেষ ব্যবহার,https://m.baritechnology.org/crops/tech_detail/293,প্রযুক্তির বিবরণ > conservation tillage depth and crop-residue system > fertilizer application,,Official webpage/table,Urea: 260,direct structured extraction,verified_against_visible_official_source,2026-07-24,False,
verified_0250,Cabbage,Soil benefits of vermicompost,Reported benefits — item,Improves soil fertility,,list_item,,Bangladesh Agricultural Research Institute (BARI),কেঁচো সার ও রাসায়নিক সারের সমন্বিত প্রয়োগে বাঁধাকপি উৎপাদন,https://baritechnology.org/m/crops/tech_detail/297,প্রযুক্তির বিবরণ > fertilizer description > application method > crop care,,Official webpage/table,,direct structured extraction of source list item,verified_against_visible_official_source,2026-07-24,False,
verified_0251,Tomato,Seed,Seed rate — reported range,200-250,g/ha,range,,Bangladesh Agricultural Research Institute (BARI),জিংক ও বোরন সার পাতায় সিঞ্চণ প্রয়োগে টমেটো চাষ,https://baritechnology.org/m/crops/tech_detail/300,প্রযুক্তির বিবরণ > অঞ্চল/মাটি/বীজ > sowing/transplanting > fertilizer table > foliar application,,Official webpage/table,,direct structured extraction of source-reported range,verified_against_visible_official_source,2026-07-24,False,
verified_0252,Tomato,Crop calendar,Nursery sowing window — start,Last week of October,,date_text,,Bangladesh Agricultural Research Institute (BARI),টমেটো উৎপাদনে আরবাস্কুলার মাইকোরাইজা ও ফসফরাসের ব্যবহার,https://baritechnology.org/m/crops/tech_detail/304,প্রযুক্তির বিবরণ > production technology table > fertilizer rate and method,,Official webpage/table,,direct structured extraction,verified_against_visible_official_source,2026-07-24,False,
verified_0253,Mango,Pruning,Material to remove — item,Dead branches,,list_item,,Bangladesh Agricultural Research Institute (BARI),আমের ফুল ও ফল ঝরা রোধে টেকসই ব্যবস্থাপনা,https://baritechnology.org/m/crops/tech_detail/322,প্রযুক্তির বিবরণ > seasonal management > age-based fertilizer table > application method,,Official webpage/table,,direct structured extraction of source list item,verified_against_visible_official_source,2026-07-24,False,
verified_0254,Bt Brinjal,Variety,Recommended varieties — item,BARI Bt Begun-4,,list_item,,Bangladesh Agricultural Research Institute (BARI),বিটি বেগুনের উন্নত উৎপাদন প্রযুক্তি,https://baritechnology.org/m/crops/tech_detail/333,"প্রযুক্তির বিবরণ > varieties/seedlings > soil and planting > irrigation, harvest, yield and finance",,Official webpage/table,,direct structured extraction of source list item,verified_against_visible_official_source,2026-07-24,False,
verified_0255,Brinjal,Seed,Seed rate — minimum,200,g/ha,number,,Bangladesh Agricultural Research Institute (BARI),আন্তঃফসল হিসাবে বেগুনের সাথে ঝাড়শীমের চাষ,https://baritechnology.org/m/crops/tech_detail/334,"প্রযুক্তির বিবরণ > varieties and seed rate > soil and planting > harvest, yield and finance",,Official webpage/table,,structured parse of source-reported range,verified_against_visible_official_source,2026-07-24,False,
verified_0256,Cropping system,Crop sequence,Crops — item,Maize,,list_item,,Bangladesh Agricultural Research Institute (BARI),উঁচু গঙ্গাবাহিত প্লাবন ভূমিতে আলু-পেঁয়াজ/ভুট্টা-রোপাআমন ধান ফসল ধারায় সার সুপারিশমালা,https://baritechnology.org/m/crops/tech_detail/346,"প্রযুক্তির বিবরণ > crop sequence, seed rate and fertilizer table > management and yield",,Official webpage/table,,direct structured extraction of source list item,verified_against_visible_official_source,2026-07-24,False,
verified_0257,Onion,Fertilizer,Urea,211,kg/ha,number,Kurigram four-crop system fertilizer table,Bangladesh Agricultural Research Institute (BARI),পেঁয়াজ/মুগডাল-পাট-রোপা আমন ধান: কুড়িগ্রাম অঞ্চলের একটি চার ফসল ভিত্তিক উন্নত ফসল বিন্যাস,https://baritechnology.org/m/crops/tech_detail/348,"প্রযুক্তির বিবরণ > fertilizer table > management, harvest and yield",,Official webpage/table,Urea: 211,direct structured extraction,verified_against_visible_official_source,2026-07-24,False,
verified_0258,Cropping system,Yield response,Reported increase over farmer pattern,162,percent,text,,Bangladesh Agricultural Research Institute (BARI),খুলনার উপকূলীয় অঞ্চলে রোপাআমন-সরিষা-মুগডাল একটি উন্নত ফসল ধারা,https://baritechnology.org/m/crops/tech_detail/349,"প্রযুক্তির বিবরণ > উৎপাদন প্রযুক্তি > সারের নাম table > সার প্রয়োগ পদ্ধতি, আন্তঃপরিচর্যা ও ফলন",,Official webpage/table,,direct structured extraction,verified_against_visible_official_source,2026-07-24,False,
verified_0259,Garlic and Groundnut,Fertilizer,Urea,105,kg/ha,number,Intercropping technology fertilizer package,Bangladesh Agricultural Research Institute (BARI),বগুড়ার চরাঞ্চলে রসুনের সাথে চীনাবাদামের আন্তঃফসল চাষ একটি লাভজনক প্রযুক্তি,https://baritechnology.org/m/crops/tech_detail/350,"প্রযুক্তির বিবরণ > fertilizer table > management > harvest, yield and finance",,Official webpage/table,Urea: 105,direct structured extraction,verified_against_visible_official_source,2026-07-24,False,
verified_0260,Cropping system,Region,Suitable AEZ — full list,AEZ-7; AEZ-8; AEZ-9; AEZ-28,,list,Tangail and similar areas,Bangladesh Agricultural Research Institute (BARI),সরিষা-বোরো ধান-পাট-রোপা আমন ধান: টাংগাইল অঞ্চলের একটি অধিক উৎপাদনশীল ফসল বিন্যাস,https://m.baritechnology.org/crops/tech_detail/353,প্রযুক্তির বিবরণ > system comparison > varieties and seed rates > fertilizer table,,Official webpage/table,,direct structured extraction of source list,verified_against_visible_official_source,2026-07-24,False,
verified_0261,Wheat,Fertilizer,Gypsum,125,kg/ha,number,Wheat–T. Aman cropping system table; source display labels gypsum inconsistently,Bangladesh Agricultural Research Institute (BARI),গম-রোপা আমন ধান ফসল ধারার সার ও সেচ ব্যবস্থাপনা,https://baritechnology.org/m/crops/tech_detail/357,প্রযুক্তির বিবরণ > fertilizer table > fertilizer timing and irrigation,,Official webpage/table,Gypsum: 125,direct structured extraction,verified_against_visible_official_source,2026-07-24,False,
verified_0262,Coconut,Fertilizer timing,Annual number of applications,2,applications,text,,Bangladesh Agricultural Research Institute (BARI),নারিকেলের সমন্বিত ফসল ব্যবস্থাপনা,https://baritechnology.org/m/crops/tech_detail/456,প্রযুক্তির বিবরণ > fertilizer timing and sanitation > pest and disease management,,Official webpage/table,,direct structured extraction,verified_against_visible_official_source,2026-07-24,False,
verified_0263,Maize and dwarf yardlong bean,Region,Suitable areas — item,Kushtia,,list_item,,Bangladesh Agricultural Research Institute (BARI),আন্তঃফসল হিসাবে ভুট্টার সাথে খাটো জাতের বরবটির চাষ,https://baritechnology.org/m/crops/tech_detail/502,প্রযুক্তির বিবরণ > crop/variety/area > sowing and harvest > fertilizer management > yield,,Official webpage/table,,direct structured extraction of source list item,verified_against_visible_official_source,2026-07-24,False,
verified_0264,Onion,Region,Suitable districts — item,Kushtia,,list_item,,Bangladesh Agricultural Research Institute (BARI),পেঁয়াজ চাষে সমন্বিত আগাছা ব্যবস্থাপনা,https://baritechnology.org/m/crops/tech_detail/506,প্রযুক্তির বিবরণ > variety/area > planting and harvest > fertilizer rate and application,,Official webpage/table,,direct structured extraction of source list item,verified_against_visible_official_source,2026-07-24,False,
verified_0265,Chia,Nutritional composition,Lipid — reported range,30-33,percent,range,,Bangladesh Agricultural Research Institute (BARI),চিয়া চাষে কৃষিতাত্ত্বিক ব্যবস্থাপনা,https://baritechnology.org/m/crops/tech_detail/518,প্রযুক্তির বিবরণ > nutrient composition > fertilizer description > planting method > suitability,,Official webpage/table,,direct structured extraction of source-reported range,verified_against_visible_official_source,2026-07-24,False,
verified_0266,BR2,Resource availability,Official variety document,Download listed on BRRI page,,text,,Bangladesh Rice Research Institute (BRRI),আউশ ধানের জাত,https://brri.gov.bd/site/page/51edd399-1ba3-4f9c-bf82-125d681b8ff8/আউশ-ধানের-জাত,আউশ ধানের জাত > variety download list,,Official webpage/table,,direct structured extraction,verified_against_visible_official_source,2026-07-24,False,
verified_0267,BRRI dhan116,Variety status,Listed as new BRRI Boro variety,True,,boolean,,Bangladesh Rice Research Institute (BRRI),ব্রি উদ্ভাবিত নতুন বোরো ধানের জাতসমূহ,https://brri.gov.bd/pages/static-pages/699d278d0517136ccaa33510,নতুন বোরো ধানের জাতসমূহ table,,Official webpage/table,,direct structured extraction,verified_against_visible_official_source,2026-07-24,False,
verified_0268,BRRI dhan110,Release,Release year,2025,year,text,,Bangladesh Rice Research Institute (BRRI),বিগত বছরে ব্রির উদ্ভাবিত ধানের জাতসমূহ,https://brri.gov.bd/site/page/dccbd42b-3258-467b-8b47-fc74e6bd15e1,বিগত বছরে ব্রির উদ্ভাবিত ধানের জাতসমূহ > বছর ও জাতসমূহ table,,Official webpage/table,,direct structured extraction,verified_against_visible_official_source,2026-07-24,False,
verified_0269,BWMRI Hybrid Maize-2,Plant morphology,Plant height — minimum,220,cm,number,,Bangladesh Wheat and Maize Research Institute (BWMRI),বিডাব্লিউএমআরআই হাইব্রিড ভুট্টা ২,https://bwmri.gov.bd/pages/static-pages/6922dfff933eb65569e24fc5,জাতের পাতা > জাতের বৈশিষ্ট্য > উপযোগী এলাকা > ফলন,,Official webpage/table,,structured parse of source-reported range,verified_against_visible_official_source,2026-07-24,False,
verified_0270,BARI Hybrid Maize-9,Crop duration,Rabi duration — minimum,145,days,number,,Bangladesh Wheat and Maize Research Institute (BWMRI),বারি হাইব্রিড ভুট্টা ৯,https://bwmri.gov.bd/pages/static-pages/6922def6933eb65569e1ebb3,জাতের পাতা > জাতের বৈশিষ্ট্য > উপযোগী এলাকা > ফলন,,Official webpage/table,,structured parse of source-reported range,verified_against_visible_official_source,2026-07-24,False,
verified_0271,BARI Gom-25,Variety trait,Thousand-grain weight — reported range,54-58,g,range,,Bangladesh Wheat and Maize Research Institute (BWMRI),BARI Gom-25,https://bwmri.gov.bd/site/page/ba774aa2-708e-4438-b977-a206b1113d7b/,জাতের পাতা > জাতের বৈশিষ্ট্য > উপযোগী এলাকা > ফলন,,Official webpage/table,,direct structured extraction of source-reported range,verified_against_visible_official_source,2026-07-24,False,
verified_0272,BARI Gom-26,Variety trait,Thousand-grain weight — reported range,48-52,g,range,,Bangladesh Wheat and Maize Research Institute (BWMRI),BARI Gom-26,https://bwmri.gov.bd/pages/static-pages/6922e073933eb65569e271de,জাতের পাতা > জাতের বৈশিষ্ট্য > উপযোগী এলাকা > ফলন,,Official webpage/table,,direct structured extraction of source-reported range,verified_against_visible_official_source,2026-07-24,False,
verified_0273,BARI Gom-27,Variety trait,Plant height — maximum,100,cm,number,,Bangladesh Wheat and Maize Research Institute (BWMRI),BARI Gom-27,https://bwmri.gov.bd/pages/static-pages/6922df57933eb65569e21533,জাতের পাতা > জাতের বৈশিষ্ট্য > উপযোগী এলাকা > ফলন,,Official webpage/table,,structured parse of source-reported range,verified_against_visible_official_source,2026-07-24,False,
verified_0274,BARI Gom-28,Variety trait,Plant height — maximum,100,cm,number,,Bangladesh Wheat and Maize Research Institute (BWMRI),BARI Gom-28,https://bwmri.gov.bd/site/page/d985dfcc-d5f6-4466-8793-26bd129b52c2/,জাতের পাতা > জাতের বৈশিষ্ট্য > উপযোগী এলাকা > ফলন,,Official webpage/table,,structured parse of source-reported range,verified_against_visible_official_source,2026-07-24,False,
verified_0275,BARI Gom-30,Variety trait,Plant height — maximum,100,cm,number,,Bangladesh Wheat and Maize Research Institute (BWMRI),BARI Gom-30,https://bwmri.gov.bd/pages/static-pages/6922de18933eb65569e1831b,জাতের পাতা > জাতের বৈশিষ্ট্য > উপযোগী এলাকা > ফলন,,Official webpage/table,,structured parse of source-reported range,verified_against_visible_official_source,2026-07-24,False,
verified_0276,BARI Gom-31,Variety trait,Plant height — maximum,98,cm,number,,Bangladesh Wheat and Maize Research Institute (BWMRI),BARI Gom-31,https://bwmri.gov.bd/pages/static-pages/6922dcd2933eb65569e123f6,জাতের পাতা > জাতের বৈশিষ্ট্য > উপযোগী এলাকা > ফলন,,Official webpage/table,,structured parse of source-reported range,verified_against_visible_official_source,2026-07-24,False,
verified_0277,BARI Gom-32,Variety trait,Plant height — maximum,97,cm,number,,Bangladesh Wheat and Maize Research Institute (BWMRI),BARI Gom-32,https://bwmri.gov.bd/pages/static-pages/6922e087933eb65569e276c5,জাতের পাতা > জাতের বৈশিষ্ট্য > উপযোগী এলাকা > ফলন,,Official webpage/table,,structured parse of source-reported range,verified_against_visible_official_source,2026-07-24,False,
verified_0278,BARI Gom-33,Variety trait,Crop duration — reported range,108-112,days,range,,Bangladesh Wheat and Maize Research Institute (BWMRI),BARI Gom-33,https://bwmri.gov.bd/site/page/3873b43b-5523-4681-94f1-0e1bda851d1b,জাতের পাতা > জাতের বৈশিষ্ট্য > উপযোগী এলাকা > ফলন,,Official webpage/table,,direct structured extraction of source-reported range,verified_against_visible_official_source,2026-07-24,False,
verified_0279,BWMRI Gom-5,Variety trait,Crop duration — reported range,112-117,days,range,,Bangladesh Wheat and Maize Research Institute (BWMRI),BWMRI Gom-5,https://bwmri.gov.bd/pages/static-pages/6922dc25933eb65569e0ea41,জাতের পাতা > জাতের বৈশিষ্ট্য > উপযোগী এলাকা > ফলন,,Official webpage/table,,direct structured extraction of source-reported range,verified_against_visible_official_source,2026-07-24,False,
verified_0280,Wheat in Bangladesh,Crop coefficient,Development,0.8,Kc,text,January,Food and Agriculture Organization of the United Nations (FAO),AQUASTAT Irrigated Crop Calendars and Irrigation Water Requirement,https://www.fao.org/aquastat/en/data-analysis/irrig-water-use/irrigated-crop-calendars/index.html,Irrigated crop calendars > Bangladesh example; Irrigation water requirement > wheat example,,Official webpage/table,,direct structured extraction,verified_against_visible_official_source,2026-07-24,False,
verified_0281,All non-rice crops,Irrigation scheduling,Methods described — item,Simple calculation method,,list_item,,Food and Agriculture Organization of the United Nations (FAO),"Irrigation Water Management: Irrigation Scheduling, Chapter 3",https://www.fao.org/4/t7202e/t7202e06.htm,"Chapter 3 > Sections 3.1-3.3 > Tables 3, 4 and 5",,Official scanned technical manual presented as an HTML chapter,,direct structured extraction of source list item,verified_against_visible_official_source,2026-07-24,False,
verified_0282,Tomato,Crop water need,February,69,mm/month,text,FAO example for a 150-day crop,Food and Agriculture Organization of the United Nations (FAO),"Irrigation Water Management: Irrigation Water Needs, Chapter 4",https://www.fao.org/4/s2022e/s2022e04.htm,Chapter 4 > Irrigation Water Needs > formula and tomato example,,Official scanned technical manual presented as an HTML chapter,,direct structured extraction,verified_against_visible_official_source,2026-07-24,False,
verified_0283,Wheat,Fertilizer,TSP,150,kg/ha,number,Conservation-tillage cropping-pattern fertilizer table,Bangladesh Agricultural Research Institute (BARI),ফসল বিন্যাসের ফলন বৃদ্ধি ও মৃত্তিকার ভৌতগুণাবলী উন্নয়নের জন্য সংরক্ষিত কর্ষণ ও শস্যের অবশেষ ব্যবহার,https://m.baritechnology.org/crops/tech_detail/293,প্রযুক্তির বিবরণ > conservation tillage depth and crop-residue system > fertilizer application,,Official webpage/table,TSP: 150,direct structured extraction,verified_against_visible_official_source,2026-07-24,False,
verified_0284,Cabbage,Soil benefits of vermicompost,Reported benefits — item,Improves physical properties,,list_item,,Bangladesh Agricultural Research Institute (BARI),কেঁচো সার ও রাসায়নিক সারের সমন্বিত প্রয়োগে বাঁধাকপি উৎপাদন,https://baritechnology.org/m/crops/tech_detail/297,প্রযুক্তির বিবরণ > fertilizer description > application method > crop care,,Official webpage/table,,direct structured extraction of source list item,verified_against_visible_official_source,2026-07-24,False,
verified_0285,Tomato,Seed,Seed rate — minimum,200,g/ha,number,,Bangladesh Agricultural Research Institute (BARI),জিংক ও বোরন সার পাতায় সিঞ্চণ প্রয়োগে টমেটো চাষ,https://baritechnology.org/m/crops/tech_detail/300,প্রযুক্তির বিবরণ > অঞ্চল/মাটি/বীজ > sowing/transplanting > fertilizer table > foliar application,,Official webpage/table,,structured parse of source-reported range,verified_against_visible_official_source,2026-07-24,False,
verified_0286,Tomato,Crop calendar,Nursery sowing window — end,End of November,,date_text,,Bangladesh Agricultural Research Institute (BARI),টমেটো উৎপাদনে আরবাস্কুলার মাইকোরাইজা ও ফসফরাসের ব্যবহার,https://baritechnology.org/m/crops/tech_detail/304,প্রযুক্তির বিবরণ > production technology table > fertilizer rate and method,,Official webpage/table,,direct structured extraction,verified_against_visible_official_source,2026-07-24,False,
verified_0287,Mango,Pruning,Material to remove — item,Unnecessary branches,,list_item,,Bangladesh Agricultural Research Institute (BARI),আমের ফুল ও ফল ঝরা রোধে টেকসই ব্যবস্থাপনা,https://baritechnology.org/m/crops/tech_detail/322,প্রযুক্তির বিবরণ > seasonal management > age-based fertilizer table > application method,,Official webpage/table,,direct structured extraction of source list item,verified_against_visible_official_source,2026-07-24,False,
verified_0288,Bt Brinjal,Seed,Seed rate — reported range,200-250,g/ha,range,,Bangladesh Agricultural Research Institute (BARI),বিটি বেগুনের উন্নত উৎপাদন প্রযুক্তি,https://baritechnology.org/m/crops/tech_detail/333,"প্রযুক্তির বিবরণ > varieties/seedlings > soil and planting > irrigation, harvest, yield and finance",,Official webpage/table,,direct structured extraction of source-reported range,verified_against_visible_official_source,2026-07-24,False,
verified_0289,Brinjal,Seed,Seed rate — maximum,250,g/ha,number,,Bangladesh Agricultural Research Institute (BARI),আন্তঃফসল হিসাবে বেগুনের সাথে ঝাড়শীমের চাষ,https://baritechnology.org/m/crops/tech_detail/334,"প্রযুক্তির বিবরণ > varieties and seed rate > soil and planting > harvest, yield and finance",,Official webpage/table,,structured parse of source-reported range,verified_against_visible_official_source,2026-07-24,False,
verified_0290,Cropping system,Crop sequence,Crops — item,T. Aman Rice,,list_item,,Bangladesh Agricultural Research Institute (BARI),উঁচু গঙ্গাবাহিত প্লাবন ভূমিতে আলু-পেঁয়াজ/ভুট্টা-রোপাআমন ধান ফসল ধারায় সার সুপারিশমালা,https://baritechnology.org/m/crops/tech_detail/346,"প্রযুক্তির বিবরণ > crop sequence, seed rate and fertilizer table > management and yield",,Official webpage/table,,direct structured extraction of source list item,verified_against_visible_official_source,2026-07-24,False,
verified_0291,Onion,Fertilizer,TSP,260,kg/ha,number,Kurigram four-crop system fertilizer table,Bangladesh Agricultural Research Institute (BARI),পেঁয়াজ/মুগডাল-পাট-রোপা আমন ধান: কুড়িগ্রাম অঞ্চলের একটি চার ফসল ভিত্তিক উন্নত ফসল বিন্যাস,https://baritechnology.org/m/crops/tech_detail/348,"প্রযুক্তির বিবরণ > fertilizer table > management, harvest and yield",,Official webpage/table,TSP: 260,direct structured extraction,verified_against_visible_official_source,2026-07-24,False,
verified_0292,Cropping system,Finance,Reported profit increase,125,percent,text,,Bangladesh Agricultural Research Institute (BARI),খুলনার উপকূলীয় অঞ্চলে রোপাআমন-সরিষা-মুগডাল একটি উন্নত ফসল ধারা,https://baritechnology.org/m/crops/tech_detail/349,"প্রযুক্তির বিবরণ > উৎপাদন প্রযুক্তি > সারের নাম table > সার প্রয়োগ পদ্ধতি, আন্তঃপরিচর্যা ও ফলন",,Official webpage/table,,direct structured extraction,verified_against_visible_official_source,2026-07-24,False,
verified_0293,Garlic and Groundnut,Fertilizer,TSP,400,kg/ha,number,Intercropping technology fertilizer package,Bangladesh Agricultural Research Institute (BARI),বগুড়ার চরাঞ্চলে রসুনের সাথে চীনাবাদামের আন্তঃফসল চাষ একটি লাভজনক প্রযুক্তি,https://baritechnology.org/m/crops/tech_detail/350,"প্রযুক্তির বিবরণ > fertilizer table > management > harvest, yield and finance",,Official webpage/table,TSP: 400,direct structured extraction,verified_against_visible_official_source,2026-07-24,False,
verified_0294,Cropping system,Region,Suitable AEZ — item,AEZ-7,,list_item,Tangail and similar areas,Bangladesh Agricultural Research Institute (BARI),সরিষা-বোরো ধান-পাট-রোপা আমন ধান: টাংগাইল অঞ্চলের একটি অধিক উৎপাদনশীল ফসল বিন্যাস,https://m.baritechnology.org/crops/tech_detail/353,প্রযুক্তির বিবরণ > system comparison > varieties and seed rates > fertilizer table,,Official webpage/table,,direct structured extraction of source list item,verified_against_visible_official_source,2026-07-24,False,
verified_0295,Wheat,Fertilizer,Zinc sulphate,18,kg/ha,number,Wheat–T. Aman cropping system table; source display labels gypsum inconsistently,Bangladesh Agricultural Research Institute (BARI),গম-রোপা আমন ধান ফসল ধারার সার ও সেচ ব্যবস্থাপনা,https://baritechnology.org/m/crops/tech_detail/357,প্রযুক্তির বিবরণ > fertilizer table > fertilizer timing and irrigation,,Official webpage/table,Zinc sulphate: 18,direct structured extraction,verified_against_visible_official_source,2026-07-24,False,
verified_0296,Coconut,Sanitation,Pre-fertilizer cleaning — full list,Remove old fronds; Remove accumulated debris at frond bases; Remove leaf litter,,list,,Bangladesh Agricultural Research Institute (BARI),নারিকেলের সমন্বিত ফসল ব্যবস্থাপনা,https://baritechnology.org/m/crops/tech_detail/456,প্রযুক্তির বিবরণ > fertilizer timing and sanitation > pest and disease management,,Official webpage/table,,direct structured extraction of source list,verified_against_visible_official_source,2026-07-24,False,
verified_0297,Maize and dwarf yardlong bean,Region,Suitable areas — item,Jashore,,list_item,,Bangladesh Agricultural Research Institute (BARI),আন্তঃফসল হিসাবে ভুট্টার সাথে খাটো জাতের বরবটির চাষ,https://baritechnology.org/m/crops/tech_detail/502,প্রযুক্তির বিবরণ > crop/variety/area > sowing and harvest > fertilizer management > yield,,Official webpage/table,,direct structured extraction of source list item,verified_against_visible_official_source,2026-07-24,False,
verified_0298,Onion,Region,Suitable districts — item,Rangpur,,list_item,,Bangladesh Agricultural Research Institute (BARI),পেঁয়াজ চাষে সমন্বিত আগাছা ব্যবস্থাপনা,https://baritechnology.org/m/crops/tech_detail/506,প্রযুক্তির বিবরণ > variety/area > planting and harvest > fertilizer rate and application,,Official webpage/table,,direct structured extraction of source list item,verified_against_visible_official_source,2026-07-24,False,
verified_0299,Chia,Nutritional composition,Lipid — minimum,30,percent,number,,Bangladesh Agricultural Research Institute (BARI),চিয়া চাষে কৃষিতাত্ত্বিক ব্যবস্থাপনা,https://baritechnology.org/m/crops/tech_detail/518,প্রযুক্তির বিবরণ > nutrient composition > fertilizer description > planting method > suitability,,Official webpage/table,,structured parse of source-reported range,verified_against_visible_official_source,2026-07-24,False,
verified_0300,BR6,Season classification,Rice season,Aus,,text,,Bangladesh Rice Research Institute (BRRI),আউশ ধানের জাত,https://brri.gov.bd/site/page/51edd399-1ba3-4f9c-bf82-125d681b8ff8/আউশ-ধানের-জাত,আউশ ধানের জাত > variety download list,,Official webpage/table,,direct structured extraction,verified_against_visible_official_source,2026-07-24,False,
verified_0301,BRRI dhan117,Season classification,Rice season,Boro,,text,,Bangladesh Rice Research Institute (BRRI),ব্রি উদ্ভাবিত নতুন বোরো ধানের জাতসমূহ,https://brri.gov.bd/pages/static-pages/699d278d0517136ccaa33510,নতুন বোরো ধানের জাতসমূহ table,,Official webpage/table,,direct structured extraction,verified_against_visible_official_source,2026-07-24,False,
verified_0302,BRRI dhan110,Institution,Developer,BRRI,,text,,Bangladesh Rice Research Institute (BRRI),বিগত বছরে ব্রির উদ্ভাবিত ধানের জাতসমূহ,https://brri.gov.bd/site/page/dccbd42b-3258-467b-8b47-fc74e6bd15e1,বিগত বছরে ব্রির উদ্ভাবিত ধানের জাতসমূহ > বছর ও জাতসমূহ table,,Official webpage/table,,direct structured extraction,verified_against_visible_official_source,2026-07-24,False,
verified_0303,BWMRI Hybrid Maize-2,Plant morphology,Plant height — maximum,240,cm,number,,Bangladesh Wheat and Maize Research Institute (BWMRI),বিডাব্লিউএমআরআই হাইব্রিড ভুট্টা ২,https://bwmri.gov.bd/pages/static-pages/6922dfff933eb65569e24fc5,জাতের পাতা > জাতের বৈশিষ্ট্য > উপযোগী এলাকা > ফলন,,Official webpage/table,,structured parse of source-reported range,verified_against_visible_official_source,2026-07-24,False,
verified_0304,BARI Hybrid Maize-9,Crop duration,Rabi duration — maximum,150,days,number,,Bangladesh Wheat and Maize Research Institute (BWMRI),বারি হাইব্রিড ভুট্টা ৯,https://bwmri.gov.bd/pages/static-pages/6922def6933eb65569e1ebb3,জাতের পাতা > জাতের বৈশিষ্ট্য > উপযোগী এলাকা > ফলন,,Official webpage/table,,structured parse of source-reported range,verified_against_visible_official_source,2026-07-24,False,
verified_0305,BARI Gom-25,Variety trait,Thousand-grain weight — minimum,54,g,number,,Bangladesh Wheat and Maize Research Institute (BWMRI),BARI Gom-25,https://bwmri.gov.bd/site/page/ba774aa2-708e-4438-b977-a206b1113d7b/,জাতের পাতা > জাতের বৈশিষ্ট্য > উপযোগী এলাকা > ফলন,,Official webpage/table,,structured parse of source-reported range,verified_against_visible_official_source,2026-07-24,False,
verified_0306,BARI Gom-26,Variety trait,Thousand-grain weight — minimum,48,g,number,,Bangladesh Wheat and Maize Research Institute (BWMRI),BARI Gom-26,https://bwmri.gov.bd/pages/static-pages/6922e073933eb65569e271de,জাতের পাতা > জাতের বৈশিষ্ট্য > উপযোগী এলাকা > ফলন,,Official webpage/table,,structured parse of source-reported range,verified_against_visible_official_source,2026-07-24,False,
verified_0307,BARI Gom-27,Variety trait,Crop duration — reported range,107-112,days,range,,Bangladesh Wheat and Maize Research Institute (BWMRI),BARI Gom-27,https://bwmri.gov.bd/pages/static-pages/6922df57933eb65569e21533,জাতের পাতা > জাতের বৈশিষ্ট্য > উপযোগী এলাকা > ফলন,,Official webpage/table,,direct structured extraction of source-reported range,verified_against_visible_official_source,2026-07-24,False,
verified_0308,BARI Gom-28,Variety trait,Crop duration — reported range,102-108,days,range,,Bangladesh Wheat and Maize Research Institute (BWMRI),BARI Gom-28,https://bwmri.gov.bd/site/page/d985dfcc-d5f6-4466-8793-26bd129b52c2/,জাতের পাতা > জাতের বৈশিষ্ট্য > উপযোগী এলাকা > ফলন,,Official webpage/table,,direct structured extraction of source-reported range,verified_against_visible_official_source,2026-07-24,False,
verified_0309,BARI Gom-30,Variety trait,Crop duration — reported range,104-108,days,range,,Bangladesh Wheat and Maize Research Institute (BWMRI),BARI Gom-30,https://bwmri.gov.bd/pages/static-pages/6922de18933eb65569e1831b,জাতের পাতা > জাতের বৈশিষ্ট্য > উপযোগী এলাকা > ফলন,,Official webpage/table,,direct structured extraction of source-reported range,verified_against_visible_official_source,2026-07-24,False,
verified_0310,BARI Gom-31,Variety trait,Crop duration — reported range,100-108,days,range,,Bangladesh Wheat and Maize Research Institute (BWMRI),BARI Gom-31,https://bwmri.gov.bd/pages/static-pages/6922dcd2933eb65569e123f6,জাতের পাতা > জাতের বৈশিষ্ট্য > উপযোগী এলাকা > ফলন,,Official webpage/table,,direct structured extraction of source-reported range,verified_against_visible_official_source,2026-07-24,False,
verified_0311,BARI Gom-32,Variety trait,Crop duration — reported range,102-106,days,range,,Bangladesh Wheat and Maize Research Institute (BWMRI),BARI Gom-32,https://bwmri.gov.bd/pages/static-pages/6922e087933eb65569e276c5,জাতের পাতা > জাতের বৈশিষ্ট্য > উপযোগী এলাকা > ফলন,,Official webpage/table,,direct structured extraction of source-reported range,verified_against_visible_official_source,2026-07-24,False,
verified_0312,BARI Gom-33,Variety trait,Crop duration — minimum,108,days,number,,Bangladesh Wheat and Maize Research Institute (BWMRI),BARI Gom-33,https://bwmri.gov.bd/site/page/3873b43b-5523-4681-94f1-0e1bda851d1b,জাতের পাতা > জাতের বৈশিষ্ট্য > উপযোগী এলাকা > ফলন,,Official webpage/table,,structured parse of source-reported range,verified_against_visible_official_source,2026-07-24,False,
verified_0313,BWMRI Gom-5,Variety trait,Crop duration — minimum,112,days,number,,Bangladesh Wheat and Maize Research Institute (BWMRI),BWMRI Gom-5,https://bwmri.gov.bd/pages/static-pages/6922dc25933eb65569e0ea41,জাতের পাতা > জাতের বৈশিষ্ট্য > উপযোগী এলাকা > ফলন,,Official webpage/table,,structured parse of source-reported range,verified_against_visible_official_source,2026-07-24,False,
verified_0314,Wheat in Bangladesh,Crop coefficient,Mid,1.15,Kc,text,February-March,Food and Agriculture Organization of the United Nations (FAO),AQUASTAT Irrigated Crop Calendars and Irrigation Water Requirement,https://www.fao.org/aquastat/en/data-analysis/irrig-water-use/irrigated-crop-calendars/index.html,Irrigated crop calendars > Bangladesh example; Irrigation water requirement > wheat example,,Official webpage/table,,direct structured extraction,verified_against_visible_official_source,2026-07-24,False,
verified_0315,All non-rice crops,Irrigation scheduling,Early-season principle,Use smaller and more frequent applications because young crops have shallow roots and lower evapotranspiration,,text,,Food and Agriculture Organization of the United Nations (FAO),"Irrigation Water Management: Irrigation Scheduling, Chapter 3",https://www.fao.org/4/t7202e/t7202e06.htm,"Chapter 3 > Sections 3.1-3.3 > Tables 3, 4 and 5",,Official scanned technical manual presented as an HTML chapter,,direct structured extraction,verified_against_visible_official_source,2026-07-24,False,
verified_0316,Tomato,Crop water need,March,123,mm/month,text,FAO example for a 150-day crop,Food and Agriculture Organization of the United Nations (FAO),"Irrigation Water Management: Irrigation Water Needs, Chapter 4",https://www.fao.org/4/s2022e/s2022e04.htm,Chapter 4 > Irrigation Water Needs > formula and tomato example,,Official scanned technical manual presented as an HTML chapter,,direct structured extraction,verified_against_visible_official_source,2026-07-24,False,
verified_0317,Wheat,Fertilizer,MoP,120,kg/ha,number,Conservation-tillage cropping-pattern fertilizer table,Bangladesh Agricultural Research Institute (BARI),ফসল বিন্যাসের ফলন বৃদ্ধি ও মৃত্তিকার ভৌতগুণাবলী উন্নয়নের জন্য সংরক্ষিত কর্ষণ ও শস্যের অবশেষ ব্যবহার,https://m.baritechnology.org/crops/tech_detail/293,প্রযুক্তির বিবরণ > conservation tillage depth and crop-residue system > fertilizer application,,Official webpage/table,MoP: 120,direct structured extraction,verified_against_visible_official_source,2026-07-24,False,
verified_0318,Cabbage,Soil benefits of vermicompost,Reported benefits — item,Improves chemical properties,,list_item,,Bangladesh Agricultural Research Institute (BARI),কেঁচো সার ও রাসায়নিক সারের সমন্বিত প্রয়োগে বাঁধাকপি উৎপাদন,https://baritechnology.org/m/crops/tech_detail/297,প্রযুক্তির বিবরণ > fertilizer description > application method > crop care,,Official webpage/table,,direct structured extraction of source list item,verified_against_visible_official_source,2026-07-24,False,
verified_0319,Tomato,Seed,Seed rate — maximum,250,g/ha,number,,Bangladesh Agricultural Research Institute (BARI),জিংক ও বোরন সার পাতায় সিঞ্চণ প্রয়োগে টমেটো চাষ,https://baritechnology.org/m/crops/tech_detail/300,প্রযুক্তির বিবরণ > অঞ্চল/মাটি/বীজ > sowing/transplanting > fertilizer table > foliar application,,Official webpage/table,,structured parse of source-reported range,verified_against_visible_official_source,2026-07-24,False,
verified_0320,Tomato,Nursery,Seedling age at transplanting — reported range,30-35,days,range,,Bangladesh Agricultural Research Institute (BARI),টমেটো উৎপাদনে আরবাস্কুলার মাইকোরাইজা ও ফসফরাসের ব্যবহার,https://baritechnology.org/m/crops/tech_detail/304,প্রযুক্তির বিবরণ > production technology table > fertilizer rate and method,,Official webpage/table,,direct structured extraction of source-reported range,verified_against_visible_official_source,2026-07-24,False,
verified_0321,Mango,Pruning,Material to remove — item,Parasitic plants,,list_item,,Bangladesh Agricultural Research Institute (BARI),আমের ফুল ও ফল ঝরা রোধে টেকসই ব্যবস্থাপনা,https://baritechnology.org/m/crops/tech_detail/322,প্রযুক্তির বিবরণ > seasonal management > age-based fertilizer table > application method,,Official webpage/table,,direct structured extraction of source list item,verified_against_visible_official_source,2026-07-24,False,
verified_0322,Bt Brinjal,Seed,Seed rate — minimum,200,g/ha,number,,Bangladesh Agricultural Research Institute (BARI),বিটি বেগুনের উন্নত উৎপাদন প্রযুক্তি,https://baritechnology.org/m/crops/tech_detail/333,"প্রযুক্তির বিবরণ > varieties/seedlings > soil and planting > irrigation, harvest, yield and finance",,Official webpage/table,,structured parse of source-reported range,verified_against_visible_official_source,2026-07-24,False,
verified_0323,Dwarf hyacinth bean,Seed,Seed rate,85,kg/ha,text,,Bangladesh Agricultural Research Institute (BARI),আন্তঃফসল হিসাবে বেগুনের সাথে ঝাড়শীমের চাষ,https://baritechnology.org/m/crops/tech_detail/334,"প্রযুক্তির বিবরণ > varieties and seed rate > soil and planting > harvest, yield and finance",,Official webpage/table,,direct structured extraction,verified_against_visible_official_source,2026-07-24,False,
verified_0324,Potato,Crop calendar,Planting time,First week of November,,text,,Bangladesh Agricultural Research Institute (BARI),উঁচু গঙ্গাবাহিত প্লাবন ভূমিতে আলু-পেঁয়াজ/ভুট্টা-রোপাআমন ধান ফসল ধারায় সার সুপারিশমালা,https://baritechnology.org/m/crops/tech_detail/346,"প্রযুক্তির বিবরণ > crop sequence, seed rate and fertilizer table > management and yield",,Official webpage/table,,direct structured extraction,verified_against_visible_official_source,2026-07-24,False,
verified_0325,Onion,Fertilizer,MoP,330,kg/ha,number,Kurigram four-crop system fertilizer table,Bangladesh Agricultural Research Institute (BARI),পেঁয়াজ/মুগডাল-পাট-রোপা আমন ধান: কুড়িগ্রাম অঞ্চলের একটি চার ফসল ভিত্তিক উন্নত ফসল বিন্যাস,https://baritechnology.org/m/crops/tech_detail/348,"প্রযুক্তির বিবরণ > fertilizer table > management, harvest and yield",,Official webpage/table,MoP: 330,direct structured extraction,verified_against_visible_official_source,2026-07-24,False,
verified_0326,Cropping system,Region,Suitable AEZ — full list,AEZ-11; AEZ-13; AEZ-14,,list,Khulna coastal and similar areas,Bangladesh Agricultural Research Institute (BARI),খুলনার উপকূলীয় অঞ্চলে রোপাআমন-সরিষা-মুগডাল একটি উন্নত ফসল ধারা,https://baritechnology.org/m/crops/tech_detail/349,"প্রযুক্তির বিবরণ > উৎপাদন প্রযুক্তি > সারের নাম table > সার প্রয়োগ পদ্ধতি, আন্তঃপরিচর্যা ও ফলন",,Official webpage/table,,direct structured extraction of source list,verified_against_visible_official_source,2026-07-24,False,
verified_0327,Garlic and Groundnut,Fertilizer,MoP,80,kg/ha,number,Intercropping technology fertilizer package,Bangladesh Agricultural Research Institute (BARI),বগুড়ার চরাঞ্চলে রসুনের সাথে চীনাবাদামের আন্তঃফসল চাষ একটি লাভজনক প্রযুক্তি,https://baritechnology.org/m/crops/tech_detail/350,"প্রযুক্তির বিবরণ > fertilizer table > management > harvest, yield and finance",,Official webpage/table,MoP: 80,direct structured extraction,verified_against_visible_official_source,2026-07-24,False,
verified_0328,Cropping system,Region,Suitable AEZ — item,AEZ-8,,list_item,Tangail and similar areas,Bangladesh Agricultural Research Institute (BARI),সরিষা-বোরো ধান-পাট-রোপা আমন ধান: টাংগাইল অঞ্চলের একটি অধিক উৎপাদনশীল ফসল বিন্যাস,https://m.baritechnology.org/crops/tech_detail/353,প্রযুক্তির বিবরণ > system comparison > varieties and seed rates > fertilizer table,,Official webpage/table,,direct structured extraction of source list item,verified_against_visible_official_source,2026-07-24,False,
verified_0329,Wheat,Fertilizer,Boric acid,6,kg/ha,number,Wheat–T. Aman cropping system table; source display labels gypsum inconsistently,Bangladesh Agricultural Research Institute (BARI),গম-রোপা আমন ধান ফসল ধারার সার ও সেচ ব্যবস্থাপনা,https://baritechnology.org/m/crops/tech_detail/357,প্রযুক্তির বিবরণ > fertilizer table > fertilizer timing and irrigation,,Official webpage/table,Boric acid: 6,direct structured extraction,verified_against_visible_official_source,2026-07-24,False,
verified_0330,Coconut,Sanitation,Pre-fertilizer cleaning — item,Remove old fronds,,list_item,,Bangladesh Agricultural Research Institute (BARI),নারিকেলের সমন্বিত ফসল ব্যবস্থাপনা,https://baritechnology.org/m/crops/tech_detail/456,প্রযুক্তির বিবরণ > fertilizer timing and sanitation > pest and disease management,,Official webpage/table,,direct structured extraction of source list item,verified_against_visible_official_source,2026-07-24,False,
verified_0331,Maize and dwarf yardlong bean,Region,Suitable areas — item,Pabna,,list_item,,Bangladesh Agricultural Research Institute (BARI),আন্তঃফসল হিসাবে ভুট্টার সাথে খাটো জাতের বরবটির চাষ,https://baritechnology.org/m/crops/tech_detail/502,প্রযুক্তির বিবরণ > crop/variety/area > sowing and harvest > fertilizer management > yield,,Official webpage/table,,direct structured extraction of source list item,verified_against_visible_official_source,2026-07-24,False,
verified_0332,Onion,Region,Suitable districts — item,Faridpur,,list_item,,Bangladesh Agricultural Research Institute (BARI),পেঁয়াজ চাষে সমন্বিত আগাছা ব্যবস্থাপনা,https://baritechnology.org/m/crops/tech_detail/506,প্রযুক্তির বিবরণ > variety/area > planting and harvest > fertilizer rate and application,,Official webpage/table,,direct structured extraction of source list item,verified_against_visible_official_source,2026-07-24,False,
verified_0333,Chia,Nutritional composition,Lipid — maximum,33,percent,number,,Bangladesh Agricultural Research Institute (BARI),চিয়া চাষে কৃষিতাত্ত্বিক ব্যবস্থাপনা,https://baritechnology.org/m/crops/tech_detail/518,প্রযুক্তির বিবরণ > nutrient composition > fertilizer description > planting method > suitability,,Official webpage/table,,structured parse of source-reported range,verified_against_visible_official_source,2026-07-24,False,
verified_0334,BR6,Resource availability,Official variety document,Download listed on BRRI page,,text,,Bangladesh Rice Research Institute (BRRI),আউশ ধানের জাত,https://brri.gov.bd/site/page/51edd399-1ba3-4f9c-bf82-125d681b8ff8/আউশ-ধানের-জাত,আউশ ধানের জাত > variety download list,,Official webpage/table,,direct structured extraction,verified_against_visible_official_source,2026-07-24,False,
verified_0335,BRRI dhan117,Variety status,Listed as new BRRI Boro variety,True,,boolean,,Bangladesh Rice Research Institute (BRRI),ব্রি উদ্ভাবিত নতুন বোরো ধানের জাতসমূহ,https://brri.gov.bd/pages/static-pages/699d278d0517136ccaa33510,নতুন বোরো ধানের জাতসমূহ table,,Official webpage/table,,direct structured extraction,verified_against_visible_official_source,2026-07-24,False,
verified_0336,BRRI dhan111,Release,Release year,2025,year,text,,Bangladesh Rice Research Institute (BRRI),বিগত বছরে ব্রির উদ্ভাবিত ধানের জাতসমূহ,https://brri.gov.bd/site/page/dccbd42b-3258-467b-8b47-fc74e6bd15e1,বিগত বছরে ব্রির উদ্ভাবিত ধানের জাতসমূহ > বছর ও জাতসমূহ table,,Official webpage/table,,direct structured extraction,verified_against_visible_official_source,2026-07-24,False,
verified_0337,BWMRI Hybrid Maize-2,Plant morphology,Cob height — reported range,100-130,cm,range,,Bangladesh Wheat and Maize Research Institute (BWMRI),বিডাব্লিউএমআরআই হাইব্রিড ভুট্টা ২,https://bwmri.gov.bd/pages/static-pages/6922dfff933eb65569e24fc5,জাতের পাতা > জাতের বৈশিষ্ট্য > উপযোগী এলাকা > ফলন,,Official webpage/table,,direct structured extraction of source-reported range,verified_against_visible_official_source,2026-07-24,False,
verified_0338,BARI Hybrid Maize-9,Crop duration,Kharif duration — reported range,105-110,days,range,,Bangladesh Wheat and Maize Research Institute (BWMRI),বারি হাইব্রিড ভুট্টা ৯,https://bwmri.gov.bd/pages/static-pages/6922def6933eb65569e1ebb3,জাতের পাতা > জাতের বৈশিষ্ট্য > উপযোগী এলাকা > ফলন,,Official webpage/table,,direct structured extraction of source-reported range,verified_against_visible_official_source,2026-07-24,False,
verified_0339,BARI Gom-25,Variety trait,Thousand-grain weight — maximum,58,g,number,,Bangladesh Wheat and Maize Research Institute (BWMRI),BARI Gom-25,https://bwmri.gov.bd/site/page/ba774aa2-708e-4438-b977-a206b1113d7b/,জাতের পাতা > জাতের বৈশিষ্ট্য > উপযোগী এলাকা > ফলন,,Official webpage/table,,structured parse of source-reported range,verified_against_visible_official_source,2026-07-24,False,
verified_0340,BARI Gom-26,Variety trait,Thousand-grain weight — maximum,52,g,number,,Bangladesh Wheat and Maize Research Institute (BWMRI),BARI Gom-26,https://bwmri.gov.bd/pages/static-pages/6922e073933eb65569e271de,জাতের পাতা > জাতের বৈশিষ্ট্য > উপযোগী এলাকা > ফলন,,Official webpage/table,,structured parse of source-reported range,verified_against_visible_official_source,2026-07-24,False,
verified_0341,BARI Gom-27,Variety trait,Crop duration — minimum,107,days,number,,Bangladesh Wheat and Maize Research Institute (BWMRI),BARI Gom-27,https://bwmri.gov.bd/pages/static-pages/6922df57933eb65569e21533,জাতের পাতা > জাতের বৈশিষ্ট্য > উপযোগী এলাকা > ফলন,,Official webpage/table,,structured parse of source-reported range,verified_against_visible_official_source,2026-07-24,False,
verified_0342,BARI Gom-28,Variety trait,Crop duration — minimum,102,days,number,,Bangladesh Wheat and Maize Research Institute (BWMRI),BARI Gom-28,https://bwmri.gov.bd/site/page/d985dfcc-d5f6-4466-8793-26bd129b52c2/,জাতের পাতা > জাতের বৈশিষ্ট্য > উপযোগী এলাকা > ফলন,,Official webpage/table,,structured parse of source-reported range,verified_against_visible_official_source,2026-07-24,False,
verified_0343,BARI Gom-30,Variety trait,Crop duration — minimum,104,days,number,,Bangladesh Wheat and Maize Research Institute (BWMRI),BARI Gom-30,https://bwmri.gov.bd/pages/static-pages/6922de18933eb65569e1831b,জাতের পাতা > জাতের বৈশিষ্ট্য > উপযোগী এলাকা > ফলন,,Official webpage/table,,structured parse of source-reported range,verified_against_visible_official_source,2026-07-24,False,
verified_0344,BARI Gom-31,Variety trait,Crop duration — minimum,100,days,number,,Bangladesh Wheat and Maize Research Institute (BWMRI),BARI Gom-31,https://bwmri.gov.bd/pages/static-pages/6922dcd2933eb65569e123f6,জাতের পাতা > জাতের বৈশিষ্ট্য > উপযোগী এলাকা > ফলন,,Official webpage/table,,structured parse of source-reported range,verified_against_visible_official_source,2026-07-24,False,
verified_0345,BARI Gom-32,Variety trait,Crop duration — minimum,102,days,number,,Bangladesh Wheat and Maize Research Institute (BWMRI),BARI Gom-32,https://bwmri.gov.bd/pages/static-pages/6922e087933eb65569e276c5,জাতের পাতা > জাতের বৈশিষ্ট্য > উপযোগী এলাকা > ফলন,,Official webpage/table,,structured parse of source-reported range,verified_against_visible_official_source,2026-07-24,False,
verified_0346,BARI Gom-33,Variety trait,Crop duration — maximum,112,days,number,,Bangladesh Wheat and Maize Research Institute (BWMRI),BARI Gom-33,https://bwmri.gov.bd/site/page/3873b43b-5523-4681-94f1-0e1bda851d1b,জাতের পাতা > জাতের বৈশিষ্ট্য > উপযোগী এলাকা > ফলন,,Official webpage/table,,structured parse of source-reported range,verified_against_visible_official_source,2026-07-24,False,
verified_0347,BWMRI Gom-5,Variety trait,Crop duration — maximum,117,days,number,,Bangladesh Wheat and Maize Research Institute (BWMRI),BWMRI Gom-5,https://bwmri.gov.bd/pages/static-pages/6922dc25933eb65569e0ea41,জাতের পাতা > জাতের বৈশিষ্ট্য > উপযোগী এলাকা > ফলন,,Official webpage/table,,structured parse of source-reported range,verified_against_visible_official_source,2026-07-24,False,
verified_0348,Wheat in Bangladesh,Crop coefficient,Late,0.3,Kc,text,April,Food and Agriculture Organization of the United Nations (FAO),AQUASTAT Irrigated Crop Calendars and Irrigation Water Requirement,https://www.fao.org/aquastat/en/data-analysis/irrig-water-use/irrigated-crop-calendars/index.html,Irrigated crop calendars > Bangladesh example; Irrigation water requirement > wheat example,,Official webpage/table,,direct structured extraction,verified_against_visible_official_source,2026-07-24,False,
verified_0349,All non-rice crops,Irrigation scheduling,Mid-season principle,Use larger and less frequent applications because evapotranspiration and root depth are higher,,text,,Food and Agriculture Organization of the United Nations (FAO),"Irrigation Water Management: Irrigation Scheduling, Chapter 3",https://www.fao.org/4/t7202e/t7202e06.htm,"Chapter 3 > Sections 3.1-3.3 > Tables 3, 4 and 5",,Official scanned technical manual presented as an HTML chapter,,direct structured extraction,verified_against_visible_official_source,2026-07-24,False,
verified_0350,Tomato,Crop water need,April,180,mm/month,text,FAO example for a 150-day crop,Food and Agriculture Organization of the United Nations (FAO),"Irrigation Water Management: Irrigation Water Needs, Chapter 4",https://www.fao.org/4/s2022e/s2022e04.htm,Chapter 4 > Irrigation Water Needs > formula and tomato example,,Official scanned technical manual presented as an HTML chapter,,direct structured extraction,verified_against_visible_official_source,2026-07-24,False,
verified_0351,Wheat,Fertilizer,Gypsum,94,kg/ha,number,Conservation-tillage cropping-pattern fertilizer table,Bangladesh Agricultural Research Institute (BARI),ফসল বিন্যাসের ফলন বৃদ্ধি ও মৃত্তিকার ভৌতগুণাবলী উন্নয়নের জন্য সংরক্ষিত কর্ষণ ও শস্যের অবশেষ ব্যবহার,https://m.baritechnology.org/crops/tech_detail/293,প্রযুক্তির বিবরণ > conservation tillage depth and crop-residue system > fertilizer application,,Official webpage/table,Gypsum: 94,direct structured extraction,verified_against_visible_official_source,2026-07-24,False,
verified_0352,Cabbage,Soil benefits of vermicompost,Reported benefits — item,Improves biological properties,,list_item,,Bangladesh Agricultural Research Institute (BARI),কেঁচো সার ও রাসায়নিক সারের সমন্বিত প্রয়োগে বাঁধাকপি উৎপাদন,https://baritechnology.org/m/crops/tech_detail/297,প্রযুক্তির বিবরণ > fertilizer description > application method > crop care,,Official webpage/table,,direct structured extraction of source list item,verified_against_visible_official_source,2026-07-24,False,
verified_0353,Tomato,Crop calendar,Seed sowing window — reported window,Mid-August to Mid-October,,date_window,,Bangladesh Agricultural Research Institute (BARI),জিংক ও বোরন সার পাতায় সিঞ্চণ প্রয়োগে টমেটো চাষ,https://baritechnology.org/m/crops/tech_detail/300,প্রযুক্তির বিবরণ > অঞ্চল/মাটি/বীজ > sowing/transplanting > fertilizer table > foliar application,,Official webpage/table,,direct structured extraction,verified_against_visible_official_source,2026-07-24,False,
verified_0354,Tomato,Nursery,Seedling age at transplanting — minimum,30,days,number,,Bangladesh Agricultural Research Institute (BARI),টমেটো উৎপাদনে আরবাস্কুলার মাইকোরাইজা ও ফসফরাসের ব্যবহার,https://baritechnology.org/m/crops/tech_detail/304,প্রযুক্তির বিবরণ > production technology table > fertilizer rate and method,,Official webpage/table,,structured parse of source-reported range,verified_against_visible_official_source,2026-07-24,False,
verified_0355,Mango,Fertilizer timing,Main fertilizer application window — reported window,Last week of September to First week of October,,date_window,,Bangladesh Agricultural Research Institute (BARI),আমের ফুল ও ফল ঝরা রোধে টেকসই ব্যবস্থাপনা,https://baritechnology.org/m/crops/tech_detail/322,প্রযুক্তির বিবরণ > seasonal management > age-based fertilizer table > application method,,Official webpage/table,,direct structured extraction,verified_against_visible_official_source,2026-07-24,False,
verified_0356,Bt Brinjal,Seed,Seed rate — maximum,250,g/ha,number,,Bangladesh Agricultural Research Institute (BARI),বিটি বেগুনের উন্নত উৎপাদন প্রযুক্তি,https://baritechnology.org/m/crops/tech_detail/333,"প্রযুক্তির বিবরণ > varieties/seedlings > soil and planting > irrigation, harvest, yield and finance",,Official webpage/table,,structured parse of source-reported range,verified_against_visible_official_source,2026-07-24,False,
verified_0357,Brinjal and dwarf hyacinth bean,Soil,Suitable soil — full list,Organic-matter-rich loam; Organic-matter-rich sandy loam,,list,,Bangladesh Agricultural Research Institute (BARI),আন্তঃফসল হিসাবে বেগুনের সাথে ঝাড়শীমের চাষ,https://baritechnology.org/m/crops/tech_detail/334,"প্রযুক্তির বিবরণ > varieties and seed rate > soil and planting > harvest, yield and finance",,Official webpage/table,,direct structured extraction of source list,verified_against_visible_official_source,2026-07-24,False,
verified_0358,Onion,Crop calendar,Planting time,First week of February,,text,,Bangladesh Agricultural Research Institute (BARI),উঁচু গঙ্গাবাহিত প্লাবন ভূমিতে আলু-পেঁয়াজ/ভুট্টা-রোপাআমন ধান ফসল ধারায় সার সুপারিশমালা,https://baritechnology.org/m/crops/tech_detail/346,"প্রযুক্তির বিবরণ > crop sequence, seed rate and fertilizer table > management and yield",,Official webpage/table,,direct structured extraction,verified_against_visible_official_source,2026-07-24,False,
verified_0359,Onion,Fertilizer,Gypsum,125,kg/ha,number,Kurigram four-crop system fertilizer table,Bangladesh Agricultural Research Institute (BARI),পেঁয়াজ/মুগডাল-পাট-রোপা আমন ধান: কুড়িগ্রাম অঞ্চলের একটি চার ফসল ভিত্তিক উন্নত ফসল বিন্যাস,https://baritechnology.org/m/crops/tech_detail/348,"প্রযুক্তির বিবরণ > fertilizer table > management, harvest and yield",,Official webpage/table,Gypsum: 125,direct structured extraction,verified_against_visible_official_source,2026-07-24,False,
verified_0360,Cropping system,Region,Suitable AEZ — item,AEZ-11,,list_item,Khulna coastal and similar areas,Bangladesh Agricultural Research Institute (BARI),খুলনার উপকূলীয় অঞ্চলে রোপাআমন-সরিষা-মুগডাল একটি উন্নত ফসল ধারা,https://baritechnology.org/m/crops/tech_detail/349,"প্রযুক্তির বিবরণ > উৎপাদন প্রযুক্তি > সারের নাম table > সার প্রয়োগ পদ্ধতি, আন্তঃপরিচর্যা ও ফলন",,Official webpage/table,,direct structured extraction of source list item,verified_against_visible_official_source,2026-07-24,False,
verified_0361,Garlic and Groundnut,Fertilizer,Gypsum,170,kg/ha,number,Intercropping technology fertilizer package,Bangladesh Agricultural Research Institute (BARI),বগুড়ার চরাঞ্চলে রসুনের সাথে চীনাবাদামের আন্তঃফসল চাষ একটি লাভজনক প্রযুক্তি,https://baritechnology.org/m/crops/tech_detail/350,"প্রযুক্তির বিবরণ > fertilizer table > management > harvest, yield and finance",,Official webpage/table,Gypsum: 170,direct structured extraction,verified_against_visible_official_source,2026-07-24,False,
verified_0362,Cropping system,Region,Suitable AEZ — item,AEZ-9,,list_item,Tangail and similar areas,Bangladesh Agricultural Research Institute (BARI),সরিষা-বোরো ধান-পাট-রোপা আমন ধান: টাংগাইল অঞ্চলের একটি অধিক উৎপাদনশীল ফসল বিন্যাস,https://m.baritechnology.org/crops/tech_detail/353,প্রযুক্তির বিবরণ > system comparison > varieties and seed rates > fertilizer table,,Official webpage/table,,direct structured extraction of source list item,verified_against_visible_official_source,2026-07-24,False,
verified_0363,Wheat,Fertilizer,Reported fertilizer package,Urea 206 kg/ha; TSP 106 kg/ha; MoP 50 kg/ha; Gypsum 125 kg/ha; Zinc sulphate 18 kg/ha; Boric acid 6 kg/ha,,package,Wheat–T. Aman cropping system table; source display labels gypsum inconsistently,Bangladesh Agricultural Research Institute (BARI),গম-রোপা আমন ধান ফসল ধারার সার ও সেচ ব্যবস্থাপনা,https://baritechnology.org/m/crops/tech_detail/357,প্রযুক্তির বিবরণ > fertilizer table > fertilizer timing and irrigation,,Official webpage/table,,structured assembly of source table row,verified_against_visible_official_source,2026-07-24,False,
verified_0364,Coconut,Sanitation,Pre-fertilizer cleaning — item,Remove accumulated debris at frond bases,,list_item,,Bangladesh Agricultural Research Institute (BARI),নারিকেলের সমন্বিত ফসল ব্যবস্থাপনা,https://baritechnology.org/m/crops/tech_detail/456,প্রযুক্তির বিবরণ > fertilizer timing and sanitation > pest and disease management,,Official webpage/table,,direct structured extraction of source list item,verified_against_visible_official_source,2026-07-24,False,
verified_0365,Maize and dwarf yardlong bean,Region,Suitable areas — item,Jamalpur,,list_item,,Bangladesh Agricultural Research Institute (BARI),আন্তঃফসল হিসাবে ভুট্টার সাথে খাটো জাতের বরবটির চাষ,https://baritechnology.org/m/crops/tech_detail/502,প্রযুক্তির বিবরণ > crop/variety/area > sowing and harvest > fertilizer management > yield,,Official webpage/table,,direct structured extraction of source list item,verified_against_visible_official_source,2026-07-24,False,
verified_0366,Onion,Region,Suitable districts — item,Sherpur,,list_item,,Bangladesh Agricultural Research Institute (BARI),পেঁয়াজ চাষে সমন্বিত আগাছা ব্যবস্থাপনা,https://baritechnology.org/m/crops/tech_detail/506,প্রযুক্তির বিবরণ > variety/area > planting and harvest > fertilizer rate and application,,Official webpage/table,,direct structured extraction of source list item,verified_against_visible_official_source,2026-07-24,False,
verified_0367,Chia,Nutritional composition,Fibre — reported range,18-30,percent,range,,Bangladesh Agricultural Research Institute (BARI),চিয়া চাষে কৃষিতাত্ত্বিক ব্যবস্থাপনা,https://baritechnology.org/m/crops/tech_detail/518,প্রযুক্তির বিবরণ > nutrient composition > fertilizer description > planting method > suitability,,Official webpage/table,,direct structured extraction of source-reported range,verified_against_visible_official_source,2026-07-24,False,
verified_0368,BR7,Season classification,Rice season,Aus,,text,,Bangladesh Rice Research Institute (BRRI),আউশ ধানের জাত,https://brri.gov.bd/site/page/51edd399-1ba3-4f9c-bf82-125d681b8ff8/আউশ-ধানের-জাত,আউশ ধানের জাত > variety download list,,Official webpage/table,,direct structured extraction,verified_against_visible_official_source,2026-07-24,False,
verified_0369,BRRI dhan118,Season classification,Rice season,Boro,,text,,Bangladesh Rice Research Institute (BRRI),ব্রি উদ্ভাবিত নতুন বোরো ধানের জাতসমূহ,https://brri.gov.bd/pages/static-pages/699d278d0517136ccaa33510,নতুন বোরো ধানের জাতসমূহ table,,Official webpage/table,,direct structured extraction,verified_against_visible_official_source,2026-07-24,False,
verified_0370,BRRI dhan111,Institution,Developer,BRRI,,text,,Bangladesh Rice Research Institute (BRRI),বিগত বছরে ব্রির উদ্ভাবিত ধানের জাতসমূহ,https://brri.gov.bd/site/page/dccbd42b-3258-467b-8b47-fc74e6bd15e1,বিগত বছরে ব্রির উদ্ভাবিত ধানের জাতসমূহ > বছর ও জাতসমূহ table,,Official webpage/table,,direct structured extraction,verified_against_visible_official_source,2026-07-24,False,
verified_0371,BWMRI Hybrid Maize-2,Plant morphology,Cob height — minimum,100,cm,number,,Bangladesh Wheat and Maize Research Institute (BWMRI),বিডাব্লিউএমআরআই হাইব্রিড ভুট্টা ২,https://bwmri.gov.bd/pages/static-pages/6922dfff933eb65569e24fc5,জাতের পাতা > জাতের বৈশিষ্ট্য > উপযোগী এলাকা > ফলন,,Official webpage/table,,structured parse of source-reported range,verified_against_visible_official_source,2026-07-24,False,
verified_0372,BARI Hybrid Maize-9,Crop duration,Kharif duration — minimum,105,days,number,,Bangladesh Wheat and Maize Research Institute (BWMRI),বারি হাইব্রিড ভুট্টা ৯,https://bwmri.gov.bd/pages/static-pages/6922def6933eb65569e1ebb3,জাতের পাতা > জাতের বৈশিষ্ট্য > উপযোগী এলাকা > ফলন,,Official webpage/table,,structured parse of source-reported range,verified_against_visible_official_source,2026-07-24,False,
verified_0373,BARI Gom-25,Variety trait,Grains per spike — reported range,45-55,grains/spike,range,,Bangladesh Wheat and Maize Research Institute (BWMRI),BARI Gom-25,https://bwmri.gov.bd/site/page/ba774aa2-708e-4438-b977-a206b1113d7b/,জাতের পাতা > জাতের বৈশিষ্ট্য > উপযোগী এলাকা > ফলন,,Official webpage/table,,direct structured extraction of source-reported range,verified_against_visible_official_source,2026-07-24,False,
verified_0374,BARI Gom-26,Variety trait,Grains per spike — reported range,45-50,grains/spike,range,,Bangladesh Wheat and Maize Research Institute (BWMRI),BARI Gom-26,https://bwmri.gov.bd/pages/static-pages/6922e073933eb65569e271de,জাতের পাতা > জাতের বৈশিষ্ট্য > উপযোগী এলাকা > ফলন,,Official webpage/table,,direct structured extraction of source-reported range,verified_against_visible_official_source,2026-07-24,False,
verified_0375,BARI Gom-27,Variety trait,Crop duration — maximum,112,days,number,,Bangladesh Wheat and Maize Research Institute (BWMRI),BARI Gom-27,https://bwmri.gov.bd/pages/static-pages/6922df57933eb65569e21533,জাতের পাতা > জাতের বৈশিষ্ট্য > উপযোগী এলাকা > ফলন,,Official webpage/table,,structured parse of source-reported range,verified_against_visible_official_source,2026-07-24,False,
verified_0376,BARI Gom-28,Variety trait,Crop duration — maximum,108,days,number,,Bangladesh Wheat and Maize Research Institute (BWMRI),BARI Gom-28,https://bwmri.gov.bd/site/page/d985dfcc-d5f6-4466-8793-26bd129b52c2/,জাতের পাতা > জাতের বৈশিষ্ট্য > উপযোগী এলাকা > ফলন,,Official webpage/table,,structured parse of source-reported range,verified_against_visible_official_source,2026-07-24,False,
verified_0377,BARI Gom-30,Variety trait,Crop duration — maximum,108,days,number,,Bangladesh Wheat and Maize Research Institute (BWMRI),BARI Gom-30,https://bwmri.gov.bd/pages/static-pages/6922de18933eb65569e1831b,জাতের পাতা > জাতের বৈশিষ্ট্য > উপযোগী এলাকা > ফলন,,Official webpage/table,,structured parse of source-reported range,verified_against_visible_official_source,2026-07-24,False,
verified_0378,BARI Gom-31,Variety trait,Crop duration — maximum,108,days,number,,Bangladesh Wheat and Maize Research Institute (BWMRI),BARI Gom-31,https://bwmri.gov.bd/pages/static-pages/6922dcd2933eb65569e123f6,জাতের পাতা > জাতের বৈশিষ্ট্য > উপযোগী এলাকা > ফলন,,Official webpage/table,,structured parse of source-reported range,verified_against_visible_official_source,2026-07-24,False,
verified_0379,BARI Gom-32,Variety trait,Crop duration — maximum,106,days,number,,Bangladesh Wheat and Maize Research Institute (BWMRI),BARI Gom-32,https://bwmri.gov.bd/pages/static-pages/6922e087933eb65569e276c5,জাতের পাতা > জাতের বৈশিষ্ট্য > উপযোগী এলাকা > ফলন,,Official webpage/table,,structured parse of source-reported range,verified_against_visible_official_source,2026-07-24,False,
verified_0380,BARI Gom-33,Variety trait,Thousand-grain weight — reported range,52-60,g,range,,Bangladesh Wheat and Maize Research Institute (BWMRI),BARI Gom-33,https://bwmri.gov.bd/site/page/3873b43b-5523-4681-94f1-0e1bda851d1b,জাতের পাতা > জাতের বৈশিষ্ট্য > উপযোগী এলাকা > ফলন,,Official webpage/table,,direct structured extraction of source-reported range,verified_against_visible_official_source,2026-07-24,False,
verified_0381,BWMRI Gom-5,Variety trait,Thousand-grain weight — reported range,45-50,g,range,,Bangladesh Wheat and Maize Research Institute (BWMRI),BWMRI Gom-5,https://bwmri.gov.bd/pages/static-pages/6922dc25933eb65569e0ea41,জাতের পাতা > জাতের বৈশিষ্ট্য > উপযোগী এলাকা > ফলন,,Official webpage/table,,direct structured extraction of source-reported range,verified_against_visible_official_source,2026-07-24,False,
verified_0382,Irrigated crops,Database fields,Calendar information fields — full list,Area equipped for irrigation; Area actually irrigated; Harvested irrigated crop area; Irrigated area by crop; Monthly percentage occupation by crop,,list,,Food and Agriculture Organization of the United Nations (FAO),AQUASTAT Irrigated Crop Calendars and Irrigation Water Requirement,https://www.fao.org/aquastat/en/data-analysis/irrig-water-use/irrigated-crop-calendars/index.html,Irrigated crop calendars > Bangladesh example; Irrigation water requirement > wheat example,,Official webpage/table,,direct structured extraction of source list,verified_against_visible_official_source,2026-07-24,False,
verified_0383,All non-rice crops,Soil water,Available-water classification — full list,Sand: low; Loam: medium; Clay: high,,list,,Food and Agriculture Organization of the United Nations (FAO),"Irrigation Water Management: Irrigation Scheduling, Chapter 3",https://www.fao.org/4/t7202e/t7202e06.htm,"Chapter 3 > Sections 3.1-3.3 > Tables 3, 4 and 5",,Official scanned technical manual presented as an HTML chapter,,direct structured extraction of source list,verified_against_visible_official_source,2026-07-24,False,
verified_0384,Tomato,Crop water need,May,234,mm/month,text,FAO example for a 150-day crop,Food and Agriculture Organization of the United Nations (FAO),"Irrigation Water Management: Irrigation Water Needs, Chapter 4",https://www.fao.org/4/s2022e/s2022e04.htm,Chapter 4 > Irrigation Water Needs > formula and tomato example,,Official scanned technical manual presented as an HTML chapter,,direct structured extraction,verified_against_visible_official_source,2026-07-24,False,
verified_0385,Wheat,Fertilizer,Zinc sulphate monohydrate,6,kg/ha,number,Conservation-tillage cropping-pattern fertilizer table,Bangladesh Agricultural Research Institute (BARI),ফসল বিন্যাসের ফলন বৃদ্ধি ও মৃত্তিকার ভৌতগুণাবলী উন্নয়নের জন্য সংরক্ষিত কর্ষণ ও শস্যের অবশেষ ব্যবহার,https://m.baritechnology.org/crops/tech_detail/293,প্রযুক্তির বিবরণ > conservation tillage depth and crop-residue system > fertilizer application,,Official webpage/table,Zinc sulphate monohydrate: 6,direct structured extraction,verified_against_visible_official_source,2026-07-24,False,
verified_0386,Cabbage,Produce quality,Reported benefits — full list,Improves crop size; Improves structure; Improves taste; Extends storage life,,list,,Bangladesh Agricultural Research Institute (BARI),কেঁচো সার ও রাসায়নিক সারের সমন্বিত প্রয়োগে বাঁধাকপি উৎপাদন,https://baritechnology.org/m/crops/tech_detail/297,প্রযুক্তির বিবরণ > fertilizer description > application method > crop care,,Official webpage/table,,direct structured extraction of source list,verified_against_visible_official_source,2026-07-24,False,
verified_0387,Tomato,Crop calendar,Seed sowing window — start,Mid-August,,date_text,,Bangladesh Agricultural Research Institute (BARI),জিংক ও বোরন সার পাতায় সিঞ্চণ প্রয়োগে টমেটো চাষ,https://baritechnology.org/m/crops/tech_detail/300,প্রযুক্তির বিবরণ > অঞ্চল/মাটি/বীজ > sowing/transplanting > fertilizer table > foliar application,,Official webpage/table,,direct structured extraction,verified_against_visible_official_source,2026-07-24,False,
verified_0388,Tomato,Nursery,Seedling age at transplanting — maximum,35,days,number,,Bangladesh Agricultural Research Institute (BARI),টমেটো উৎপাদনে আরবাস্কুলার মাইকোরাইজা ও ফসফরাসের ব্যবহার,https://baritechnology.org/m/crops/tech_detail/304,প্রযুক্তির বিবরণ > production technology table > fertilizer rate and method,,Official webpage/table,,structured parse of source-reported range,verified_against_visible_official_source,2026-07-24,False,
verified_0389,Mango,Fertilizer timing,Main fertilizer application window — start,Last week of September,,date_text,,Bangladesh Agricultural Research Institute (BARI),আমের ফুল ও ফল ঝরা রোধে টেকসই ব্যবস্থাপনা,https://baritechnology.org/m/crops/tech_detail/322,প্রযুক্তির বিবরণ > seasonal management > age-based fertilizer table > application method,,Official webpage/table,,direct structured extraction,verified_against_visible_official_source,2026-07-24,False,
verified_0390,Bt Brinjal,Plant population,Seedling requirement — reported range,12500-15625,seedlings/ha,range,,Bangladesh Agricultural Research Institute (BARI),বিটি বেগুনের উন্নত উৎপাদন প্রযুক্তি,https://baritechnology.org/m/crops/tech_detail/333,"প্রযুক্তির বিবরণ > varieties/seedlings > soil and planting > irrigation, harvest, yield and finance",,Official webpage/table,,direct structured extraction of source-reported range,verified_against_visible_official_source,2026-07-24,False,
verified_0391,Brinjal and dwarf hyacinth bean,Soil,Suitable soil — item,Organic-matter-rich loam,,list_item,,Bangladesh Agricultural Research Institute (BARI),আন্তঃফসল হিসাবে বেগুনের সাথে ঝাড়শীমের চাষ,https://baritechnology.org/m/crops/tech_detail/334,"প্রযুক্তির বিবরণ > varieties and seed rate > soil and planting > harvest, yield and finance",,Official webpage/table,,direct structured extraction of source list item,verified_against_visible_official_source,2026-07-24,False,
verified_0392,Maize,Crop calendar,Sowing time,First week of April,,text,,Bangladesh Agricultural Research Institute (BARI),উঁচু গঙ্গাবাহিত প্লাবন ভূমিতে আলু-পেঁয়াজ/ভুট্টা-রোপাআমন ধান ফসল ধারায় সার সুপারিশমালা,https://baritechnology.org/m/crops/tech_detail/346,"প্রযুক্তির বিবরণ > crop sequence, seed rate and fertilizer table > management and yield",,Official webpage/table,,direct structured extraction,verified_against_visible_official_source,2026-07-24,False,
verified_0393,Onion,Fertilizer,Boric acid,18,kg/ha,number,Kurigram four-crop system fertilizer table,Bangladesh Agricultural Research Institute (BARI),পেঁয়াজ/মুগডাল-পাট-রোপা আমন ধান: কুড়িগ্রাম অঞ্চলের একটি চার ফসল ভিত্তিক উন্নত ফসল বিন্যাস,https://baritechnology.org/m/crops/tech_detail/348,"প্রযুক্তির বিবরণ > fertilizer table > management, harvest and yield",,Official webpage/table,Boric acid: 18,direct structured extraction,verified_against_visible_official_source,2026-07-24,False,
verified_0394,Cropping system,Region,Suitable AEZ — item,AEZ-13,,list_item,Khulna coastal and similar areas,Bangladesh Agricultural Research Institute (BARI),খুলনার উপকূলীয় অঞ্চলে রোপাআমন-সরিষা-মুগডাল একটি উন্নত ফসল ধারা,https://baritechnology.org/m/crops/tech_detail/349,"প্রযুক্তির বিবরণ > উৎপাদন প্রযুক্তি > সারের নাম table > সার প্রয়োগ পদ্ধতি, আন্তঃপরিচর্যা ও ফলন",,Official webpage/table,,direct structured extraction of source list item,verified_against_visible_official_source,2026-07-24,False,
verified_0395,Garlic and Groundnut,Fertilizer,Zinc sulphate,13.5,kg/ha,number,Intercropping technology fertilizer package,Bangladesh Agricultural Research Institute (BARI),বগুড়ার চরাঞ্চলে রসুনের সাথে চীনাবাদামের আন্তঃফসল চাষ একটি লাভজনক প্রযুক্তি,https://baritechnology.org/m/crops/tech_detail/350,"প্রযুক্তির বিবরণ > fertilizer table > management > harvest, yield and finance",,Official webpage/table,Zinc sulphate: 13.5,direct structured extraction,verified_against_visible_official_source,2026-07-24,False,
verified_0396,Cropping system,Region,Suitable AEZ — item,AEZ-28,,list_item,Tangail and similar areas,Bangladesh Agricultural Research Institute (BARI),সরিষা-বোরো ধান-পাট-রোপা আমন ধান: টাংগাইল অঞ্চলের একটি অধিক উৎপাদনশীল ফসল বিন্যাস,https://m.baritechnology.org/crops/tech_detail/353,প্রযুক্তির বিবরণ > system comparison > varieties and seed rates > fertilizer table,,Official webpage/table,,direct structured extraction of source list item,verified_against_visible_official_source,2026-07-24,False,
verified_0397,T. Aman Rice,Fertilizer,Urea,140,kg/ha,number,Wheat–T. Aman cropping system table; source display labels gypsum inconsistently,Bangladesh Agricultural Research Institute (BARI),গম-রোপা আমন ধান ফসল ধারার সার ও সেচ ব্যবস্থাপনা,https://baritechnology.org/m/crops/tech_detail/357,প্রযুক্তির বিবরণ > fertilizer table > fertilizer timing and irrigation,,Official webpage/table,Urea: 140,direct structured extraction,verified_against_visible_official_source,2026-07-24,False,
verified_0398,Coconut,Sanitation,Pre-fertilizer cleaning — item,Remove leaf litter,,list_item,,Bangladesh Agricultural Research Institute (BARI),নারিকেলের সমন্বিত ফসল ব্যবস্থাপনা,https://baritechnology.org/m/crops/tech_detail/456,প্রযুক্তির বিবরণ > fertilizer timing and sanitation > pest and disease management,,Official webpage/table,,direct structured extraction of source list item,verified_against_visible_official_source,2026-07-24,False,
verified_0399,Maize and dwarf yardlong bean,Region,Suitable areas — item,Bogura,,list_item,,Bangladesh Agricultural Research Institute (BARI),আন্তঃফসল হিসাবে ভুট্টার সাথে খাটো জাতের বরবটির চাষ,https://baritechnology.org/m/crops/tech_detail/502,প্রযুক্তির বিবরণ > crop/variety/area > sowing and harvest > fertilizer management > yield,,Official webpage/table,,direct structured extraction of source list item,verified_against_visible_official_source,2026-07-24,False,
verified_0400,Onion,Crop calendar,Transplanting window — reported window,Mid-November to Last week of December,,date_window,,Bangladesh Agricultural Research Institute (BARI),পেঁয়াজ চাষে সমন্বিত আগাছা ব্যবস্থাপনা,https://baritechnology.org/m/crops/tech_detail/506,প্রযুক্তির বিবরণ > variety/area > planting and harvest > fertilizer rate and application,,Official webpage/table,,direct structured extraction,verified_against_visible_official_source,2026-07-24,False,
verified_0401,Chia,Nutritional composition,Fibre — minimum,18,percent,number,,Bangladesh Agricultural Research Institute (BARI),চিয়া চাষে কৃষিতাত্ত্বিক ব্যবস্থাপনা,https://baritechnology.org/m/crops/tech_detail/518,প্রযুক্তির বিবরণ > nutrient composition > fertilizer description > planting method > suitability,,Official webpage/table,,structured parse of source-reported range,verified_against_visible_official_source,2026-07-24,False,
verified_0402,BR7,Resource availability,Official variety document,Download listed on BRRI page,,text,,Bangladesh Rice Research Institute (BRRI),আউশ ধানের জাত,https://brri.gov.bd/site/page/51edd399-1ba3-4f9c-bf82-125d681b8ff8/আউশ-ধানের-জাত,আউশ ধানের জাত > variety download list,,Official webpage/table,,direct structured extraction,verified_against_visible_official_source,2026-07-24,False,
verified_0403,BRRI dhan118,Variety status,Listed as new BRRI Boro variety,True,,boolean,,Bangladesh Rice Research Institute (BRRI),ব্রি উদ্ভাবিত নতুন বোরো ধানের জাতসমূহ,https://brri.gov.bd/pages/static-pages/699d278d0517136ccaa33510,নতুন বোরো ধানের জাতসমূহ table,,Official webpage/table,,direct structured extraction,verified_against_visible_official_source,2026-07-24,False,
verified_0404,BRRI dhan112,Release,Release year,2025,year,text,,Bangladesh Rice Research Institute (BRRI),বিগত বছরে ব্রির উদ্ভাবিত ধানের জাতসমূহ,https://brri.gov.bd/site/page/dccbd42b-3258-467b-8b47-fc74e6bd15e1,বিগত বছরে ব্রির উদ্ভাবিত ধানের জাতসমূহ > বছর ও জাতসমূহ table,,Official webpage/table,,direct structured extraction,verified_against_visible_official_source,2026-07-24,False,
verified_0405,BWMRI Hybrid Maize-2,Plant morphology,Cob height — maximum,130,cm,number,,Bangladesh Wheat and Maize Research Institute (BWMRI),বিডাব্লিউএমআরআই হাইব্রিড ভুট্টা ২,https://bwmri.gov.bd/pages/static-pages/6922dfff933eb65569e24fc5,জাতের পাতা > জাতের বৈশিষ্ট্য > উপযোগী এলাকা > ফলন,,Official webpage/table,,structured parse of source-reported range,verified_against_visible_official_source,2026-07-24,False,
verified_0406,BARI Hybrid Maize-9,Crop duration,Kharif duration — maximum,110,days,number,,Bangladesh Wheat and Maize Research Institute (BWMRI),বারি হাইব্রিড ভুট্টা ৯,https://bwmri.gov.bd/pages/static-pages/6922def6933eb65569e1ebb3,জাতের পাতা > জাতের বৈশিষ্ট্য > উপযোগী এলাকা > ফলন,,Official webpage/table,,structured parse of source-reported range,verified_against_visible_official_source,2026-07-24,False,
verified_0407,BARI Gom-25,Variety trait,Grains per spike — minimum,45,grains/spike,number,,Bangladesh Wheat and Maize Research Institute (BWMRI),BARI Gom-25,https://bwmri.gov.bd/site/page/ba774aa2-708e-4438-b977-a206b1113d7b/,জাতের পাতা > জাতের বৈশিষ্ট্য > উপযোগী এলাকা > ফলন,,Official webpage/table,,structured parse of source-reported range,verified_against_visible_official_source,2026-07-24,False,
verified_0408,BARI Gom-26,Variety trait,Grains per spike — minimum,45,grains/spike,number,,Bangladesh Wheat and Maize Research Institute (BWMRI),BARI Gom-26,https://bwmri.gov.bd/pages/static-pages/6922e073933eb65569e271de,জাতের পাতা > জাতের বৈশিষ্ট্য > উপযোগী এলাকা > ফলন,,Official webpage/table,,structured parse of source-reported range,verified_against_visible_official_source,2026-07-24,False,
verified_0409,BARI Gom-27,Variety trait,Heading time — reported range,60-65,days,range,,Bangladesh Wheat and Maize Research Institute (BWMRI),BARI Gom-27,https://bwmri.gov.bd/pages/static-pages/6922df57933eb65569e21533,জাতের পাতা > জাতের বৈশিষ্ট্য > উপযোগী এলাকা > ফলন,,Official webpage/table,,direct structured extraction of source-reported range,verified_against_visible_official_source,2026-07-24,False,
verified_0410,BARI Gom-28,Variety trait,Heading time — reported range,55-60,days,range,,Bangladesh Wheat and Maize Research Institute (BWMRI),BARI Gom-28,https://bwmri.gov.bd/site/page/d985dfcc-d5f6-4466-8793-26bd129b52c2/,জাতের পাতা > জাতের বৈশিষ্ট্য > উপযোগী এলাকা > ফলন,,Official webpage/table,,direct structured extraction of source-reported range,verified_against_visible_official_source,2026-07-24,False,
verified_0411,BARI Gom-30,Variety trait,Thousand-grain weight — reported range,44-48,g,range,,Bangladesh Wheat and Maize Research Institute (BWMRI),BARI Gom-30,https://bwmri.gov.bd/pages/static-pages/6922de18933eb65569e1831b,জাতের পাতা > জাতের বৈশিষ্ট্য > উপযোগী এলাকা > ফলন,,Official webpage/table,,direct structured extraction of source-reported range,verified_against_visible_official_source,2026-07-24,False,
verified_0412,BARI Gom-31,Variety trait,Thousand-grain weight — reported range,48-52,g,range,,Bangladesh Wheat and Maize Research Institute (BWMRI),BARI Gom-31,https://bwmri.gov.bd/pages/static-pages/6922dcd2933eb65569e123f6,জাতের পাতা > জাতের বৈশিষ্ট্য > উপযোগী এলাকা > ফলন,,Official webpage/table,,direct structured extraction of source-reported range,verified_against_visible_official_source,2026-07-24,False,
verified_0413,BARI Gom-32,Variety trait,Reported traits — full list,Lodging resistant; Early; Heat tolerant,,list,,Bangladesh Wheat and Maize Research Institute (BWMRI),BARI Gom-32,https://bwmri.gov.bd/pages/static-pages/6922e087933eb65569e276c5,জাতের পাতা > জাতের বৈশিষ্ট্য > উপযোগী এলাকা > ফলন,,Official webpage/table,,direct structured extraction of source list,verified_against_visible_official_source,2026-07-24,False,
verified_0414,BARI Gom-33,Variety trait,Thousand-grain weight — minimum,52,g,number,,Bangladesh Wheat and Maize Research Institute (BWMRI),BARI Gom-33,https://bwmri.gov.bd/site/page/3873b43b-5523-4681-94f1-0e1bda851d1b,জাতের পাতা > জাতের বৈশিষ্ট্য > উপযোগী এলাকা > ফলন,,Official webpage/table,,structured parse of source-reported range,verified_against_visible_official_source,2026-07-24,False,
verified_0415,BWMRI Gom-5,Variety trait,Thousand-grain weight — minimum,45,g,number,,Bangladesh Wheat and Maize Research Institute (BWMRI),BWMRI Gom-5,https://bwmri.gov.bd/pages/static-pages/6922dc25933eb65569e0ea41,জাতের পাতা > জাতের বৈশিষ্ট্য > উপযোগী এলাকা > ফলন,,Official webpage/table,,structured parse of source-reported range,verified_against_visible_official_source,2026-07-24,False,
verified_0416,Irrigated crops,Database fields,Calendar information fields — item,Area equipped for irrigation,,list_item,,Food and Agriculture Organization of the United Nations (FAO),AQUASTAT Irrigated Crop Calendars and Irrigation Water Requirement,https://www.fao.org/aquastat/en/data-analysis/irrig-water-use/irrigated-crop-calendars/index.html,Irrigated crop calendars > Bangladesh example; Irrigation water requirement > wheat example,,Official webpage/table,,direct structured extraction of source list item,verified_against_visible_official_source,2026-07-24,False,
verified_0417,All non-rice crops,Soil water,Available-water classification — item,Sand: low,,list_item,,Food and Agriculture Organization of the United Nations (FAO),"Irrigation Water Management: Irrigation Scheduling, Chapter 3",https://www.fao.org/4/t7202e/t7202e06.htm,"Chapter 3 > Sections 3.1-3.3 > Tables 3, 4 and 5",,Official scanned technical manual presented as an HTML chapter,,direct structured extraction of source list item,verified_against_visible_official_source,2026-07-24,False,
verified_0418,Tomato,Crop water need,June,180,mm/month,text,FAO example for a 150-day crop,Food and Agriculture Organization of the United Nations (FAO),"Irrigation Water Management: Irrigation Water Needs, Chapter 4",https://www.fao.org/4/s2022e/s2022e04.htm,Chapter 4 > Irrigation Water Needs > formula and tomato example,,Official scanned technical manual presented as an HTML chapter,,direct structured extraction,verified_against_visible_official_source,2026-07-24,False,
verified_0419,Wheat,Fertilizer,Boric acid,3,kg/ha,number,Conservation-tillage cropping-pattern fertilizer table,Bangladesh Agricultural Research Institute (BARI),ফসল বিন্যাসের ফলন বৃদ্ধি ও মৃত্তিকার ভৌতগুণাবলী উন্নয়নের জন্য সংরক্ষিত কর্ষণ ও শস্যের অবশেষ ব্যবহার,https://m.baritechnology.org/crops/tech_detail/293,প্রযুক্তির বিবরণ > conservation tillage depth and crop-residue system > fertilizer application,,Official webpage/table,Boric acid: 3,direct structured extraction,verified_against_visible_official_source,2026-07-24,False,
verified_0420,Cabbage,Produce quality,Reported benefits — item,Improves crop size,,list_item,,Bangladesh Agricultural Research Institute (BARI),কেঁচো সার ও রাসায়নিক সারের সমন্বিত প্রয়োগে বাঁধাকপি উৎপাদন,https://baritechnology.org/m/crops/tech_detail/297,প্রযুক্তির বিবরণ > fertilizer description > application method > crop care,,Official webpage/table,,direct structured extraction of source list item,verified_against_visible_official_source,2026-07-24,False,
verified_0421,Tomato,Crop calendar,Seed sowing window — end,Mid-October,,date_text,,Bangladesh Agricultural Research Institute (BARI),জিংক ও বোরন সার পাতায় সিঞ্চণ প্রয়োগে টমেটো চাষ,https://baritechnology.org/m/crops/tech_detail/300,প্রযুক্তির বিবরণ > অঞ্চল/মাটি/বীজ > sowing/transplanting > fertilizer table > foliar application,,Official webpage/table,,direct structured extraction,verified_against_visible_official_source,2026-07-24,False,
verified_0422,Tomato,Seed,Seed rate,200,g/ha,text,,Bangladesh Agricultural Research Institute (BARI),টমেটো উৎপাদনে আরবাস্কুলার মাইকোরাইজা ও ফসফরাসের ব্যবহার,https://baritechnology.org/m/crops/tech_detail/304,প্রযুক্তির বিবরণ > production technology table > fertilizer rate and method,,Official webpage/table,,direct structured extraction,verified_against_visible_official_source,2026-07-24,False,
verified_0423,Mango,Fertilizer timing,Main fertilizer application window — end,First week of October,,date_text,,Bangladesh Agricultural Research Institute (BARI),আমের ফুল ও ফল ঝরা রোধে টেকসই ব্যবস্থাপনা,https://baritechnology.org/m/crops/tech_detail/322,প্রযুক্তির বিবরণ > seasonal management > age-based fertilizer table > application method,,Official webpage/table,,direct structured extraction,verified_against_visible_official_source,2026-07-24,False,
verified_0424,Bt Brinjal,Plant population,Seedling requirement — minimum,12500,seedlings/ha,number,,Bangladesh Agricultural Research Institute (BARI),বিটি বেগুনের উন্নত উৎপাদন প্রযুক্তি,https://baritechnology.org/m/crops/tech_detail/333,"প্রযুক্তির বিবরণ > varieties/seedlings > soil and planting > irrigation, harvest, yield and finance",,Official webpage/table,,structured parse of source-reported range,verified_against_visible_official_source,2026-07-24,False,
verified_0425,Brinjal and dwarf hyacinth bean,Soil,Suitable soil — item,Organic-matter-rich sandy loam,,list_item,,Bangladesh Agricultural Research Institute (BARI),আন্তঃফসল হিসাবে বেগুনের সাথে ঝাড়শীমের চাষ,https://baritechnology.org/m/crops/tech_detail/334,"প্রযুক্তির বিবরণ > varieties and seed rate > soil and planting > harvest, yield and finance",,Official webpage/table,,direct structured extraction of source list item,verified_against_visible_official_source,2026-07-24,False,
verified_0426,T. Aman Rice,Crop calendar,Transplanting time,Last week of July,,text,,Bangladesh Agricultural Research Institute (BARI),উঁচু গঙ্গাবাহিত প্লাবন ভূমিতে আলু-পেঁয়াজ/ভুট্টা-রোপাআমন ধান ফসল ধারায় সার সুপারিশমালা,https://baritechnology.org/m/crops/tech_detail/346,"প্রযুক্তির বিবরণ > crop sequence, seed rate and fertilizer table > management and yield",,Official webpage/table,,direct structured extraction,verified_against_visible_official_source,2026-07-24,False,
verified_0427,Onion,Fertilizer,Reported fertilizer package,Urea 211 kg/ha; TSP 260 kg/ha; MoP 330 kg/ha; Gypsum 125 kg/ha; Boric acid 18 kg/ha,,package,Kurigram four-crop system fertilizer table,Bangladesh Agricultural Research Institute (BARI),পেঁয়াজ/মুগডাল-পাট-রোপা আমন ধান: কুড়িগ্রাম অঞ্চলের একটি চার ফসল ভিত্তিক উন্নত ফসল বিন্যাস,https://baritechnology.org/m/crops/tech_detail/348,"প্রযুক্তির বিবরণ > fertilizer table > management, harvest and yield",,Official webpage/table,,structured assembly of source table row,verified_against_visible_official_source,2026-07-24,False,
verified_0428,Cropping system,Region,Suitable AEZ — item,AEZ-14,,list_item,Khulna coastal and similar areas,Bangladesh Agricultural Research Institute (BARI),খুলনার উপকূলীয় অঞ্চলে রোপাআমন-সরিষা-মুগডাল একটি উন্নত ফসল ধারা,https://baritechnology.org/m/crops/tech_detail/349,"প্রযুক্তির বিবরণ > উৎপাদন প্রযুক্তি > সারের নাম table > সার প্রয়োগ পদ্ধতি, আন্তঃপরিচর্যা ও ফলন",,Official webpage/table,,direct structured extraction of source list item,verified_against_visible_official_source,2026-07-24,False,
verified_0429,Garlic and Groundnut,Fertilizer,Boric acid,7,kg/ha,number,Intercropping technology fertilizer package,Bangladesh Agricultural Research Institute (BARI),বগুড়ার চরাঞ্চলে রসুনের সাথে চীনাবাদামের আন্তঃফসল চাষ একটি লাভজনক প্রযুক্তি,https://baritechnology.org/m/crops/tech_detail/350,"প্রযুক্তির বিবরণ > fertilizer table > management > harvest, yield and finance",,Official webpage/table,Boric acid: 7,direct structured extraction,verified_against_visible_official_source,2026-07-24,False,
verified_0430,Mustard,Variety,Recommended variety,BARI Sarisha-14,,text,,Bangladesh Agricultural Research Institute (BARI),সরিষা-বোরো ধান-পাট-রোপা আমন ধান: টাংগাইল অঞ্চলের একটি অধিক উৎপাদনশীল ফসল বিন্যাস,https://m.baritechnology.org/crops/tech_detail/353,প্রযুক্তির বিবরণ > system comparison > varieties and seed rates > fertilizer table,,Official webpage/table,,direct structured extraction,verified_against_visible_official_source,2026-07-24,False,
verified_0431,T. Aman Rice,Fertilizer,TSP,95,kg/ha,number,Wheat–T. Aman cropping system table; source display labels gypsum inconsistently,Bangladesh Agricultural Research Institute (BARI),গম-রোপা আমন ধান ফসল ধারার সার ও সেচ ব্যবস্থাপনা,https://baritechnology.org/m/crops/tech_detail/357,প্রযুক্তির বিবরণ > fertilizer table > fertilizer timing and irrigation,,Official webpage/table,TSP: 95,direct structured extraction,verified_against_visible_official_source,2026-07-24,False,
verified_0432,Coconut,Pest management,Reported acetamiprid rate,1,g/L,text,,Bangladesh Agricultural Research Institute (BARI),নারিকেলের সমন্বিত ফসল ব্যবস্থাপনা,https://baritechnology.org/m/crops/tech_detail/456,প্রযুক্তির বিবরণ > fertilizer timing and sanitation > pest and disease management,,Official webpage/table,,direct structured extraction,verified_against_visible_official_source,2026-07-24,True,
verified_0433,Maize and dwarf yardlong bean,Region,Suitable areas — item,Rangpur,,list_item,,Bangladesh Agricultural Research Institute (BARI),আন্তঃফসল হিসাবে ভুট্টার সাথে খাটো জাতের বরবটির চাষ,https://baritechnology.org/m/crops/tech_detail/502,প্রযুক্তির বিবরণ > crop/variety/area > sowing and harvest > fertilizer management > yield,,Official webpage/table,,direct structured extraction of source list item,verified_against_visible_official_source,2026-07-24,False,
verified_0434,Onion,Crop calendar,Transplanting window — start,Mid-November,,date_text,,Bangladesh Agricultural Research Institute (BARI),পেঁয়াজ চাষে সমন্বিত আগাছা ব্যবস্থাপনা,https://baritechnology.org/m/crops/tech_detail/506,প্রযুক্তির বিবরণ > variety/area > planting and harvest > fertilizer rate and application,,Official webpage/table,,direct structured extraction,verified_against_visible_official_source,2026-07-24,False,
verified_0435,Chia,Nutritional composition,Fibre — maximum,30,percent,number,,Bangladesh Agricultural Research Institute (BARI),চিয়া চাষে কৃষিতাত্ত্বিক ব্যবস্থাপনা,https://baritechnology.org/m/crops/tech_detail/518,প্রযুক্তির বিবরণ > nutrient composition > fertilizer description > planting method > suitability,,Official webpage/table,,structured parse of source-reported range,verified_against_visible_official_source,2026-07-24,False,
verified_0436,BR8,Season classification,Rice season,Aus,,text,,Bangladesh Rice Research Institute (BRRI),আউশ ধানের জাত,https://brri.gov.bd/site/page/51edd399-1ba3-4f9c-bf82-125d681b8ff8/আউশ-ধানের-জাত,আউশ ধানের জাত > variety download list,,Official webpage/table,,direct structured extraction,verified_against_visible_official_source,2026-07-24,False,
verified_0437,BRRI Hybrid dhan09,Season classification,Rice season,Boro,,text,,Bangladesh Rice Research Institute (BRRI),ব্রি উদ্ভাবিত নতুন বোরো ধানের জাতসমূহ,https://brri.gov.bd/pages/static-pages/699d278d0517136ccaa33510,নতুন বোরো ধানের জাতসমূহ table,,Official webpage/table,,direct structured extraction,verified_against_visible_official_source,2026-07-24,False,
verified_0438,BRRI dhan112,Institution,Developer,BRRI,,text,,Bangladesh Rice Research Institute (BRRI),বিগত বছরে ব্রির উদ্ভাবিত ধানের জাতসমূহ,https://brri.gov.bd/site/page/dccbd42b-3258-467b-8b47-fc74e6bd15e1,বিগত বছরে ব্রির উদ্ভাবিত ধানের জাতসমূহ > বছর ও জাতসমূহ table,,Official webpage/table,,direct structured extraction,verified_against_visible_official_source,2026-07-24,False,
verified_0439,BWMRI Hybrid Maize-2,Silk,Anthocyanin,Absent,,text,,Bangladesh Wheat and Maize Research Institute (BWMRI),বিডাব্লিউএমআরআই হাইব্রিড ভুট্টা ২,https://bwmri.gov.bd/pages/static-pages/6922dfff933eb65569e24fc5,জাতের পাতা > জাতের বৈশিষ্ট্য > উপযোগী এলাকা > ফলন,,Official webpage/table,,direct structured extraction,verified_against_visible_official_source,2026-07-24,False,
verified_0440,BARI Hybrid Maize-9,Plant morphology,Plant height — reported range,205-230,cm,range,,Bangladesh Wheat and Maize Research Institute (BWMRI),বারি হাইব্রিড ভুট্টা ৯,https://bwmri.gov.bd/pages/static-pages/6922def6933eb65569e1ebb3,জাতের পাতা > জাতের বৈশিষ্ট্য > উপযোগী এলাকা > ফলন,,Official webpage/table,,direct structured extraction of source-reported range,verified_against_visible_official_source,2026-07-24,False,
verified_0441,BARI Gom-25,Variety trait,Grains per spike — maximum,55,grains/spike,number,,Bangladesh Wheat and Maize Research Institute (BWMRI),BARI Gom-25,https://bwmri.gov.bd/site/page/ba774aa2-708e-4438-b977-a206b1113d7b/,জাতের পাতা > জাতের বৈশিষ্ট্য > উপযোগী এলাকা > ফলন,,Official webpage/table,,structured parse of source-reported range,verified_against_visible_official_source,2026-07-24,False,
verified_0442,BARI Gom-26,Variety trait,Grains per spike — maximum,50,grains/spike,number,,Bangladesh Wheat and Maize Research Institute (BWMRI),BARI Gom-26,https://bwmri.gov.bd/pages/static-pages/6922e073933eb65569e271de,জাতের পাতা > জাতের বৈশিষ্ট্য > উপযোগী এলাকা > ফলন,,Official webpage/table,,structured parse of source-reported range,verified_against_visible_official_source,2026-07-24,False,
verified_0443,BARI Gom-27,Variety trait,Heading time — minimum,60,days,number,,Bangladesh Wheat and Maize Research Institute (BWMRI),BARI Gom-27,https://bwmri.gov.bd/pages/static-pages/6922df57933eb65569e21533,জাতের পাতা > জাতের বৈশিষ্ট্য > উপযোগী এলাকা > ফলন,,Official webpage/table,,structured parse of source-reported range,verified_against_visible_official_source,2026-07-24,False,
verified_0444,BARI Gom-28,Variety trait,Heading time — minimum,55,days,number,,Bangladesh Wheat and Maize Research Institute (BWMRI),BARI Gom-28,https://bwmri.gov.bd/site/page/d985dfcc-d5f6-4466-8793-26bd129b52c2/,জাতের পাতা > জাতের বৈশিষ্ট্য > উপযোগী এলাকা > ফলন,,Official webpage/table,,structured parse of source-reported range,verified_against_visible_official_source,2026-07-24,False,
verified_0445,BARI Gom-30,Variety trait,Thousand-grain weight — minimum,44,g,number,,Bangladesh Wheat and Maize Research Institute (BWMRI),BARI Gom-30,https://bwmri.gov.bd/pages/static-pages/6922de18933eb65569e1831b,জাতের পাতা > জাতের বৈশিষ্ট্য > উপযোগী এলাকা > ফলন,,Official webpage/table,,structured parse of source-reported range,verified_against_visible_official_source,2026-07-24,False,
verified_0446,BARI Gom-31,Variety trait,Thousand-grain weight — minimum,48,g,number,,Bangladesh Wheat and Maize Research Institute (BWMRI),BARI Gom-31,https://bwmri.gov.bd/pages/static-pages/6922dcd2933eb65569e123f6,জাতের পাতা > জাতের বৈশিষ্ট্য > উপযোগী এলাকা > ফলন,,Official webpage/table,,structured parse of source-reported range,verified_against_visible_official_source,2026-07-24,False,
verified_0447,BARI Gom-32,Variety trait,Reported traits — item,Lodging resistant,,list_item,,Bangladesh Wheat and Maize Research Institute (BWMRI),BARI Gom-32,https://bwmri.gov.bd/pages/static-pages/6922e087933eb65569e276c5,জাতের পাতা > জাতের বৈশিষ্ট্য > উপযোগী এলাকা > ফলন,,Official webpage/table,,direct structured extraction of source list item,verified_against_visible_official_source,2026-07-24,False,
verified_0448,BARI Gom-33,Variety trait,Thousand-grain weight — maximum,60,g,number,,Bangladesh Wheat and Maize Research Institute (BWMRI),BARI Gom-33,https://bwmri.gov.bd/site/page/3873b43b-5523-4681-94f1-0e1bda851d1b,জাতের পাতা > জাতের বৈশিষ্ট্য > উপযোগী এলাকা > ফলন,,Official webpage/table,,structured parse of source-reported range,verified_against_visible_official_source,2026-07-24,False,
verified_0449,BWMRI Gom-5,Variety trait,Thousand-grain weight — maximum,50,g,number,,Bangladesh Wheat and Maize Research Institute (BWMRI),BWMRI Gom-5,https://bwmri.gov.bd/pages/static-pages/6922dc25933eb65569e0ea41,জাতের পাতা > জাতের বৈশিষ্ট্য > উপযোগী এলাকা > ফলন,,Official webpage/table,,structured parse of source-reported range,verified_against_visible_official_source,2026-07-24,False,
verified_0450,Irrigated crops,Database fields,Calendar information fields — item,Area actually irrigated,,list_item,,Food and Agriculture Organization of the United Nations (FAO),AQUASTAT Irrigated Crop Calendars and Irrigation Water Requirement,https://www.fao.org/aquastat/en/data-analysis/irrig-water-use/irrigated-crop-calendars/index.html,Irrigated crop calendars > Bangladesh example; Irrigation water requirement > wheat example,,Official webpage/table,,direct structured extraction of source list item,verified_against_visible_official_source,2026-07-24,False,
verified_0451,All non-rice crops,Soil water,Available-water classification — item,Loam: medium,,list_item,,Food and Agriculture Organization of the United Nations (FAO),"Irrigation Water Management: Irrigation Scheduling, Chapter 3",https://www.fao.org/4/t7202e/t7202e06.htm,"Chapter 3 > Sections 3.1-3.3 > Tables 3, 4 and 5",,Official scanned technical manual presented as an HTML chapter,,direct structured extraction of source list item,verified_against_visible_official_source,2026-07-24,False,
verified_0452,Tomato,Crop water need,Season total,786,mm,text,FAO example for a 150-day crop,Food and Agriculture Organization of the United Nations (FAO),"Irrigation Water Management: Irrigation Water Needs, Chapter 4",https://www.fao.org/4/s2022e/s2022e04.htm,Chapter 4 > Irrigation Water Needs > formula and tomato example,,Official scanned technical manual presented as an HTML chapter,,direct structured extraction,verified_against_visible_official_source,2026-07-24,False,
verified_0453,Wheat,Fertilizer,Reported fertilizer package,Urea 260 kg/ha; TSP 150 kg/ha; MoP 120 kg/ha; Gypsum 94 kg/ha; Zinc sulphate monohydrate 6 kg/ha; Boric acid 3 kg/ha,,package,Conservation-tillage cropping-pattern fertilizer table,Bangladesh Agricultural Research Institute (BARI),ফসল বিন্যাসের ফলন বৃদ্ধি ও মৃত্তিকার ভৌতগুণাবলী উন্নয়নের জন্য সংরক্ষিত কর্ষণ ও শস্যের অবশেষ ব্যবহার,https://m.baritechnology.org/crops/tech_detail/293,প্রযুক্তির বিবরণ > conservation tillage depth and crop-residue system > fertilizer application,,Official webpage/table,,structured assembly of source table row,verified_against_visible_official_source,2026-07-24,False,
verified_0454,Cabbage,Produce quality,Reported benefits — item,Improves structure,,list_item,,Bangladesh Agricultural Research Institute (BARI),কেঁচো সার ও রাসায়নিক সারের সমন্বিত প্রয়োগে বাঁধাকপি উৎপাদন,https://baritechnology.org/m/crops/tech_detail/297,প্রযুক্তির বিবরণ > fertilizer description > application method > crop care,,Official webpage/table,,direct structured extraction of source list item,verified_against_visible_official_source,2026-07-24,False,
verified_0455,Tomato,Crop calendar,Transplanting window — reported window,Mid-November to Mid-December,,date_window,,Bangladesh Agricultural Research Institute (BARI),জিংক ও বোরন সার পাতায় সিঞ্চণ প্রয়োগে টমেটো চাষ,https://baritechnology.org/m/crops/tech_detail/300,প্রযুক্তির বিবরণ > অঞ্চল/মাটি/বীজ > sowing/transplanting > fertilizer table > foliar application,,Official webpage/table,,direct structured extraction,verified_against_visible_official_source,2026-07-24,False,
verified_0456,Tomato,Planting geometry,Row spacing,60,cm,text,,Bangladesh Agricultural Research Institute (BARI),টমেটো উৎপাদনে আরবাস্কুলার মাইকোরাইজা ও ফসফরাসের ব্যবহার,https://baritechnology.org/m/crops/tech_detail/304,প্রযুক্তির বিবরণ > production technology table > fertilizer rate and method,,Official webpage/table,,direct structured extraction,verified_against_visible_official_source,2026-07-24,False,
verified_0457,Mango,Pest scouting,First hopper-control timing — reported window,7 days after panicle emergence to 10 days after panicle emergence,,date_window,,Bangladesh Agricultural Research Institute (BARI),আমের ফুল ও ফল ঝরা রোধে টেকসই ব্যবস্থাপনা,https://baritechnology.org/m/crops/tech_detail/322,প্রযুক্তির বিবরণ > seasonal management > age-based fertilizer table > application method,,Official webpage/table,,direct structured extraction,verified_against_visible_official_source,2026-07-24,False,
verified_0458,Bt Brinjal,Plant population,Seedling requirement — maximum,15625,seedlings/ha,number,,Bangladesh Agricultural Research Institute (BARI),বিটি বেগুনের উন্নত উৎপাদন প্রযুক্তি,https://baritechnology.org/m/crops/tech_detail/333,"প্রযুক্তির বিবরণ > varieties/seedlings > soil and planting > irrigation, harvest, yield and finance",,Official webpage/table,,structured parse of source-reported range,verified_against_visible_official_source,2026-07-24,False,
verified_0459,Brinjal and dwarf hyacinth bean,Crop calendar,Planting time,November,,text,,Bangladesh Agricultural Research Institute (BARI),আন্তঃফসল হিসাবে বেগুনের সাথে ঝাড়শীমের চাষ,https://baritechnology.org/m/crops/tech_detail/334,"প্রযুক্তির বিবরণ > varieties and seed rate > soil and planting > harvest, yield and finance",,Official webpage/table,,direct structured extraction,verified_against_visible_official_source,2026-07-24,False,
verified_0460,Potato,Seed,Seed rate,1500,kg/ha,text,,Bangladesh Agricultural Research Institute (BARI),উঁচু গঙ্গাবাহিত প্লাবন ভূমিতে আলু-পেঁয়াজ/ভুট্টা-রোপাআমন ধান ফসল ধারায় সার সুপারিশমালা,https://baritechnology.org/m/crops/tech_detail/346,"প্রযুক্তির বিবরণ > crop sequence, seed rate and fertilizer table > management and yield",,Official webpage/table,,direct structured extraction,verified_against_visible_official_source,2026-07-24,False,
verified_0461,Mungbean,Fertilizer,Urea,98,kg/ha,number,Kurigram four-crop system fertilizer table,Bangladesh Agricultural Research Institute (BARI),পেঁয়াজ/মুগডাল-পাট-রোপা আমন ধান: কুড়িগ্রাম অঞ্চলের একটি চার ফসল ভিত্তিক উন্নত ফসল বিন্যাস,https://baritechnology.org/m/crops/tech_detail/348,"প্রযুক্তির বিবরণ > fertilizer table > management, harvest and yield",,Official webpage/table,Urea: 98,direct structured extraction,verified_against_visible_official_source,2026-07-24,False,
verified_0462,Mustard,Variety,Recommended variety,BARI Sarisha-14,,text,,Bangladesh Agricultural Research Institute (BARI),খুলনার উপকূলীয় অঞ্চলে রোপাআমন-সরিষা-মুগডাল একটি উন্নত ফসল ধারা,https://baritechnology.org/m/crops/tech_detail/349,"প্রযুক্তির বিবরণ > উৎপাদন প্রযুক্তি > সারের নাম table > সার প্রয়োগ পদ্ধতি, আন্তঃপরিচর্যা ও ফলন",,Official webpage/table,,direct structured extraction,verified_against_visible_official_source,2026-07-24,False,
verified_0463,Garlic and Groundnut,Fertilizer,Cow dung,5000,kg/ha,number,Intercropping technology fertilizer package,Bangladesh Agricultural Research Institute (BARI),বগুড়ার চরাঞ্চলে রসুনের সাথে চীনাবাদামের আন্তঃফসল চাষ একটি লাভজনক প্রযুক্তি,https://baritechnology.org/m/crops/tech_detail/350,"প্রযুক্তির বিবরণ > fertilizer table > management > harvest, yield and finance",,Official webpage/table,Cow dung: 5000,direct structured extraction,verified_against_visible_official_source,2026-07-24,False,
verified_0464,Mustard,Seed,Seed rate,7,kg/ha,text,,Bangladesh Agricultural Research Institute (BARI),সরিষা-বোরো ধান-পাট-রোপা আমন ধান: টাংগাইল অঞ্চলের একটি অধিক উৎপাদনশীল ফসল বিন্যাস,https://m.baritechnology.org/crops/tech_detail/353,প্রযুক্তির বিবরণ > system comparison > varieties and seed rates > fertilizer table,,Official webpage/table,,direct structured extraction,verified_against_visible_official_source,2026-07-24,False,
verified_0465,T. Aman Rice,Fertilizer,MoP,70,kg/ha,number,Wheat–T. Aman cropping system table; source display labels gypsum inconsistently,Bangladesh Agricultural Research Institute (BARI),গম-রোপা আমন ধান ফসল ধারার সার ও সেচ ব্যবস্থাপনা,https://baritechnology.org/m/crops/tech_detail/357,প্রযুক্তির বিবরণ > fertilizer table > fertilizer timing and irrigation,,Official webpage/table,MoP: 70,direct structured extraction,verified_against_visible_official_source,2026-07-24,False,
verified_0466,Coconut,Pest management,Reported biological pesticide rate,1,ml/L,text,,Bangladesh Agricultural Research Institute (BARI),নারিকেলের সমন্বিত ফসল ব্যবস্থাপনা,https://baritechnology.org/m/crops/tech_detail/456,প্রযুক্তির বিবরণ > fertilizer timing and sanitation > pest and disease management,,Official webpage/table,,direct structured extraction,verified_against_visible_official_source,2026-07-24,True,
verified_0467,Maize and dwarf yardlong bean,Region,Suitable areas — item,Hill districts,,list_item,,Bangladesh Agricultural Research Institute (BARI),আন্তঃফসল হিসাবে ভুট্টার সাথে খাটো জাতের বরবটির চাষ,https://baritechnology.org/m/crops/tech_detail/502,প্রযুক্তির বিবরণ > crop/variety/area > sowing and harvest > fertilizer management > yield,,Official webpage/table,,direct structured extraction of source list item,verified_against_visible_official_source,2026-07-24,False,
verified_0468,Onion,Crop calendar,Transplanting window — end,Last week of December,,date_text,,Bangladesh Agricultural Research Institute (BARI),পেঁয়াজ চাষে সমন্বিত আগাছা ব্যবস্থাপনা,https://baritechnology.org/m/crops/tech_detail/506,প্রযুক্তির বিবরণ > variety/area > planting and harvest > fertilizer rate and application,,Official webpage/table,,direct structured extraction,verified_against_visible_official_source,2026-07-24,False,
verified_0469,Chia,Nutritional composition,Carbohydrate — reported range,26-41,percent,range,,Bangladesh Agricultural Research Institute (BARI),চিয়া চাষে কৃষিতাত্ত্বিক ব্যবস্থাপনা,https://baritechnology.org/m/crops/tech_detail/518,প্রযুক্তির বিবরণ > nutrient composition > fertilizer description > planting method > suitability,,Official webpage/table,,direct structured extraction of source-reported range,verified_against_visible_official_source,2026-07-24,False,
verified_0470,BR8,Resource availability,Official variety document,Download listed on BRRI page,,text,,Bangladesh Rice Research Institute (BRRI),আউশ ধানের জাত,https://brri.gov.bd/site/page/51edd399-1ba3-4f9c-bf82-125d681b8ff8/আউশ-ধানের-জাত,আউশ ধানের জাত > variety download list,,Official webpage/table,,direct structured extraction,verified_against_visible_official_source,2026-07-24,False,
verified_0471,BRRI Hybrid dhan09,Variety status,Listed as new BRRI Boro variety,True,,boolean,,Bangladesh Rice Research Institute (BRRI),ব্রি উদ্ভাবিত নতুন বোরো ধানের জাতসমূহ,https://brri.gov.bd/pages/static-pages/699d278d0517136ccaa33510,নতুন বোরো ধানের জাতসমূহ table,,Official webpage/table,,direct structured extraction,verified_against_visible_official_source,2026-07-24,False,
verified_0472,BRRI dhan113,Release,Release year,2025,year,text,,Bangladesh Rice Research Institute (BRRI),বিগত বছরে ব্রির উদ্ভাবিত ধানের জাতসমূহ,https://brri.gov.bd/site/page/dccbd42b-3258-467b-8b47-fc74e6bd15e1,বিগত বছরে ব্রির উদ্ভাবিত ধানের জাতসমূহ > বছর ও জাতসমূহ table,,Official webpage/table,,direct structured extraction,verified_against_visible_official_source,2026-07-24,False,
verified_0473,BWMRI Hybrid Maize-2,Silk,Colour,Light green,,text,,Bangladesh Wheat and Maize Research Institute (BWMRI),বিডাব্লিউএমআরআই হাইব্রিড ভুট্টা ২,https://bwmri.gov.bd/pages/static-pages/6922dfff933eb65569e24fc5,জাতের পাতা > জাতের বৈশিষ্ট্য > উপযোগী এলাকা > ফলন,,Official webpage/table,,direct structured extraction,verified_against_visible_official_source,2026-07-24,False,
verified_0474,BARI Hybrid Maize-9,Plant morphology,Plant height — minimum,205,cm,number,,Bangladesh Wheat and Maize Research Institute (BWMRI),বারি হাইব্রিড ভুট্টা ৯,https://bwmri.gov.bd/pages/static-pages/6922def6933eb65569e1ebb3,জাতের পাতা > জাতের বৈশিষ্ট্য > উপযোগী এলাকা > ফলন,,Official webpage/table,,structured parse of source-reported range,verified_against_visible_official_source,2026-07-24,False,
verified_0475,BARI Gom-25,Variety trait,Tillers per plant — reported range,4-5,tillers,range,,Bangladesh Wheat and Maize Research Institute (BWMRI),BARI Gom-25,https://bwmri.gov.bd/site/page/ba774aa2-708e-4438-b977-a206b1113d7b/,জাতের পাতা > জাতের বৈশিষ্ট্য > উপযোগী এলাকা > ফলন,,Official webpage/table,,direct structured extraction of source-reported range,verified_against_visible_official_source,2026-07-24,False,
verified_0476,BARI Gom-26,Variety trait,Tillers per plant — reported range,5-6,tillers,range,,Bangladesh Wheat and Maize Research Institute (BWMRI),BARI Gom-26,https://bwmri.gov.bd/pages/static-pages/6922e073933eb65569e271de,জাতের পাতা > জাতের বৈশিষ্ট্য > উপযোগী এলাকা > ফলন,,Official webpage/table,,direct structured extraction of source-reported range,verified_against_visible_official_source,2026-07-24,False,
verified_0477,BARI Gom-27,Variety trait,Heading time — maximum,65,days,number,,Bangladesh Wheat and Maize Research Institute (BWMRI),BARI Gom-27,https://bwmri.gov.bd/pages/static-pages/6922df57933eb65569e21533,জাতের পাতা > জাতের বৈশিষ্ট্য > উপযোগী এলাকা > ফলন,,Official webpage/table,,structured parse of source-reported range,verified_against_visible_official_source,2026-07-24,False,
verified_0478,BARI Gom-28,Variety trait,Heading time — maximum,60,days,number,,Bangladesh Wheat and Maize Research Institute (BWMRI),BARI Gom-28,https://bwmri.gov.bd/site/page/d985dfcc-d5f6-4466-8793-26bd129b52c2/,জাতের পাতা > জাতের বৈশিষ্ট্য > উপযোগী এলাকা > ফলন,,Official webpage/table,,structured parse of source-reported range,verified_against_visible_official_source,2026-07-24,False,
verified_0479,BARI Gom-30,Variety trait,Thousand-grain weight — maximum,48,g,number,,Bangladesh Wheat and Maize Research Institute (BWMRI),BARI Gom-30,https://bwmri.gov.bd/pages/static-pages/6922de18933eb65569e1831b,জাতের পাতা > জাতের বৈশিষ্ট্য > উপযোগী এলাকা > ফলন,,Official webpage/table,,structured parse of source-reported range,verified_against_visible_official_source,2026-07-24,False,
verified_0480,BARI Gom-31,Variety trait,Thousand-grain weight — maximum,52,g,number,,Bangladesh Wheat and Maize Research Institute (BWMRI),BARI Gom-31,https://bwmri.gov.bd/pages/static-pages/6922dcd2933eb65569e123f6,জাতের পাতা > জাতের বৈশিষ্ট্য > উপযোগী এলাকা > ফলন,,Official webpage/table,,structured parse of source-reported range,verified_against_visible_official_source,2026-07-24,False,
verified_0481,BARI Gom-32,Variety trait,Reported traits — item,Early,,list_item,,Bangladesh Wheat and Maize Research Institute (BWMRI),BARI Gom-32,https://bwmri.gov.bd/pages/static-pages/6922e087933eb65569e276c5,জাতের পাতা > জাতের বৈশিষ্ট্য > উপযোগী এলাকা > ফলন,,Official webpage/table,,direct structured extraction of source list item,verified_against_visible_official_source,2026-07-24,False,
verified_0482,BARI Gom-33,Variety trait,Reported yield — reported range,4.8-5.5,tonne/ha,range,,Bangladesh Wheat and Maize Research Institute (BWMRI),BARI Gom-33,https://bwmri.gov.bd/site/page/3873b43b-5523-4681-94f1-0e1bda851d1b,জাতের পাতা > জাতের বৈশিষ্ট্য > উপযোগী এলাকা > ফলন,,Official webpage/table,,direct structured extraction of source-reported range,verified_against_visible_official_source,2026-07-24,False,
verified_0483,BWMRI Gom-5,Variety trait,Reported yield — reported range,4.5-5.5,tonne/ha,range,,Bangladesh Wheat and Maize Research Institute (BWMRI),BWMRI Gom-5,https://bwmri.gov.bd/pages/static-pages/6922dc25933eb65569e0ea41,জাতের পাতা > জাতের বৈশিষ্ট্য > উপযোগী এলাকা > ফলন,,Official webpage/table,,direct structured extraction of source-reported range,verified_against_visible_official_source,2026-07-24,False,
verified_0484,Irrigated crops,Database fields,Calendar information fields — item,Harvested irrigated crop area,,list_item,,Food and Agriculture Organization of the United Nations (FAO),AQUASTAT Irrigated Crop Calendars and Irrigation Water Requirement,https://www.fao.org/aquastat/en/data-analysis/irrig-water-use/irrigated-crop-calendars/index.html,Irrigated crop calendars > Bangladesh example; Irrigation water requirement > wheat example,,Official webpage/table,,direct structured extraction of source list item,verified_against_visible_official_source,2026-07-24,False,
verified_0485,All non-rice crops,Soil water,Available-water classification — item,Clay: high,,list_item,,Food and Agriculture Organization of the United Nations (FAO),"Irrigation Water Management: Irrigation Scheduling, Chapter 3",https://www.fao.org/4/t7202e/t7202e06.htm,"Chapter 3 > Sections 3.1-3.3 > Tables 3, 4 and 5",,Official scanned technical manual presented as an HTML chapter,,direct structured extraction of source list item,verified_against_visible_official_source,2026-07-24,False,
verified_0486,Mungbean,Fertilizer,Urea,39,kg/ha,number,Conservation-tillage cropping-pattern fertilizer table,Bangladesh Agricultural Research Institute (BARI),ফসল বিন্যাসের ফলন বৃদ্ধি ও মৃত্তিকার ভৌতগুণাবলী উন্নয়নের জন্য সংরক্ষিত কর্ষণ ও শস্যের অবশেষ ব্যবহার,https://m.baritechnology.org/crops/tech_detail/293,প্রযুক্তির বিবরণ > conservation tillage depth and crop-residue system > fertilizer application,,Official webpage/table,Urea: 39,direct structured extraction,verified_against_visible_official_source,2026-07-24,False,
verified_0487,Cabbage,Produce quality,Reported benefits — item,Improves taste,,list_item,,Bangladesh Agricultural Research Institute (BARI),কেঁচো সার ও রাসায়নিক সারের সমন্বিত প্রয়োগে বাঁধাকপি উৎপাদন,https://baritechnology.org/m/crops/tech_detail/297,প্রযুক্তির বিবরণ > fertilizer description > application method > crop care,,Official webpage/table,,direct structured extraction of source list item,verified_against_visible_official_source,2026-07-24,False,
verified_0488,Tomato,Crop calendar,Transplanting window — start,Mid-November,,date_text,,Bangladesh Agricultural Research Institute (BARI),জিংক ও বোরন সার পাতায় সিঞ্চণ প্রয়োগে টমেটো চাষ,https://baritechnology.org/m/crops/tech_detail/300,প্রযুক্তির বিবরণ > অঞ্চল/মাটি/বীজ > sowing/transplanting > fertilizer table > foliar application,,Official webpage/table,,direct structured extraction,verified_against_visible_official_source,2026-07-24,False,
verified_0489,Tomato,Planting geometry,Plant spacing,40,cm,text,,Bangladesh Agricultural Research Institute (BARI),টমেটো উৎপাদনে আরবাস্কুলার মাইকোরাইজা ও ফসফরাসের ব্যবহার,https://baritechnology.org/m/crops/tech_detail/304,প্রযুক্তির বিবরণ > production technology table > fertilizer rate and method,,Official webpage/table,,direct structured extraction,verified_against_visible_official_source,2026-07-24,False,
verified_0490,Mango,Pest scouting,First hopper-control timing — start,7 days after panicle emergence,,date_text,,Bangladesh Agricultural Research Institute (BARI),আমের ফুল ও ফল ঝরা রোধে টেকসই ব্যবস্থাপনা,https://baritechnology.org/m/crops/tech_detail/322,প্রযুক্তির বিবরণ > seasonal management > age-based fertilizer table > application method,,Official webpage/table,,direct structured extraction,verified_against_visible_official_source,2026-07-24,False,
verified_0491,Bt Brinjal,Soil,Suitable soil characteristics — full list,Organic-matter-rich soil; Nutrient-rich soil; Loam or sandy loam; High land,,list,,Bangladesh Agricultural Research Institute (BARI),বিটি বেগুনের উন্নত উৎপাদন প্রযুক্তি,https://baritechnology.org/m/crops/tech_detail/333,"প্রযুক্তির বিবরণ > varieties/seedlings > soil and planting > irrigation, harvest, yield and finance",,Official webpage/table,,direct structured extraction of source list,verified_against_visible_official_source,2026-07-24,False,
verified_0492,Brinjal,Harvest,Harvest period after transplanting — reported range,120-200,days,range,,Bangladesh Agricultural Research Institute (BARI),আন্তঃফসল হিসাবে বেগুনের সাথে ঝাড়শীমের চাষ,https://baritechnology.org/m/crops/tech_detail/334,"প্রযুক্তির বিবরণ > varieties and seed rate > soil and planting > harvest, yield and finance",,Official webpage/table,,direct structured extraction of source-reported range,verified_against_visible_official_source,2026-07-24,False,
verified_0493,Onion,Seed,Seed rate,4,kg/ha,text,,Bangladesh Agricultural Research Institute (BARI),উঁচু গঙ্গাবাহিত প্লাবন ভূমিতে আলু-পেঁয়াজ/ভুট্টা-রোপাআমন ধান ফসল ধারায় সার সুপারিশমালা,https://baritechnology.org/m/crops/tech_detail/346,"প্রযুক্তির বিবরণ > crop sequence, seed rate and fertilizer table > management and yield",,Official webpage/table,,direct structured extraction,verified_against_visible_official_source,2026-07-24,False,
verified_0494,Mungbean,Fertilizer,TSP,450,kg/ha,number,Kurigram four-crop system fertilizer table,Bangladesh Agricultural Research Institute (BARI),পেঁয়াজ/মুগডাল-পাট-রোপা আমন ধান: কুড়িগ্রাম অঞ্চলের একটি চার ফসল ভিত্তিক উন্নত ফসল বিন্যাস,https://baritechnology.org/m/crops/tech_detail/348,"প্রযুক্তির বিবরণ > fertilizer table > management, harvest and yield",,Official webpage/table,TSP: 450,direct structured extraction,verified_against_visible_official_source,2026-07-24,False,
verified_0495,Mungbean,Variety,Recommended variety,BARI Mung-6,,text,,Bangladesh Agricultural Research Institute (BARI),খুলনার উপকূলীয় অঞ্চলে রোপাআমন-সরিষা-মুগডাল একটি উন্নত ফসল ধারা,https://baritechnology.org/m/crops/tech_detail/349,"প্রযুক্তির বিবরণ > উৎপাদন প্রযুক্তি > সারের নাম table > সার প্রয়োগ পদ্ধতি, আন্তঃপরিচর্যা ও ফলন",,Official webpage/table,,direct structured extraction,verified_against_visible_official_source,2026-07-24,False,
verified_0496,Garlic and Groundnut,Fertilizer,Reported fertilizer package,Urea 105 kg/ha; TSP 400 kg/ha; MoP 80 kg/ha; Gypsum 170 kg/ha; Zinc sulphate 13.5 kg/ha; Boric acid 7 kg/ha; Cow dung 5000 kg/ha,,package,Intercropping technology fertilizer package,Bangladesh Agricultural Research Institute (BARI),বগুড়ার চরাঞ্চলে রসুনের সাথে চীনাবাদামের আন্তঃফসল চাষ একটি লাভজনক প্রযুক্তি,https://baritechnology.org/m/crops/tech_detail/350,"প্রযুক্তির বিবরণ > fertilizer table > management > harvest, yield and finance",,Official webpage/table,,structured assembly of source table row,verified_against_visible_official_source,2026-07-24,False,
verified_0497,Mustard,Crop calendar,Sowing/transplanting time,Second to third week of November,,text,,Bangladesh Agricultural Research Institute (BARI),সরিষা-বোরো ধান-পাট-রোপা আমন ধান: টাংগাইল অঞ্চলের একটি অধিক উৎপাদনশীল ফসল বিন্যাস,https://m.baritechnology.org/crops/tech_detail/353,প্রযুক্তির বিবরণ > system comparison > varieties and seed rates > fertilizer table,,Official webpage/table,,direct structured extraction,verified_against_visible_official_source,2026-07-24,False,
verified_0498,T. Aman Rice,Fertilizer,Gypsum,140,kg/ha,number,Wheat–T. Aman cropping system table; source display labels gypsum inconsistently,Bangladesh Agricultural Research Institute (BARI),গম-রোপা আমন ধান ফসল ধারার সার ও সেচ ব্যবস্থাপনা,https://baritechnology.org/m/crops/tech_detail/357,প্রযুক্তির বিবরণ > fertilizer table > fertilizer timing and irrigation,,Official webpage/table,Gypsum: 140,direct structured extraction,verified_against_visible_official_source,2026-07-24,False,
verified_0499,Coconut,Pest management,Spray interval,15,days,text,,Bangladesh Agricultural Research Institute (BARI),নারিকেলের সমন্বিত ফসল ব্যবস্থাপনা,https://baritechnology.org/m/crops/tech_detail/456,প্রযুক্তির বিবরণ > fertilizer timing and sanitation > pest and disease management,,Official webpage/table,,direct structured extraction,verified_against_visible_official_source,2026-07-24,False,
verified_0500,Maize and dwarf yardlong bean,Crop calendar,Sowing window — reported window,15 February to 31 March,,date_window,,Bangladesh Agricultural Research Institute (BARI),আন্তঃফসল হিসাবে ভুট্টার সাথে খাটো জাতের বরবটির চাষ,https://baritechnology.org/m/crops/tech_detail/502,প্রযুক্তির বিবরণ > crop/variety/area > sowing and harvest > fertilizer management > yield,,Official webpage/table,,direct structured extraction,verified_against_visible_official_source,2026-07-24,False,
verified_0501,Onion,Harvest,Harvest age after transplanting — reported range,90-120,days,range,,Bangladesh Agricultural Research Institute (BARI),পেঁয়াজ চাষে সমন্বিত আগাছা ব্যবস্থাপনা,https://baritechnology.org/m/crops/tech_detail/506,প্রযুক্তির বিবরণ > variety/area > planting and harvest > fertilizer rate and application,,Official webpage/table,,direct structured extraction of source-reported range,verified_against_visible_official_source,2026-07-24,False,
verified_0502,Chia,Nutritional composition,Carbohydrate — minimum,26,percent,number,,Bangladesh Agricultural Research Institute (BARI),চিয়া চাষে কৃষিতাত্ত্বিক ব্যবস্থাপনা,https://baritechnology.org/m/crops/tech_detail/518,প্রযুক্তির বিবরণ > nutrient composition > fertilizer description > planting method > suitability,,Official webpage/table,,structured parse of source-reported range,verified_against_visible_official_source,2026-07-24,False,
verified_0503,BR9,Season classification,Rice season,Aus,,text,,Bangladesh Rice Research Institute (BRRI),আউশ ধানের জাত,https://brri.gov.bd/site/page/51edd399-1ba3-4f9c-bf82-125d681b8ff8/আউশ-ধানের-জাত,আউশ ধানের জাত > variety download list,,Official webpage/table,,direct structured extraction,verified_against_visible_official_source,2026-07-24,False,
verified_0504,BRRI Hybrid dhan10,Season classification,Rice season,Boro,,text,,Bangladesh Rice Research Institute (BRRI),ব্রি উদ্ভাবিত নতুন বোরো ধানের জাতসমূহ,https://brri.gov.bd/pages/static-pages/699d278d0517136ccaa33510,নতুন বোরো ধানের জাতসমূহ table,,Official webpage/table,,direct structured extraction,verified_against_visible_official_source,2026-07-24,False,
verified_0505,BRRI dhan113,Institution,Developer,BRRI,,text,,Bangladesh Rice Research Institute (BRRI),বিগত বছরে ব্রির উদ্ভাবিত ধানের জাতসমূহ,https://brri.gov.bd/site/page/dccbd42b-3258-467b-8b47-fc74e6bd15e1,বিগত বছরে ব্রির উদ্ভাবিত ধানের জাতসমূহ > বছর ও জাতসমূহ table,,Official webpage/table,,direct structured extraction,verified_against_visible_official_source,2026-07-24,False,
verified_0506,BWMRI Hybrid Maize-2,Grain,Colour,Yellow,,text,,Bangladesh Wheat and Maize Research Institute (BWMRI),বিডাব্লিউএমআরআই হাইব্রিড ভুট্টা ২,https://bwmri.gov.bd/pages/static-pages/6922dfff933eb65569e24fc5,জাতের পাতা > জাতের বৈশিষ্ট্য > উপযোগী এলাকা > ফলন,,Official webpage/table,,direct structured extraction,verified_against_visible_official_source,2026-07-24,False,
verified_0507,BARI Hybrid Maize-9,Plant morphology,Plant height — maximum,230,cm,number,,Bangladesh Wheat and Maize Research Institute (BWMRI),বারি হাইব্রিড ভুট্টা ৯,https://bwmri.gov.bd/pages/static-pages/6922def6933eb65569e1ebb3,জাতের পাতা > জাতের বৈশিষ্ট্য > উপযোগী এলাকা > ফলন,,Official webpage/table,,structured parse of source-reported range,verified_against_visible_official_source,2026-07-24,False,
verified_0508,BARI Gom-25,Variety trait,Tillers per plant — minimum,4,tillers,number,,Bangladesh Wheat and Maize Research Institute (BWMRI),BARI Gom-25,https://bwmri.gov.bd/site/page/ba774aa2-708e-4438-b977-a206b1113d7b/,জাতের পাতা > জাতের বৈশিষ্ট্য > উপযোগী এলাকা > ফলন,,Official webpage/table,,structured parse of source-reported range,verified_against_visible_official_source,2026-07-24,False,
verified_0509,BARI Gom-26,Variety trait,Tillers per plant — minimum,5,tillers,number,,Bangladesh Wheat and Maize Research Institute (BWMRI),BARI Gom-26,https://bwmri.gov.bd/pages/static-pages/6922e073933eb65569e271de,জাতের পাতা > জাতের বৈশিষ্ট্য > উপযোগী এলাকা > ফলন,,Official webpage/table,,structured parse of source-reported range,verified_against_visible_official_source,2026-07-24,False,
verified_0510,BARI Gom-27,Variety trait,Thousand-grain weight — reported range,35-40,g,range,,Bangladesh Wheat and Maize Research Institute (BWMRI),BARI Gom-27,https://bwmri.gov.bd/pages/static-pages/6922df57933eb65569e21533,জাতের পাতা > জাতের বৈশিষ্ট্য > উপযোগী এলাকা > ফলন,,Official webpage/table,,direct structured extraction of source-reported range,verified_against_visible_official_source,2026-07-24,False,
verified_0511,BARI Gom-28,Variety trait,Thousand-grain weight — reported range,43-48,g,range,,Bangladesh Wheat and Maize Research Institute (BWMRI),BARI Gom-28,https://bwmri.gov.bd/site/page/d985dfcc-d5f6-4466-8793-26bd129b52c2/,জাতের পাতা > জাতের বৈশিষ্ট্য > উপযোগী এলাকা > ফলন,,Official webpage/table,,direct structured extraction of source-reported range,verified_against_visible_official_source,2026-07-24,False,
verified_0512,BARI Gom-30,Variety trait,Reported yield — reported range,4.5-5.5,tonne/ha,range,,Bangladesh Wheat and Maize Research Institute (BWMRI),BARI Gom-30,https://bwmri.gov.bd/pages/static-pages/6922de18933eb65569e1831b,জাতের পাতা > জাতের বৈশিষ্ট্য > উপযোগী এলাকা > ফলন,,Official webpage/table,,direct structured extraction of source-reported range,verified_against_visible_official_source,2026-07-24,False,
verified_0513,BARI Gom-31,Variety trait,Grains per spike — reported range,47-52,grains/spike,range,,Bangladesh Wheat and Maize Research Institute (BWMRI),BARI Gom-31,https://bwmri.gov.bd/pages/static-pages/6922dcd2933eb65569e123f6,জাতের পাতা > জাতের বৈশিষ্ট্য > উপযোগী এলাকা > ফলন,,Official webpage/table,,direct structured extraction of source-reported range,verified_against_visible_official_source,2026-07-24,False,
verified_0514,BARI Gom-32,Variety trait,Reported traits — item,Heat tolerant,,list_item,,Bangladesh Wheat and Maize Research Institute (BWMRI),BARI Gom-32,https://bwmri.gov.bd/pages/static-pages/6922e087933eb65569e276c5,জাতের পাতা > জাতের বৈশিষ্ট্য > উপযোগী এলাকা > ফলন,,Official webpage/table,,direct structured extraction of source list item,verified_against_visible_official_source,2026-07-24,False,
verified_0515,BARI Gom-33,Variety trait,Reported yield — minimum,4.8,tonne/ha,number,,Bangladesh Wheat and Maize Research Institute (BWMRI),BARI Gom-33,https://bwmri.gov.bd/site/page/3873b43b-5523-4681-94f1-0e1bda851d1b,জাতের পাতা > জাতের বৈশিষ্ট্য > উপযোগী এলাকা > ফলন,,Official webpage/table,,structured parse of source-reported range,verified_against_visible_official_source,2026-07-24,False,
verified_0516,BWMRI Gom-5,Variety trait,Reported yield — minimum,4.5,tonne/ha,number,,Bangladesh Wheat and Maize Research Institute (BWMRI),BWMRI Gom-5,https://bwmri.gov.bd/pages/static-pages/6922dc25933eb65569e0ea41,জাতের পাতা > জাতের বৈশিষ্ট্য > উপযোগী এলাকা > ফলন,,Official webpage/table,,structured parse of source-reported range,verified_against_visible_official_source,2026-07-24,False,
verified_0517,Irrigated crops,Database fields,Calendar information fields — item,Irrigated area by crop,,list_item,,Food and Agriculture Organization of the United Nations (FAO),AQUASTAT Irrigated Crop Calendars and Irrigation Water Requirement,https://www.fao.org/aquastat/en/data-analysis/irrig-water-use/irrigated-crop-calendars/index.html,Irrigated crop calendars > Bangladesh example; Irrigation water requirement > wheat example,,Official webpage/table,,direct structured extraction of source list item,verified_against_visible_official_source,2026-07-24,False,
verified_0518,Shallow-rooting crop,Irrigation depth,Approximate net irrigation depth,15,mm,text,Shallow and/or sandy soil,Food and Agriculture Organization of the United Nations (FAO),"Irrigation Water Management: Irrigation Scheduling, Chapter 3",https://www.fao.org/4/t7202e/t7202e06.htm,"Chapter 3 > Sections 3.1-3.3 > Tables 3, 4 and 5",,Official scanned technical manual presented as an HTML chapter,,direct structured extraction,verified_against_visible_official_source,2026-07-24,False,
verified_0519,Mungbean,Fertilizer,TSP,90,kg/ha,number,Conservation-tillage cropping-pattern fertilizer table,Bangladesh Agricultural Research Institute (BARI),ফসল বিন্যাসের ফলন বৃদ্ধি ও মৃত্তিকার ভৌতগুণাবলী উন্নয়নের জন্য সংরক্ষিত কর্ষণ ও শস্যের অবশেষ ব্যবহার,https://m.baritechnology.org/crops/tech_detail/293,প্রযুক্তির বিবরণ > conservation tillage depth and crop-residue system > fertilizer application,,Official webpage/table,TSP: 90,direct structured extraction,verified_against_visible_official_source,2026-07-24,False,
verified_0520,Cabbage,Produce quality,Reported benefits — item,Extends storage life,,list_item,,Bangladesh Agricultural Research Institute (BARI),কেঁচো সার ও রাসায়নিক সারের সমন্বিত প্রয়োগে বাঁধাকপি উৎপাদন,https://baritechnology.org/m/crops/tech_detail/297,প্রযুক্তির বিবরণ > fertilizer description > application method > crop care,,Official webpage/table,,direct structured extraction of source list item,verified_against_visible_official_source,2026-07-24,False,
verified_0521,Tomato,Crop calendar,Transplanting window — end,Mid-December,,date_text,,Bangladesh Agricultural Research Institute (BARI),জিংক ও বোরন সার পাতায় সিঞ্চণ প্রয়োগে টমেটো চাষ,https://baritechnology.org/m/crops/tech_detail/300,প্রযুক্তির বিবরণ > অঞ্চল/মাটি/বীজ > sowing/transplanting > fertilizer table > foliar application,,Official webpage/table,,direct structured extraction,verified_against_visible_official_source,2026-07-24,False,
verified_0522,Tomato,Biofertilizer,Mycorrhiza rate in nursery bed,1,kg/m2,text,,Bangladesh Agricultural Research Institute (BARI),টমেটো উৎপাদনে আরবাস্কুলার মাইকোরাইজা ও ফসফরাসের ব্যবহার,https://baritechnology.org/m/crops/tech_detail/304,প্রযুক্তির বিবরণ > production technology table > fertilizer rate and method,,Official webpage/table,,direct structured extraction,verified_against_visible_official_source,2026-07-24,False,
verified_0523,Mango,Pest scouting,First hopper-control timing — end,10 days after panicle emergence,,date_text,,Bangladesh Agricultural Research Institute (BARI),আমের ফুল ও ফল ঝরা রোধে টেকসই ব্যবস্থাপনা,https://baritechnology.org/m/crops/tech_detail/322,প্রযুক্তির বিবরণ > seasonal management > age-based fertilizer table > application method,,Official webpage/table,,direct structured extraction,verified_against_visible_official_source,2026-07-24,False,
verified_0524,Bt Brinjal,Soil,Suitable soil characteristics — item,Organic-matter-rich soil,,list_item,,Bangladesh Agricultural Research Institute (BARI),বিটি বেগুনের উন্নত উৎপাদন প্রযুক্তি,https://baritechnology.org/m/crops/tech_detail/333,"প্রযুক্তির বিবরণ > varieties/seedlings > soil and planting > irrigation, harvest, yield and finance",,Official webpage/table,,direct structured extraction of source list item,verified_against_visible_official_source,2026-07-24,False,
verified_0525,Brinjal,Harvest,Harvest period after transplanting — minimum,120,days,number,,Bangladesh Agricultural Research Institute (BARI),আন্তঃফসল হিসাবে বেগুনের সাথে ঝাড়শীমের চাষ,https://baritechnology.org/m/crops/tech_detail/334,"প্রযুক্তির বিবরণ > varieties and seed rate > soil and planting > harvest, yield and finance",,Official webpage/table,,structured parse of source-reported range,verified_against_visible_official_source,2026-07-24,False,
verified_0526,Maize,Seed,Seed rate,21,kg/ha,text,,Bangladesh Agricultural Research Institute (BARI),উঁচু গঙ্গাবাহিত প্লাবন ভূমিতে আলু-পেঁয়াজ/ভুট্টা-রোপাআমন ধান ফসল ধারায় সার সুপারিশমালা,https://baritechnology.org/m/crops/tech_detail/346,"প্রযুক্তির বিবরণ > crop sequence, seed rate and fertilizer table > management and yield",,Official webpage/table,,direct structured extraction,verified_against_visible_official_source,2026-07-24,False,
verified_0527,Mungbean,Fertilizer,MoP,60,kg/ha,number,Kurigram four-crop system fertilizer table,Bangladesh Agricultural Research Institute (BARI),পেঁয়াজ/মুগডাল-পাট-রোপা আমন ধান: কুড়িগ্রাম অঞ্চলের একটি চার ফসল ভিত্তিক উন্নত ফসল বিন্যাস,https://baritechnology.org/m/crops/tech_detail/348,"প্রযুক্তির বিবরণ > fertilizer table > management, harvest and yield",,Official webpage/table,MoP: 60,direct structured extraction,verified_against_visible_official_source,2026-07-24,False,
verified_0528,T. Aman Rice,Variety,Recommended variety,BINA dhan-7,,text,,Bangladesh Agricultural Research Institute (BARI),খুলনার উপকূলীয় অঞ্চলে রোপাআমন-সরিষা-মুগডাল একটি উন্নত ফসল ধারা,https://baritechnology.org/m/crops/tech_detail/349,"প্রযুক্তির বিবরণ > উৎপাদন প্রযুক্তি > সারের নাম table > সার প্রয়োগ পদ্ধতি, আন্তঃপরিচর্যা ও ফলন",,Official webpage/table,,direct structured extraction,verified_against_visible_official_source,2026-07-24,False,
verified_0529,Garlic and Groundnut,Fertilizer timing,Basal urea fraction,Half of total urea,,text,,Bangladesh Agricultural Research Institute (BARI),বগুড়ার চরাঞ্চলে রসুনের সাথে চীনাবাদামের আন্তঃফসল চাষ একটি লাভজনক প্রযুক্তি,https://baritechnology.org/m/crops/tech_detail/350,"প্রযুক্তির বিবরণ > fertilizer table > management > harvest, yield and finance",,Official webpage/table,,direct structured extraction,verified_against_visible_official_source,2026-07-24,False,
verified_0530,Boro Rice,Variety,Recommended variety,BRRI dhan28,,text,,Bangladesh Agricultural Research Institute (BARI),সরিষা-বোরো ধান-পাট-রোপা আমন ধান: টাংগাইল অঞ্চলের একটি অধিক উৎপাদনশীল ফসল বিন্যাস,https://m.baritechnology.org/crops/tech_detail/353,প্রযুক্তির বিবরণ > system comparison > varieties and seed rates > fertilizer table,,Official webpage/table,,direct structured extraction,verified_against_visible_official_source,2026-07-24,False,
verified_0531,T. Aman Rice,Fertilizer,Reported fertilizer package,Urea 140 kg/ha; TSP 95 kg/ha; MoP 70 kg/ha; Gypsum 140 kg/ha,,package,Wheat–T. Aman cropping system table; source display labels gypsum inconsistently,Bangladesh Agricultural Research Institute (BARI),গম-রোপা আমন ধান ফসল ধারার সার ও সেচ ব্যবস্থাপনা,https://baritechnology.org/m/crops/tech_detail/357,প্রযুক্তির বিবরণ > fertilizer table > fertilizer timing and irrigation,,Official webpage/table,,structured assembly of source table row,verified_against_visible_official_source,2026-07-24,False,
verified_0532,Coconut,Pest management,Number of spray rounds — reported range,2-3,applications,range,,Bangladesh Agricultural Research Institute (BARI),নারিকেলের সমন্বিত ফসল ব্যবস্থাপনা,https://baritechnology.org/m/crops/tech_detail/456,প্রযুক্তির বিবরণ > fertilizer timing and sanitation > pest and disease management,,Official webpage/table,,direct structured extraction of source-reported range,verified_against_visible_official_source,2026-07-24,False,
verified_0533,Maize and dwarf yardlong bean,Crop calendar,Sowing window — start,15 February,,date_text,,Bangladesh Agricultural Research Institute (BARI),আন্তঃফসল হিসাবে ভুট্টার সাথে খাটো জাতের বরবটির চাষ,https://baritechnology.org/m/crops/tech_detail/502,প্রযুক্তির বিবরণ > crop/variety/area > sowing and harvest > fertilizer management > yield,,Official webpage/table,,direct structured extraction,verified_against_visible_official_source,2026-07-24,False,
verified_0534,Onion,Harvest,Harvest age after transplanting — minimum,90,days,number,,Bangladesh Agricultural Research Institute (BARI),পেঁয়াজ চাষে সমন্বিত আগাছা ব্যবস্থাপনা,https://baritechnology.org/m/crops/tech_detail/506,প্রযুক্তির বিবরণ > variety/area > planting and harvest > fertilizer rate and application,,Official webpage/table,,structured parse of source-reported range,verified_against_visible_official_source,2026-07-24,False,
verified_0535,Chia,Nutritional composition,Carbohydrate — maximum,41,percent,number,,Bangladesh Agricultural Research Institute (BARI),চিয়া চাষে কৃষিতাত্ত্বিক ব্যবস্থাপনা,https://baritechnology.org/m/crops/tech_detail/518,প্রযুক্তির বিবরণ > nutrient composition > fertilizer description > planting method > suitability,,Official webpage/table,,structured parse of source-reported range,verified_against_visible_official_source,2026-07-24,False,
verified_0536,BR9,Resource availability,Official variety document,Download listed on BRRI page,,text,,Bangladesh Rice Research Institute (BRRI),আউশ ধানের জাত,https://brri.gov.bd/site/page/51edd399-1ba3-4f9c-bf82-125d681b8ff8/আউশ-ধানের-জাত,আউশ ধানের জাত > variety download list,,Official webpage/table,,direct structured extraction,verified_against_visible_official_source,2026-07-24,False,
verified_0537,BRRI Hybrid dhan10,Variety status,Listed as new BRRI Boro variety,True,,boolean,,Bangladesh Rice Research Institute (BRRI),ব্রি উদ্ভাবিত নতুন বোরো ধানের জাতসমূহ,https://brri.gov.bd/pages/static-pages/699d278d0517136ccaa33510,নতুন বোরো ধানের জাতসমূহ table,,Official webpage/table,,direct structured extraction,verified_against_visible_official_source,2026-07-24,False,
verified_0538,BRRI dhan114,Release,Release year,2025,year,text,,Bangladesh Rice Research Institute (BRRI),বিগত বছরে ব্রির উদ্ভাবিত ধানের জাতসমূহ,https://brri.gov.bd/site/page/dccbd42b-3258-467b-8b47-fc74e6bd15e1,বিগত বছরে ব্রির উদ্ভাবিত ধানের জাতসমূহ > বছর ও জাতসমূহ table,,Official webpage/table,,direct structured extraction,verified_against_visible_official_source,2026-07-24,False,
verified_0539,BWMRI Hybrid Maize-2,Grain,Type,Dent,,text,,Bangladesh Wheat and Maize Research Institute (BWMRI),বিডাব্লিউএমআরআই হাইব্রিড ভুট্টা ২,https://bwmri.gov.bd/pages/static-pages/6922dfff933eb65569e24fc5,জাতের পাতা > জাতের বৈশিষ্ট্য > উপযোগী এলাকা > ফলন,,Official webpage/table,,direct structured extraction,verified_against_visible_official_source,2026-07-24,False,
verified_0540,BARI Hybrid Maize-9,Plant morphology,Cob height — reported range,100-115,cm,range,,Bangladesh Wheat and Maize Research Institute (BWMRI),বারি হাইব্রিড ভুট্টা ৯,https://bwmri.gov.bd/pages/static-pages/6922def6933eb65569e1ebb3,জাতের পাতা > জাতের বৈশিষ্ট্য > উপযোগী এলাকা > ফলন,,Official webpage/table,,direct structured extraction of source-reported range,verified_against_visible_official_source,2026-07-24,False,
verified_0541,BARI Gom-25,Variety trait,Tillers per plant — maximum,5,tillers,number,,Bangladesh Wheat and Maize Research Institute (BWMRI),BARI Gom-25,https://bwmri.gov.bd/site/page/ba774aa2-708e-4438-b977-a206b1113d7b/,জাতের পাতা > জাতের বৈশিষ্ট্য > উপযোগী এলাকা > ফলন,,Official webpage/table,,structured parse of source-reported range,verified_against_visible_official_source,2026-07-24,False,
verified_0542,BARI Gom-26,Variety trait,Tillers per plant — maximum,6,tillers,number,,Bangladesh Wheat and Maize Research Institute (BWMRI),BARI Gom-26,https://bwmri.gov.bd/pages/static-pages/6922e073933eb65569e271de,জাতের পাতা > জাতের বৈশিষ্ট্য > উপযোগী এলাকা > ফলন,,Official webpage/table,,structured parse of source-reported range,verified_against_visible_official_source,2026-07-24,False,
verified_0543,BARI Gom-27,Variety trait,Thousand-grain weight — minimum,35,g,number,,Bangladesh Wheat and Maize Research Institute (BWMRI),BARI Gom-27,https://bwmri.gov.bd/pages/static-pages/6922df57933eb65569e21533,জাতের পাতা > জাতের বৈশিষ্ট্য > উপযোগী এলাকা > ফলন,,Official webpage/table,,structured parse of source-reported range,verified_against_visible_official_source,2026-07-24,False,
verified_0544,BARI Gom-28,Variety trait,Thousand-grain weight — minimum,43,g,number,,Bangladesh Wheat and Maize Research Institute (BWMRI),BARI Gom-28,https://bwmri.gov.bd/site/page/d985dfcc-d5f6-4466-8793-26bd129b52c2/,জাতের পাতা > জাতের বৈশিষ্ট্য > উপযোগী এলাকা > ফলন,,Official webpage/table,,structured parse of source-reported range,verified_against_visible_official_source,2026-07-24,False,
verified_0545,BARI Gom-30,Variety trait,Reported yield — minimum,4.5,tonne/ha,number,,Bangladesh Wheat and Maize Research Institute (BWMRI),BARI Gom-30,https://bwmri.gov.bd/pages/static-pages/6922de18933eb65569e1831b,জাতের পাতা > জাতের বৈশিষ্ট্য > উপযোগী এলাকা > ফলন,,Official webpage/table,,structured parse of source-reported range,verified_against_visible_official_source,2026-07-24,False,
verified_0546,BARI Gom-31,Variety trait,Grains per spike — minimum,47,grains/spike,number,,Bangladesh Wheat and Maize Research Institute (BWMRI),BARI Gom-31,https://bwmri.gov.bd/pages/static-pages/6922dcd2933eb65569e123f6,জাতের পাতা > জাতের বৈশিষ্ট্য > উপযোগী এলাকা > ফলন,,Official webpage/table,,structured parse of source-reported range,verified_against_visible_official_source,2026-07-24,False,
verified_0547,BARI Gom-33,Variety trait,Reported yield — maximum,5.5,tonne/ha,number,,Bangladesh Wheat and Maize Research Institute (BWMRI),BARI Gom-33,https://bwmri.gov.bd/site/page/3873b43b-5523-4681-94f1-0e1bda851d1b,জাতের পাতা > জাতের বৈশিষ্ট্য > উপযোগী এলাকা > ফলন,,Official webpage/table,,structured parse of source-reported range,verified_against_visible_official_source,2026-07-24,False,
verified_0548,BWMRI Gom-5,Variety trait,Reported yield — maximum,5.5,tonne/ha,number,,Bangladesh Wheat and Maize Research Institute (BWMRI),BWMRI Gom-5,https://bwmri.gov.bd/pages/static-pages/6922dc25933eb65569e0ea41,জাতের পাতা > জাতের বৈশিষ্ট্য > উপযোগী এলাকা > ফলন,,Official webpage/table,,structured parse of source-reported range,verified_against_visible_official_source,2026-07-24,False,
verified_0549,Irrigated crops,Database fields,Calendar information fields — item,Monthly percentage occupation by crop,,list_item,,Food and Agriculture Organization of the United Nations (FAO),AQUASTAT Irrigated Crop Calendars and Irrigation Water Requirement,https://www.fao.org/aquastat/en/data-analysis/irrig-water-use/irrigated-crop-calendars/index.html,Irrigated crop calendars > Bangladesh example; Irrigation water requirement > wheat example,,Official webpage/table,,direct structured extraction of source list item,verified_against_visible_official_source,2026-07-24,False,
verified_0550,Medium-rooting crop,Irrigation depth,Approximate net irrigation depth,30,mm,text,Shallow and/or sandy soil,Food and Agriculture Organization of the United Nations (FAO),"Irrigation Water Management: Irrigation Scheduling, Chapter 3",https://www.fao.org/4/t7202e/t7202e06.htm,"Chapter 3 > Sections 3.1-3.3 > Tables 3, 4 and 5",,Official scanned technical manual presented as an HTML chapter,,direct structured extraction,verified_against_visible_official_source,2026-07-24,False,
verified_0551,Mungbean,Fertilizer,MoP,40,kg/ha,number,Conservation-tillage cropping-pattern fertilizer table,Bangladesh Agricultural Research Institute (BARI),ফসল বিন্যাসের ফলন বৃদ্ধি ও মৃত্তিকার ভৌতগুণাবলী উন্নয়নের জন্য সংরক্ষিত কর্ষণ ও শস্যের অবশেষ ব্যবহার,https://m.baritechnology.org/crops/tech_detail/293,প্রযুক্তির বিবরণ > conservation tillage depth and crop-residue system > fertilizer application,,Official webpage/table,MoP: 40,direct structured extraction,verified_against_visible_official_source,2026-07-24,False,
verified_0552,Cabbage,Fertilizer,MoP,150,kg/ha,number,Visible portion of the official technology page,Bangladesh Agricultural Research Institute (BARI),কেঁচো সার ও রাসায়নিক সারের সমন্বিত প্রয়োগে বাঁধাকপি উৎপাদন,https://baritechnology.org/m/crops/tech_detail/297,প্রযুক্তির বিবরণ > fertilizer description > application method > crop care,,Official webpage/table,MoP: 150,direct structured extraction,verified_against_visible_official_source,2026-07-24,False,
verified_0553,Tomato,Variety,Recommended variety,BARI Tomato-15,,text,,Bangladesh Agricultural Research Institute (BARI),জিংক ও বোরন সার পাতায় সিঞ্চণ প্রয়োগে টমেটো চাষ,https://baritechnology.org/m/crops/tech_detail/300,প্রযুক্তির বিবরণ > অঞ্চল/মাটি/বীজ > sowing/transplanting > fertilizer table > foliar application,,Official webpage/table,,direct structured extraction,verified_against_visible_official_source,2026-07-24,False,
verified_0554,Tomato,Fertilizer,Urea,348,kg/ha,number,Mycorrhiza and phosphorus technology,Bangladesh Agricultural Research Institute (BARI),টমেটো উৎপাদনে আরবাস্কুলার মাইকোরাইজা ও ফসফরাসের ব্যবহার,https://baritechnology.org/m/crops/tech_detail/304,প্রযুক্তির বিবরণ > production technology table > fertilizer rate and method,,Official webpage/table,Urea: 348,direct structured extraction,verified_against_visible_official_source,2026-07-24,False,
verified_0555,Mango,Pest scouting,Panicle-length trigger — reported range,1-1.5,inch,range,,Bangladesh Agricultural Research Institute (BARI),আমের ফুল ও ফল ঝরা রোধে টেকসই ব্যবস্থাপনা,https://baritechnology.org/m/crops/tech_detail/322,প্রযুক্তির বিবরণ > seasonal management > age-based fertilizer table > application method,,Official webpage/table,,direct structured extraction of source-reported range,verified_against_visible_official_source,2026-07-24,False,
verified_0556,Bt Brinjal,Soil,Suitable soil characteristics — item,Nutrient-rich soil,,list_item,,Bangladesh Agricultural Research Institute (BARI),বিটি বেগুনের উন্নত উৎপাদন প্রযুক্তি,https://baritechnology.org/m/crops/tech_detail/333,"প্রযুক্তির বিবরণ > varieties/seedlings > soil and planting > irrigation, harvest, yield and finance",,Official webpage/table,,direct structured extraction of source list item,verified_against_visible_official_source,2026-07-24,False,
verified_0557,Brinjal,Harvest,Harvest period after transplanting — maximum,200,days,number,,Bangladesh Agricultural Research Institute (BARI),আন্তঃফসল হিসাবে বেগুনের সাথে ঝাড়শীমের চাষ,https://baritechnology.org/m/crops/tech_detail/334,"প্রযুক্তির বিবরণ > varieties and seed rate > soil and planting > harvest, yield and finance",,Official webpage/table,,structured parse of source-reported range,verified_against_visible_official_source,2026-07-24,False,
verified_0558,T. Aman Rice,Seed,Seed rate,30,kg/ha,text,,Bangladesh Agricultural Research Institute (BARI),উঁচু গঙ্গাবাহিত প্লাবন ভূমিতে আলু-পেঁয়াজ/ভুট্টা-রোপাআমন ধান ফসল ধারায় সার সুপারিশমালা,https://baritechnology.org/m/crops/tech_detail/346,"প্রযুক্তির বিবরণ > crop sequence, seed rate and fertilizer table > management and yield",,Official webpage/table,,direct structured extraction,verified_against_visible_official_source,2026-07-24,False,
verified_0559,Mungbean,Fertilizer,Gypsum,25,kg/ha,number,Kurigram four-crop system fertilizer table,Bangladesh Agricultural Research Institute (BARI),পেঁয়াজ/মুগডাল-পাট-রোপা আমন ধান: কুড়িগ্রাম অঞ্চলের একটি চার ফসল ভিত্তিক উন্নত ফসল বিন্যাস,https://baritechnology.org/m/crops/tech_detail/348,"প্রযুক্তির বিবরণ > fertilizer table > management, harvest and yield",,Official webpage/table,Gypsum: 25,direct structured extraction,verified_against_visible_official_source,2026-07-24,False,
verified_0560,T. Aman Rice,Planting geometry,Spacing,20 x 15,cm,text,,Bangladesh Agricultural Research Institute (BARI),খুলনার উপকূলীয় অঞ্চলে রোপাআমন-সরিষা-মুগডাল একটি উন্নত ফসল ধারা,https://baritechnology.org/m/crops/tech_detail/349,"প্রযুক্তির বিবরণ > উৎপাদন প্রযুক্তি > সারের নাম table > সার প্রয়োগ পদ্ধতি, আন্তঃপরিচর্যা ও ফলন",,Official webpage/table,,direct structured extraction,verified_against_visible_official_source,2026-07-24,False,
verified_0561,Garlic and Groundnut,Fertilizer timing,Remaining urea,Split into two applications at flowering,,text,,Bangladesh Agricultural Research Institute (BARI),বগুড়ার চরাঞ্চলে রসুনের সাথে চীনাবাদামের আন্তঃফসল চাষ একটি লাভজনক প্রযুক্তি,https://baritechnology.org/m/crops/tech_detail/350,"প্রযুক্তির বিবরণ > fertilizer table > management > harvest, yield and finance",,Official webpage/table,,direct structured extraction,verified_against_visible_official_source,2026-07-24,False,
verified_0562,Boro Rice,Seed,Seed rate,50,kg/ha,text,,Bangladesh Agricultural Research Institute (BARI),সরিষা-বোরো ধান-পাট-রোপা আমন ধান: টাংগাইল অঞ্চলের একটি অধিক উৎপাদনশীল ফসল বিন্যাস,https://m.baritechnology.org/crops/tech_detail/353,প্রযুক্তির বিবরণ > system comparison > varieties and seed rates > fertilizer table,,Official webpage/table,,direct structured extraction,verified_against_visible_official_source,2026-07-24,False,
verified_0563,Wheat,Fertilizer timing,Basal urea fraction,Two-thirds of total urea,,text,,Bangladesh Agricultural Research Institute (BARI),গম-রোপা আমন ধান ফসল ধারার সার ও সেচ ব্যবস্থাপনা,https://baritechnology.org/m/crops/tech_detail/357,প্রযুক্তির বিবরণ > fertilizer table > fertilizer timing and irrigation,,Official webpage/table,,direct structured extraction,verified_against_visible_official_source,2026-07-24,False,
verified_0564,Coconut,Pest management,Number of spray rounds — minimum,2,applications,number,,Bangladesh Agricultural Research Institute (BARI),নারিকেলের সমন্বিত ফসল ব্যবস্থাপনা,https://baritechnology.org/m/crops/tech_detail/456,প্রযুক্তির বিবরণ > fertilizer timing and sanitation > pest and disease management,,Official webpage/table,,structured parse of source-reported range,verified_against_visible_official_source,2026-07-24,False,
verified_0565,Maize and dwarf yardlong bean,Crop calendar,Sowing window — end,31 March,,date_text,,Bangladesh Agricultural Research Institute (BARI),আন্তঃফসল হিসাবে ভুট্টার সাথে খাটো জাতের বরবটির চাষ,https://baritechnology.org/m/crops/tech_detail/502,প্রযুক্তির বিবরণ > crop/variety/area > sowing and harvest > fertilizer management > yield,,Official webpage/table,,direct structured extraction,verified_against_visible_official_source,2026-07-24,False,
verified_0566,Onion,Harvest,Harvest age after transplanting — maximum,120,days,number,,Bangladesh Agricultural Research Institute (BARI),পেঁয়াজ চাষে সমন্বিত আগাছা ব্যবস্থাপনা,https://baritechnology.org/m/crops/tech_detail/506,প্রযুক্তির বিবরণ > variety/area > planting and harvest > fertilizer rate and application,,Official webpage/table,,structured parse of source-reported range,verified_against_visible_official_source,2026-07-24,False,
verified_0567,Chia,Fertilizer,Urea,130,kg/ha,number,Agronomic management technology for chia,Bangladesh Agricultural Research Institute (BARI),চিয়া চাষে কৃষিতাত্ত্বিক ব্যবস্থাপনা,https://baritechnology.org/m/crops/tech_detail/518,প্রযুক্তির বিবরণ > nutrient composition > fertilizer description > planting method > suitability,,Official webpage/table,Urea: 130,direct structured extraction,verified_against_visible_official_source,2026-07-24,False,
verified_0568,BR12,Season classification,Rice season,Aus,,text,,Bangladesh Rice Research Institute (BRRI),আউশ ধানের জাত,https://brri.gov.bd/site/page/51edd399-1ba3-4f9c-bf82-125d681b8ff8/আউশ-ধানের-জাত,আউশ ধানের জাত > variety download list,,Official webpage/table,,direct structured extraction,verified_against_visible_official_source,2026-07-24,False,
verified_0569,BRRI dhan114,Institution,Developer,BRRI,,text,,Bangladesh Rice Research Institute (BRRI),বিগত বছরে ব্রির উদ্ভাবিত ধানের জাতসমূহ,https://brri.gov.bd/site/page/dccbd42b-3258-467b-8b47-fc74e6bd15e1,বিগত বছরে ব্রির উদ্ভাবিত ধানের জাতসমূহ > বছর ও জাতসমূহ table,,Official webpage/table,,direct structured extraction,verified_against_visible_official_source,2026-07-24,False,
verified_0570,BWMRI Hybrid Maize-2,Grain,Reported size traits — full list,Well-filled; Large,,list,,Bangladesh Wheat and Maize Research Institute (BWMRI),বিডাব্লিউএমআরআই হাইব্রিড ভুট্টা ২,https://bwmri.gov.bd/pages/static-pages/6922dfff933eb65569e24fc5,জাতের পাতা > জাতের বৈশিষ্ট্য > উপযোগী এলাকা > ফলন,,Official webpage/table,,direct structured extraction of source list,verified_against_visible_official_source,2026-07-24,False,
verified_0571,BARI Hybrid Maize-9,Plant morphology,Cob height — minimum,100,cm,number,,Bangladesh Wheat and Maize Research Institute (BWMRI),বারি হাইব্রিড ভুট্টা ৯,https://bwmri.gov.bd/pages/static-pages/6922def6933eb65569e1ebb3,জাতের পাতা > জাতের বৈশিষ্ট্য > উপযোগী এলাকা > ফলন,,Official webpage/table,,structured parse of source-reported range,verified_against_visible_official_source,2026-07-24,False,
verified_0572,BARI Gom-25,Variety trait,Salinity tolerance — reported range,8-10,dS/m,range,,Bangladesh Wheat and Maize Research Institute (BWMRI),BARI Gom-25,https://bwmri.gov.bd/site/page/ba774aa2-708e-4438-b977-a206b1113d7b/,জাতের পাতা > জাতের বৈশিষ্ট্য > উপযোগী এলাকা > ফলন,,Official webpage/table,,direct structured extraction of source-reported range,verified_against_visible_official_source,2026-07-24,False,
verified_0573,BARI Gom-26,Variety trait,Reported yield — reported range,4000-5500,kg/ha,range,,Bangladesh Wheat and Maize Research Institute (BWMRI),BARI Gom-26,https://bwmri.gov.bd/pages/static-pages/6922e073933eb65569e271de,জাতের পাতা > জাতের বৈশিষ্ট্য > উপযোগী এলাকা > ফলন,,Official webpage/table,,direct structured extraction of source-reported range,verified_against_visible_official_source,2026-07-24,False,
verified_0574,BARI Gom-27,Variety trait,Thousand-grain weight — maximum,40,g,number,,Bangladesh Wheat and Maize Research Institute (BWMRI),BARI Gom-27,https://bwmri.gov.bd/pages/static-pages/6922df57933eb65569e21533,জাতের পাতা > জাতের বৈশিষ্ট্য > উপযোগী এলাকা > ফলন,,Official webpage/table,,structured parse of source-reported range,verified_against_visible_official_source,2026-07-24,False,
verified_0575,BARI Gom-28,Variety trait,Thousand-grain weight — maximum,48,g,number,,Bangladesh Wheat and Maize Research Institute (BWMRI),BARI Gom-28,https://bwmri.gov.bd/site/page/d985dfcc-d5f6-4466-8793-26bd129b52c2/,জাতের পাতা > জাতের বৈশিষ্ট্য > উপযোগী এলাকা > ফলন,,Official webpage/table,,structured parse of source-reported range,verified_against_visible_official_source,2026-07-24,False,
verified_0576,BARI Gom-30,Variety trait,Reported yield — maximum,5.5,tonne/ha,number,,Bangladesh Wheat and Maize Research Institute (BWMRI),BARI Gom-30,https://bwmri.gov.bd/pages/static-pages/6922de18933eb65569e1831b,জাতের পাতা > জাতের বৈশিষ্ট্য > উপযোগী এলাকা > ফলন,,Official webpage/table,,structured parse of source-reported range,verified_against_visible_official_source,2026-07-24,False,
verified_0577,BARI Gom-31,Variety trait,Grains per spike — maximum,52,grains/spike,number,,Bangladesh Wheat and Maize Research Institute (BWMRI),BARI Gom-31,https://bwmri.gov.bd/pages/static-pages/6922dcd2933eb65569e123f6,জাতের পাতা > জাতের বৈশিষ্ট্য > উপযোগী এলাকা > ফলন,,Official webpage/table,,structured parse of source-reported range,verified_against_visible_official_source,2026-07-24,False,
verified_0578,BARI Gom-33,Variety trait,Reported traits — full list,Early; Heat tolerant; Blast resistant; Rust resistant; Leaf-spot tolerant; Zinc enriched,,list,,Bangladesh Wheat and Maize Research Institute (BWMRI),BARI Gom-33,https://bwmri.gov.bd/site/page/3873b43b-5523-4681-94f1-0e1bda851d1b,জাতের পাতা > জাতের বৈশিষ্ট্য > উপযোগী এলাকা > ফলন,,Official webpage/table,,direct structured extraction of source list,verified_against_visible_official_source,2026-07-24,False,
verified_0579,BWMRI Gom-5,Variety trait,Reported traits — full list,Early; High yielding; Blast resistant; Leaf rust resistant; Dark green plant; Broad drooping flag leaf,,list,,Bangladesh Wheat and Maize Research Institute (BWMRI),BWMRI Gom-5,https://bwmri.gov.bd/pages/static-pages/6922dc25933eb65569e0ea41,জাতের পাতা > জাতের বৈশিষ্ট্য > উপযোগী এলাকা > ফলন,,Official webpage/table,,direct structured extraction of source list,verified_against_visible_official_source,2026-07-24,False,
verified_0580,Deep-rooting crop,Irrigation depth,Approximate net irrigation depth,40,mm,text,Shallow and/or sandy soil,Food and Agriculture Organization of the United Nations (FAO),"Irrigation Water Management: Irrigation Scheduling, Chapter 3",https://www.fao.org/4/t7202e/t7202e06.htm,"Chapter 3 > Sections 3.1-3.3 > Tables 3, 4 and 5",,Official scanned technical manual presented as an HTML chapter,,direct structured extraction,verified_against_visible_official_source,2026-07-24,False,
verified_0581,Mungbean,Fertilizer,Gypsum,63,kg/ha,number,Conservation-tillage cropping-pattern fertilizer table,Bangladesh Agricultural Research Institute (BARI),ফসল বিন্যাসের ফলন বৃদ্ধি ও মৃত্তিকার ভৌতগুণাবলী উন্নয়নের জন্য সংরক্ষিত কর্ষণ ও শস্যের অবশেষ ব্যবহার,https://m.baritechnology.org/crops/tech_detail/293,প্রযুক্তির বিবরণ > conservation tillage depth and crop-residue system > fertilizer application,,Official webpage/table,Gypsum: 63,direct structured extraction,verified_against_visible_official_source,2026-07-24,False,
verified_0582,Cabbage,Fertilizer,Gypsum,75,kg/ha,number,Visible portion of the official technology page,Bangladesh Agricultural Research Institute (BARI),কেঁচো সার ও রাসায়নিক সারের সমন্বিত প্রয়োগে বাঁধাকপি উৎপাদন,https://baritechnology.org/m/crops/tech_detail/297,প্রযুক্তির বিবরণ > fertilizer description > application method > crop care,,Official webpage/table,Gypsum: 75,direct structured extraction,verified_against_visible_official_source,2026-07-24,False,
verified_0583,Tomato,Fertilizer,Urea — reported range,250-300,kg/ha,range,,Bangladesh Agricultural Research Institute (BARI),জিংক ও বোরন সার পাতায় সিঞ্চণ প্রয়োগে টমেটো চাষ,https://baritechnology.org/m/crops/tech_detail/300,প্রযুক্তির বিবরণ > অঞ্চল/মাটি/বীজ > sowing/transplanting > fertilizer table > foliar application,,Official webpage/table,,direct structured extraction of source-reported range,verified_against_visible_official_source,2026-07-24,False,
verified_0584,Tomato,Fertilizer,TSP,150,kg/ha,number,Mycorrhiza and phosphorus technology,Bangladesh Agricultural Research Institute (BARI),টমেটো উৎপাদনে আরবাস্কুলার মাইকোরাইজা ও ফসফরাসের ব্যবহার,https://baritechnology.org/m/crops/tech_detail/304,প্রযুক্তির বিবরণ > production technology table > fertilizer rate and method,,Official webpage/table,TSP: 150,direct structured extraction,verified_against_visible_official_source,2026-07-24,False,
verified_0585,Mango,Pest scouting,Panicle-length trigger — minimum,1,inch,number,,Bangladesh Agricultural Research Institute (BARI),আমের ফুল ও ফল ঝরা রোধে টেকসই ব্যবস্থাপনা,https://baritechnology.org/m/crops/tech_detail/322,প্রযুক্তির বিবরণ > seasonal management > age-based fertilizer table > application method,,Official webpage/table,,structured parse of source-reported range,verified_against_visible_official_source,2026-07-24,False,
verified_0586,Bt Brinjal,Soil,Suitable soil characteristics — item,Loam or sandy loam,,list_item,,Bangladesh Agricultural Research Institute (BARI),বিটি বেগুনের উন্নত উৎপাদন প্রযুক্তি,https://baritechnology.org/m/crops/tech_detail/333,"প্রযুক্তির বিবরণ > varieties/seedlings > soil and planting > irrigation, harvest, yield and finance",,Official webpage/table,,direct structured extraction of source list item,verified_against_visible_official_source,2026-07-24,False,
verified_0587,Dwarf hyacinth bean,Harvest,Harvest period after sowing — reported range,55-65,days,range,,Bangladesh Agricultural Research Institute (BARI),আন্তঃফসল হিসাবে বেগুনের সাথে ঝাড়শীমের চাষ,https://baritechnology.org/m/crops/tech_detail/334,"প্রযুক্তির বিবরণ > varieties and seed rate > soil and planting > harvest, yield and finance",,Official webpage/table,,direct structured extraction of source-reported range,verified_against_visible_official_source,2026-07-24,False,
verified_0588,Potato,Fertilizer,Urea,305,kg/ha,number,Technology-specific recommendation for the Upper Ganges River Floodplain cropping system,Bangladesh Agricultural Research Institute (BARI),উঁচু গঙ্গাবাহিত প্লাবন ভূমিতে আলু-পেঁয়াজ/ভুট্টা-রোপাআমন ধান ফসল ধারায় সার সুপারিশমালা,https://baritechnology.org/m/crops/tech_detail/346,"প্রযুক্তির বিবরণ > crop sequence, seed rate and fertilizer table > management and yield",,Official webpage/table,Urea: 305,direct structured extraction,verified_against_visible_official_source,2026-07-24,False,
verified_0589,Mungbean,Fertilizer,Zinc sulphate,3,kg/ha,number,Kurigram four-crop system fertilizer table,Bangladesh Agricultural Research Institute (BARI),পেঁয়াজ/মুগডাল-পাট-রোপা আমন ধান: কুড়িগ্রাম অঞ্চলের একটি চার ফসল ভিত্তিক উন্নত ফসল বিন্যাস,https://baritechnology.org/m/crops/tech_detail/348,"প্রযুক্তির বিবরণ > fertilizer table > management, harvest and yield",,Official webpage/table,Zinc sulphate: 3,direct structured extraction,verified_against_visible_official_source,2026-07-24,False,
verified_0590,Mustard,Crop calendar,Sowing time,November,,text,,Bangladesh Agricultural Research Institute (BARI),খুলনার উপকূলীয় অঞ্চলে রোপাআমন-সরিষা-মুগডাল একটি উন্নত ফসল ধারা,https://baritechnology.org/m/crops/tech_detail/349,"প্রযুক্তির বিবরণ > উৎপাদন প্রযুক্তি > সারের নাম table > সার প্রয়োগ পদ্ধতি, আন্তঃপরিচর্যা ও ফলন",,Official webpage/table,,direct structured extraction,verified_against_visible_official_source,2026-07-24,False,
verified_0591,Garlic and Groundnut,Irrigation,Number of irrigations — reported range,7-8,applications,range,,Bangladesh Agricultural Research Institute (BARI),বগুড়ার চরাঞ্চলে রসুনের সাথে চীনাবাদামের আন্তঃফসল চাষ একটি লাভজনক প্রযুক্তি,https://baritechnology.org/m/crops/tech_detail/350,"প্রযুক্তির বিবরণ > fertilizer table > management > harvest, yield and finance",,Official webpage/table,,direct structured extraction of source-reported range,verified_against_visible_official_source,2026-07-24,False,
verified_0592,Boro Rice,Crop calendar,Sowing/transplanting time,Third week of February,,text,,Bangladesh Agricultural Research Institute (BARI),সরিষা-বোরো ধান-পাট-রোপা আমন ধান: টাংগাইল অঞ্চলের একটি অধিক উৎপাদনশীল ফসল বিন্যাস,https://m.baritechnology.org/crops/tech_detail/353,প্রযুক্তির বিবরণ > system comparison > varieties and seed rates > fertilizer table,,Official webpage/table,,direct structured extraction,verified_against_visible_official_source,2026-07-24,False,
verified_0593,Wheat,Fertilizer timing,Basal fertilizers — full list,All TSP; All MoP; All zinc fertilizer; All boron fertilizer,,list,,Bangladesh Agricultural Research Institute (BARI),গম-রোপা আমন ধান ফসল ধারার সার ও সেচ ব্যবস্থাপনা,https://baritechnology.org/m/crops/tech_detail/357,প্রযুক্তির বিবরণ > fertilizer table > fertilizer timing and irrigation,,Official webpage/table,,direct structured extraction of source list,verified_against_visible_official_source,2026-07-24,False,
verified_0594,Coconut,Pest management,Number of spray rounds — maximum,3,applications,number,,Bangladesh Agricultural Research Institute (BARI),নারিকেলের সমন্বিত ফসল ব্যবস্থাপনা,https://baritechnology.org/m/crops/tech_detail/456,প্রযুক্তির বিবরণ > fertilizer timing and sanitation > pest and disease management,,Official webpage/table,,structured parse of source-reported range,verified_against_visible_official_source,2026-07-24,False,
verified_0595,Dwarf yardlong bean,Harvest,Green-pod harvest period after sowing — reported range,60-90,days,range,,Bangladesh Agricultural Research Institute (BARI),আন্তঃফসল হিসাবে ভুট্টার সাথে খাটো জাতের বরবটির চাষ,https://baritechnology.org/m/crops/tech_detail/502,প্রযুক্তির বিবরণ > crop/variety/area > sowing and harvest > fertilizer management > yield,,Official webpage/table,,direct structured extraction of source-reported range,verified_against_visible_official_source,2026-07-24,False,
verified_0596,Onion,Fertilizer,Urea — reported range,228-240,kg/ha,range,,Bangladesh Agricultural Research Institute (BARI),পেঁয়াজ চাষে সমন্বিত আগাছা ব্যবস্থাপনা,https://baritechnology.org/m/crops/tech_detail/506,প্রযুক্তির বিবরণ > variety/area > planting and harvest > fertilizer rate and application,,Official webpage/table,,direct structured extraction of source-reported range,verified_against_visible_official_source,2026-07-24,False,
verified_0597,Chia,Fertilizer,TSP,200,kg/ha,number,Agronomic management technology for chia,Bangladesh Agricultural Research Institute (BARI),চিয়া চাষে কৃষিতাত্ত্বিক ব্যবস্থাপনা,https://baritechnology.org/m/crops/tech_detail/518,প্রযুক্তির বিবরণ > nutrient composition > fertilizer description > planting method > suitability,,Official webpage/table,TSP: 200,direct structured extraction,verified_against_visible_official_source,2026-07-24,False,
verified_0598,BR12,Resource availability,Official variety document,Download listed on BRRI page,,text,,Bangladesh Rice Research Institute (BRRI),আউশ ধানের জাত,https://brri.gov.bd/site/page/51edd399-1ba3-4f9c-bf82-125d681b8ff8/আউশ-ধানের-জাত,আউশ ধানের জাত > variety download list,,Official webpage/table,,direct structured extraction,verified_against_visible_official_source,2026-07-24,False,
verified_0599,Rice,Release history,Varieties released in 2024,BRRI dhan107; BRRI dhan108,,list,,Bangladesh Rice Research Institute (BRRI),বিগত বছরে ব্রির উদ্ভাবিত ধানের জাতসমূহ,https://brri.gov.bd/site/page/dccbd42b-3258-467b-8b47-fc74e6bd15e1,বিগত বছরে ব্রির উদ্ভাবিত ধানের জাতসমূহ > বছর ও জাতসমূহ table,,Official webpage/table,,direct structured extraction,verified_against_visible_official_source,2026-07-24,False,
verified_0600,BWMRI Hybrid Maize-2,Grain,Reported size traits — item,Well-filled,,list_item,,Bangladesh Wheat and Maize Research Institute (BWMRI),বিডাব্লিউএমআরআই হাইব্রিড ভুট্টা ২,https://bwmri.gov.bd/pages/static-pages/6922dfff933eb65569e24fc5,জাতের পাতা > জাতের বৈশিষ্ট্য > উপযোগী এলাকা > ফলন,,Official webpage/table,,direct structured extraction of source list item,verified_against_visible_official_source,2026-07-24,False,
verified_0601,BARI Hybrid Maize-9,Plant morphology,Cob height — maximum,115,cm,number,,Bangladesh Wheat and Maize Research Institute (BWMRI),বারি হাইব্রিড ভুট্টা ৯,https://bwmri.gov.bd/pages/static-pages/6922def6933eb65569e1ebb3,জাতের পাতা > জাতের বৈশিষ্ট্য > উপযোগী এলাকা > ফলন,,Official webpage/table,,structured parse of source-reported range,verified_against_visible_official_source,2026-07-24,False,
verified_0602,BARI Gom-25,Variety trait,Salinity tolerance — minimum,8,dS/m,number,,Bangladesh Wheat and Maize Research Institute (BWMRI),BARI Gom-25,https://bwmri.gov.bd/site/page/ba774aa2-708e-4438-b977-a206b1113d7b/,জাতের পাতা > জাতের বৈশিষ্ট্য > উপযোগী এলাকা > ফলন,,Official webpage/table,,structured parse of source-reported range,verified_against_visible_official_source,2026-07-24,False,
verified_0603,BARI Gom-26,Variety trait,Reported yield — minimum,4000,kg/ha,number,,Bangladesh Wheat and Maize Research Institute (BWMRI),BARI Gom-26,https://bwmri.gov.bd/pages/static-pages/6922e073933eb65569e271de,জাতের পাতা > জাতের বৈশিষ্ট্য > উপযোগী এলাকা > ফলন,,Official webpage/table,,structured parse of source-reported range,verified_against_visible_official_source,2026-07-24,False,
verified_0604,BARI Gom-27,Variety trait,Grains per spike — reported range,45-50,grains/spike,range,,Bangladesh Wheat and Maize Research Institute (BWMRI),BARI Gom-27,https://bwmri.gov.bd/pages/static-pages/6922df57933eb65569e21533,জাতের পাতা > জাতের বৈশিষ্ট্য > উপযোগী এলাকা > ফলন,,Official webpage/table,,direct structured extraction of source-reported range,verified_against_visible_official_source,2026-07-24,False,
verified_0605,BARI Gom-28,Variety trait,Grains per spike — reported range,45-50,grains/spike,range,,Bangladesh Wheat and Maize Research Institute (BWMRI),BARI Gom-28,https://bwmri.gov.bd/site/page/d985dfcc-d5f6-4466-8793-26bd129b52c2/,জাতের পাতা > জাতের বৈশিষ্ট্য > উপযোগী এলাকা > ফলন,,Official webpage/table,,direct structured extraction of source-reported range,verified_against_visible_official_source,2026-07-24,False,
verified_0606,BARI Gom-30,Variety trait,Reported traits — full list,Early; Heat tolerant; Leaf-spot tolerant; Blast tolerant; Rust resistant,,list,,Bangladesh Wheat and Maize Research Institute (BWMRI),BARI Gom-30,https://bwmri.gov.bd/pages/static-pages/6922de18933eb65569e1831b,জাতের পাতা > জাতের বৈশিষ্ট্য > উপযোগী এলাকা > ফলন,,Official webpage/table,,direct structured extraction of source list,verified_against_visible_official_source,2026-07-24,False,
verified_0607,BARI Gom-31,Variety trait,Reported traits — full list,Short stature; Strong stem; Lodging resistant; White shiny grain; Leaf rust resistant; Stem rust Ug99 resistant; Leaf-spot tolerant,,list,,Bangladesh Wheat and Maize Research Institute (BWMRI),BARI Gom-31,https://bwmri.gov.bd/pages/static-pages/6922dcd2933eb65569e123f6,জাতের পাতা > জাতের বৈশিষ্ট্য > উপযোগী এলাকা > ফলন,,Official webpage/table,,direct structured extraction of source list,verified_against_visible_official_source,2026-07-24,False,
verified_0608,BARI Gom-33,Variety trait,Reported traits — item,Early,,list_item,,Bangladesh Wheat and Maize Research Institute (BWMRI),BARI Gom-33,https://bwmri.gov.bd/site/page/3873b43b-5523-4681-94f1-0e1bda851d1b,জাতের পাতা > জাতের বৈশিষ্ট্য > উপযোগী এলাকা > ফলন,,Official webpage/table,,direct structured extraction of source list item,verified_against_visible_official_source,2026-07-24,False,
verified_0609,BWMRI Gom-5,Variety trait,Reported traits — item,Early,,list_item,,Bangladesh Wheat and Maize Research Institute (BWMRI),BWMRI Gom-5,https://bwmri.gov.bd/pages/static-pages/6922dc25933eb65569e0ea41,জাতের পাতা > জাতের বৈশিষ্ট্য > উপযোগী এলাকা > ফলন,,Official webpage/table,,direct structured extraction of source list item,verified_against_visible_official_source,2026-07-24,False,
verified_0610,Shallow-rooting crop,Irrigation depth,Approximate net irrigation depth,20,mm,text,Loamy soil,Food and Agriculture Organization of the United Nations (FAO),"Irrigation Water Management: Irrigation Scheduling, Chapter 3",https://www.fao.org/4/t7202e/t7202e06.htm,"Chapter 3 > Sections 3.1-3.3 > Tables 3, 4 and 5",,Official scanned technical manual presented as an HTML chapter,,direct structured extraction,verified_against_visible_official_source,2026-07-24,False,
verified_0611,Mungbean,Fertilizer,Reported fertilizer package,Urea 39 kg/ha; TSP 90 kg/ha; MoP 40 kg/ha; Gypsum 63 kg/ha,,package,Conservation-tillage cropping-pattern fertilizer table,Bangladesh Agricultural Research Institute (BARI),ফসল বিন্যাসের ফলন বৃদ্ধি ও মৃত্তিকার ভৌতগুণাবলী উন্নয়নের জন্য সংরক্ষিত কর্ষণ ও শস্যের অবশেষ ব্যবহার,https://m.baritechnology.org/crops/tech_detail/293,প্রযুক্তির বিবরণ > conservation tillage depth and crop-residue system > fertilizer application,,Official webpage/table,,structured assembly of source table row,verified_against_visible_official_source,2026-07-24,False,
verified_0612,Cabbage,Fertilizer,Boric acid,5,kg/ha,number,Visible portion of the official technology page,Bangladesh Agricultural Research Institute (BARI),কেঁচো সার ও রাসায়নিক সারের সমন্বিত প্রয়োগে বাঁধাকপি উৎপাদন,https://baritechnology.org/m/crops/tech_detail/297,প্রযুক্তির বিবরণ > fertilizer description > application method > crop care,,Official webpage/table,Boric acid: 5,direct structured extraction,verified_against_visible_official_source,2026-07-24,False,
verified_0613,Tomato,Fertilizer,Urea — minimum,250,kg/ha,number,,Bangladesh Agricultural Research Institute (BARI),জিংক ও বোরন সার পাতায় সিঞ্চণ প্রয়োগে টমেটো চাষ,https://baritechnology.org/m/crops/tech_detail/300,প্রযুক্তির বিবরণ > অঞ্চল/মাটি/বীজ > sowing/transplanting > fertilizer table > foliar application,,Official webpage/table,,structured parse of source-reported range,verified_against_visible_official_source,2026-07-24,False,
verified_0614,Tomato,Fertilizer,MoP,120,kg/ha,number,Mycorrhiza and phosphorus technology,Bangladesh Agricultural Research Institute (BARI),টমেটো উৎপাদনে আরবাস্কুলার মাইকোরাইজা ও ফসফরাসের ব্যবহার,https://baritechnology.org/m/crops/tech_detail/304,প্রযুক্তির বিবরণ > production technology table > fertilizer rate and method,,Official webpage/table,MoP: 120,direct structured extraction,verified_against_visible_official_source,2026-07-24,False,
verified_0615,Mango,Pest scouting,Panicle-length trigger — maximum,1.5,inch,number,,Bangladesh Agricultural Research Institute (BARI),আমের ফুল ও ফল ঝরা রোধে টেকসই ব্যবস্থাপনা,https://baritechnology.org/m/crops/tech_detail/322,প্রযুক্তির বিবরণ > seasonal management > age-based fertilizer table > application method,,Official webpage/table,,structured parse of source-reported range,verified_against_visible_official_source,2026-07-24,False,
verified_0616,Bt Brinjal,Soil,Suitable soil characteristics — item,High land,,list_item,,Bangladesh Agricultural Research Institute (BARI),বিটি বেগুনের উন্নত উৎপাদন প্রযুক্তি,https://baritechnology.org/m/crops/tech_detail/333,"প্রযুক্তির বিবরণ > varieties/seedlings > soil and planting > irrigation, harvest, yield and finance",,Official webpage/table,,direct structured extraction of source list item,verified_against_visible_official_source,2026-07-24,False,
verified_0617,Dwarf hyacinth bean,Harvest,Harvest period after sowing — minimum,55,days,number,,Bangladesh Agricultural Research Institute (BARI),আন্তঃফসল হিসাবে বেগুনের সাথে ঝাড়শীমের চাষ,https://baritechnology.org/m/crops/tech_detail/334,"প্রযুক্তির বিবরণ > varieties and seed rate > soil and planting > harvest, yield and finance",,Official webpage/table,,structured parse of source-reported range,verified_against_visible_official_source,2026-07-24,False,
verified_0618,Potato,Fertilizer,TSP,95,kg/ha,number,Technology-specific recommendation for the Upper Ganges River Floodplain cropping system,Bangladesh Agricultural Research Institute (BARI),উঁচু গঙ্গাবাহিত প্লাবন ভূমিতে আলু-পেঁয়াজ/ভুট্টা-রোপাআমন ধান ফসল ধারায় সার সুপারিশমালা,https://baritechnology.org/m/crops/tech_detail/346,"প্রযুক্তির বিবরণ > crop sequence, seed rate and fertilizer table > management and yield",,Official webpage/table,TSP: 95,direct structured extraction,verified_against_visible_official_source,2026-07-24,False,
verified_0619,Mungbean,Fertilizer,Boric acid,7,kg/ha,number,Kurigram four-crop system fertilizer table,Bangladesh Agricultural Research Institute (BARI),পেঁয়াজ/মুগডাল-পাট-রোপা আমন ধান: কুড়িগ্রাম অঞ্চলের একটি চার ফসল ভিত্তিক উন্নত ফসল বিন্যাস,https://baritechnology.org/m/crops/tech_detail/348,"প্রযুক্তির বিবরণ > fertilizer table > management, harvest and yield",,Official webpage/table,Boric acid: 7,direct structured extraction,verified_against_visible_official_source,2026-07-24,False,
verified_0620,Mungbean,Crop calendar,Sowing time,Third week of February,,text,,Bangladesh Agricultural Research Institute (BARI),খুলনার উপকূলীয় অঞ্চলে রোপাআমন-সরিষা-মুগডাল একটি উন্নত ফসল ধারা,https://baritechnology.org/m/crops/tech_detail/349,"প্রযুক্তির বিবরণ > উৎপাদন প্রযুক্তি > সারের নাম table > সার প্রয়োগ পদ্ধতি, আন্তঃপরিচর্যা ও ফলন",,Official webpage/table,,direct structured extraction,verified_against_visible_official_source,2026-07-24,False,
verified_0621,Garlic and Groundnut,Irrigation,Number of irrigations — minimum,7,applications,number,,Bangladesh Agricultural Research Institute (BARI),বগুড়ার চরাঞ্চলে রসুনের সাথে চীনাবাদামের আন্তঃফসল চাষ একটি লাভজনক প্রযুক্তি,https://baritechnology.org/m/crops/tech_detail/350,"প্রযুক্তির বিবরণ > fertilizer table > management > harvest, yield and finance",,Official webpage/table,,structured parse of source-reported range,verified_against_visible_official_source,2026-07-24,False,
verified_0622,Jute,Variety,Recommended variety,O-9897,,text,,Bangladesh Agricultural Research Institute (BARI),সরিষা-বোরো ধান-পাট-রোপা আমন ধান: টাংগাইল অঞ্চলের একটি অধিক উৎপাদনশীল ফসল বিন্যাস,https://m.baritechnology.org/crops/tech_detail/353,প্রযুক্তির বিবরণ > system comparison > varieties and seed rates > fertilizer table,,Official webpage/table,,direct structured extraction,verified_against_visible_official_source,2026-07-24,False,
verified_0623,Wheat,Fertilizer timing,Basal fertilizers — item,All TSP,,list_item,,Bangladesh Agricultural Research Institute (BARI),গম-রোপা আমন ধান ফসল ধারার সার ও সেচ ব্যবস্থাপনা,https://baritechnology.org/m/crops/tech_detail/357,প্রযুক্তির বিবরণ > fertilizer table > fertilizer timing and irrigation,,Official webpage/table,,direct structured extraction of source list item,verified_against_visible_official_source,2026-07-24,False,
verified_0624,Coconut,Pest management,Rotation principle,Alternate chemical and biological pesticide applications,,text,,Bangladesh Agricultural Research Institute (BARI),নারিকেলের সমন্বিত ফসল ব্যবস্থাপনা,https://baritechnology.org/m/crops/tech_detail/456,প্রযুক্তির বিবরণ > fertilizer timing and sanitation > pest and disease management,,Official webpage/table,,direct structured extraction,verified_against_visible_official_source,2026-07-24,False,
verified_0625,Dwarf yardlong bean,Harvest,Green-pod harvest period after sowing — minimum,60,days,number,,Bangladesh Agricultural Research Institute (BARI),আন্তঃফসল হিসাবে ভুট্টার সাথে খাটো জাতের বরবটির চাষ,https://baritechnology.org/m/crops/tech_detail/502,প্রযুক্তির বিবরণ > crop/variety/area > sowing and harvest > fertilizer management > yield,,Official webpage/table,,structured parse of source-reported range,verified_against_visible_official_source,2026-07-24,False,
verified_0626,Onion,Fertilizer,Urea — minimum,228,kg/ha,number,,Bangladesh Agricultural Research Institute (BARI),পেঁয়াজ চাষে সমন্বিত আগাছা ব্যবস্থাপনা,https://baritechnology.org/m/crops/tech_detail/506,প্রযুক্তির বিবরণ > variety/area > planting and harvest > fertilizer rate and application,,Official webpage/table,,structured parse of source-reported range,verified_against_visible_official_source,2026-07-24,False,
verified_0627,Chia,Fertilizer,MoP,100,kg/ha,number,Agronomic management technology for chia,Bangladesh Agricultural Research Institute (BARI),চিয়া চাষে কৃষিতাত্ত্বিক ব্যবস্থাপনা,https://baritechnology.org/m/crops/tech_detail/518,প্রযুক্তির বিবরণ > nutrient composition > fertilizer description > planting method > suitability,,Official webpage/table,MoP: 100,direct structured extraction,verified_against_visible_official_source,2026-07-24,False,
verified_0628,BR15,Season classification,Rice season,Aus,,text,,Bangladesh Rice Research Institute (BRRI),আউশ ধানের জাত,https://brri.gov.bd/site/page/51edd399-1ba3-4f9c-bf82-125d681b8ff8/আউশ-ধানের-জাত,আউশ ধানের জাত > variety download list,,Official webpage/table,,direct structured extraction,verified_against_visible_official_source,2026-07-24,False,
verified_0629,BRRI dhan107,Release,Release year,2024,year,text,,Bangladesh Rice Research Institute (BRRI),বিগত বছরে ব্রির উদ্ভাবিত ধানের জাতসমূহ,https://brri.gov.bd/site/page/dccbd42b-3258-467b-8b47-fc74e6bd15e1,বিগত বছরে ব্রির উদ্ভাবিত ধানের জাতসমূহ > বছর ও জাতসমূহ table,,Official webpage/table,,direct structured extraction,verified_against_visible_official_source,2026-07-24,False,
verified_0630,BWMRI Hybrid Maize-2,Grain,Reported size traits — item,Large,,list_item,,Bangladesh Wheat and Maize Research Institute (BWMRI),বিডাব্লিউএমআরআই হাইব্রিড ভুট্টা ২,https://bwmri.gov.bd/pages/static-pages/6922dfff933eb65569e24fc5,জাতের পাতা > জাতের বৈশিষ্ট্য > উপযোগী এলাকা > ফলন,,Official webpage/table,,direct structured extraction of source list item,verified_against_visible_official_source,2026-07-24,False,
verified_0631,BARI Hybrid Maize-9,Phenology,Silking time in Rabi — reported range,98-103,days,range,,Bangladesh Wheat and Maize Research Institute (BWMRI),বারি হাইব্রিড ভুট্টা ৯,https://bwmri.gov.bd/pages/static-pages/6922def6933eb65569e1ebb3,জাতের পাতা > জাতের বৈশিষ্ট্য > উপযোগী এলাকা > ফলন,,Official webpage/table,,direct structured extraction of source-reported range,verified_against_visible_official_source,2026-07-24,False,
verified_0632,BARI Gom-25,Variety trait,Salinity tolerance — maximum,10,dS/m,number,,Bangladesh Wheat and Maize Research Institute (BWMRI),BARI Gom-25,https://bwmri.gov.bd/site/page/ba774aa2-708e-4438-b977-a206b1113d7b/,জাতের পাতা > জাতের বৈশিষ্ট্য > উপযোগী এলাকা > ফলন,,Official webpage/table,,structured parse of source-reported range,verified_against_visible_official_source,2026-07-24,False,
verified_0633,BARI Gom-26,Variety trait,Reported yield — maximum,5500,kg/ha,number,,Bangladesh Wheat and Maize Research Institute (BWMRI),BARI Gom-26,https://bwmri.gov.bd/pages/static-pages/6922e073933eb65569e271de,জাতের পাতা > জাতের বৈশিষ্ট্য > উপযোগী এলাকা > ফলন,,Official webpage/table,,structured parse of source-reported range,verified_against_visible_official_source,2026-07-24,False,
verified_0634,BARI Gom-27,Variety trait,Grains per spike — minimum,45,grains/spike,number,,Bangladesh Wheat and Maize Research Institute (BWMRI),BARI Gom-27,https://bwmri.gov.bd/pages/static-pages/6922df57933eb65569e21533,জাতের পাতা > জাতের বৈশিষ্ট্য > উপযোগী এলাকা > ফলন,,Official webpage/table,,structured parse of source-reported range,verified_against_visible_official_source,2026-07-24,False,
verified_0635,BARI Gom-28,Variety trait,Grains per spike — minimum,45,grains/spike,number,,Bangladesh Wheat and Maize Research Institute (BWMRI),BARI Gom-28,https://bwmri.gov.bd/site/page/d985dfcc-d5f6-4466-8793-26bd129b52c2/,জাতের পাতা > জাতের বৈশিষ্ট্য > উপযোগী এলাকা > ফলন,,Official webpage/table,,structured parse of source-reported range,verified_against_visible_official_source,2026-07-24,False,
verified_0636,BARI Gom-30,Variety trait,Reported traits — item,Early,,list_item,,Bangladesh Wheat and Maize Research Institute (BWMRI),BARI Gom-30,https://bwmri.gov.bd/pages/static-pages/6922de18933eb65569e1831b,জাতের পাতা > জাতের বৈশিষ্ট্য > উপযোগী এলাকা > ফলন,,Official webpage/table,,direct structured extraction of source list item,verified_against_visible_official_source,2026-07-24,False,
verified_0637,BARI Gom-31,Variety trait,Reported traits — item,Short stature,,list_item,,Bangladesh Wheat and Maize Research Institute (BWMRI),BARI Gom-31,https://bwmri.gov.bd/pages/static-pages/6922dcd2933eb65569e123f6,জাতের পাতা > জাতের বৈশিষ্ট্য > উপযোগী এলাকা > ফলন,,Official webpage/table,,direct structured extraction of source list item,verified_against_visible_official_source,2026-07-24,False,
verified_0638,BARI Gom-33,Variety trait,Reported traits — item,Heat tolerant,,list_item,,Bangladesh Wheat and Maize Research Institute (BWMRI),BARI Gom-33,https://bwmri.gov.bd/site/page/3873b43b-5523-4681-94f1-0e1bda851d1b,জাতের পাতা > জাতের বৈশিষ্ট্য > উপযোগী এলাকা > ফলন,,Official webpage/table,,direct structured extraction of source list item,verified_against_visible_official_source,2026-07-24,False,
verified_0639,BWMRI Gom-5,Variety trait,Reported traits — item,High yielding,,list_item,,Bangladesh Wheat and Maize Research Institute (BWMRI),BWMRI Gom-5,https://bwmri.gov.bd/pages/static-pages/6922dc25933eb65569e0ea41,জাতের পাতা > জাতের বৈশিষ্ট্য > উপযোগী এলাকা > ফলন,,Official webpage/table,,direct structured extraction of source list item,verified_against_visible_official_source,2026-07-24,False,
verified_0640,Medium-rooting crop,Irrigation depth,Approximate net irrigation depth,40,mm,text,Loamy soil,Food and Agriculture Organization of the United Nations (FAO),"Irrigation Water Management: Irrigation Scheduling, Chapter 3",https://www.fao.org/4/t7202e/t7202e06.htm,"Chapter 3 > Sections 3.1-3.3 > Tables 3, 4 and 5",,Official scanned technical manual presented as an HTML chapter,,direct structured extraction,verified_against_visible_official_source,2026-07-24,False,
verified_0641,T. Aman Rice,Fertilizer,Urea,195,kg/ha,number,Conservation-tillage cropping-pattern fertilizer table,Bangladesh Agricultural Research Institute (BARI),ফসল বিন্যাসের ফলন বৃদ্ধি ও মৃত্তিকার ভৌতগুণাবলী উন্নয়নের জন্য সংরক্ষিত কর্ষণ ও শস্যের অবশেষ ব্যবহার,https://m.baritechnology.org/crops/tech_detail/293,প্রযুক্তির বিবরণ > conservation tillage depth and crop-residue system > fertilizer application,,Official webpage/table,Urea: 195,direct structured extraction,verified_against_visible_official_source,2026-07-24,False,
verified_0642,Cabbage,Fertilizer,Reported fertilizer package,MoP 150 kg/ha; Gypsum 75 kg/ha; Boric acid 5 kg/ha,,package,Visible portion of the official technology page,Bangladesh Agricultural Research Institute (BARI),কেঁচো সার ও রাসায়নিক সারের সমন্বিত প্রয়োগে বাঁধাকপি উৎপাদন,https://baritechnology.org/m/crops/tech_detail/297,প্রযুক্তির বিবরণ > fertilizer description > application method > crop care,,Official webpage/table,,structured assembly of source table row,verified_against_visible_official_source,2026-07-24,False,
verified_0643,Tomato,Fertilizer,Urea — maximum,300,kg/ha,number,,Bangladesh Agricultural Research Institute (BARI),জিংক ও বোরন সার পাতায় সিঞ্চণ প্রয়োগে টমেটো চাষ,https://baritechnology.org/m/crops/tech_detail/300,প্রযুক্তির বিবরণ > অঞ্চল/মাটি/বীজ > sowing/transplanting > fertilizer table > foliar application,,Official webpage/table,,structured parse of source-reported range,verified_against_visible_official_source,2026-07-24,False,
verified_0644,Tomato,Fertilizer,Gypsum,81,kg/ha,number,Mycorrhiza and phosphorus technology,Bangladesh Agricultural Research Institute (BARI),টমেটো উৎপাদনে আরবাস্কুলার মাইকোরাইজা ও ফসফরাসের ব্যবহার,https://baritechnology.org/m/crops/tech_detail/304,প্রযুক্তির বিবরণ > production technology table > fertilizer rate and method,,Official webpage/table,Gypsum: 81,direct structured extraction,verified_against_visible_official_source,2026-07-24,False,
verified_0645,Mango,Pest scouting,Flower-stage restriction,Apply before flowers open,,text,,Bangladesh Agricultural Research Institute (BARI),আমের ফুল ও ফল ঝরা রোধে টেকসই ব্যবস্থাপনা,https://baritechnology.org/m/crops/tech_detail/322,প্রযুক্তির বিবরণ > seasonal management > age-based fertilizer table > application method,,Official webpage/table,,direct structured extraction,verified_against_visible_official_source,2026-07-24,False,
verified_0646,Bt Brinjal,Crop calendar,Planting window — reported window,15 October to 30 November,,date_window,,Bangladesh Agricultural Research Institute (BARI),বিটি বেগুনের উন্নত উৎপাদন প্রযুক্তি,https://baritechnology.org/m/crops/tech_detail/333,"প্রযুক্তির বিবরণ > varieties/seedlings > soil and planting > irrigation, harvest, yield and finance",,Official webpage/table,,direct structured extraction,verified_against_visible_official_source,2026-07-24,False,
verified_0647,Dwarf hyacinth bean,Harvest,Harvest period after sowing — maximum,65,days,number,,Bangladesh Agricultural Research Institute (BARI),আন্তঃফসল হিসাবে বেগুনের সাথে ঝাড়শীমের চাষ,https://baritechnology.org/m/crops/tech_detail/334,"প্রযুক্তির বিবরণ > varieties and seed rate > soil and planting > harvest, yield and finance",,Official webpage/table,,structured parse of source-reported range,verified_against_visible_official_source,2026-07-24,False,
verified_0648,Potato,Fertilizer,MoP,192,kg/ha,number,Technology-specific recommendation for the Upper Ganges River Floodplain cropping system,Bangladesh Agricultural Research Institute (BARI),উঁচু গঙ্গাবাহিত প্লাবন ভূমিতে আলু-পেঁয়াজ/ভুট্টা-রোপাআমন ধান ফসল ধারায় সার সুপারিশমালা,https://baritechnology.org/m/crops/tech_detail/346,"প্রযুক্তির বিবরণ > crop sequence, seed rate and fertilizer table > management and yield",,Official webpage/table,MoP: 192,direct structured extraction,verified_against_visible_official_source,2026-07-24,False,
verified_0649,Mungbean,Fertilizer,Reported fertilizer package,Urea 98 kg/ha; TSP 450 kg/ha; MoP 60 kg/ha; Gypsum 25 kg/ha; Zinc sulphate 3 kg/ha; Boric acid 7 kg/ha,,package,Kurigram four-crop system fertilizer table,Bangladesh Agricultural Research Institute (BARI),পেঁয়াজ/মুগডাল-পাট-রোপা আমন ধান: কুড়িগ্রাম অঞ্চলের একটি চার ফসল ভিত্তিক উন্নত ফসল বিন্যাস,https://baritechnology.org/m/crops/tech_detail/348,"প্রযুক্তির বিবরণ > fertilizer table > management, harvest and yield",,Official webpage/table,,structured assembly of source table row,verified_against_visible_official_source,2026-07-24,False,
verified_0650,T. Aman Rice,Crop calendar,Transplanting window — reported window,Last week of July to Second week of August,,date_window,,Bangladesh Agricultural Research Institute (BARI),খুলনার উপকূলীয় অঞ্চলে রোপাআমন-সরিষা-মুগডাল একটি উন্নত ফসল ধারা,https://baritechnology.org/m/crops/tech_detail/349,"প্রযুক্তির বিবরণ > উৎপাদন প্রযুক্তি > সারের নাম table > সার প্রয়োগ পদ্ধতি, আন্তঃপরিচর্যা ও ফলন",,Official webpage/table,,direct structured extraction,verified_against_visible_official_source,2026-07-24,False,
verified_0651,Garlic and Groundnut,Irrigation,Number of irrigations — maximum,8,applications,number,,Bangladesh Agricultural Research Institute (BARI),বগুড়ার চরাঞ্চলে রসুনের সাথে চীনাবাদামের আন্তঃফসল চাষ একটি লাভজনক প্রযুক্তি,https://baritechnology.org/m/crops/tech_detail/350,"প্রযুক্তির বিবরণ > fertilizer table > management > harvest, yield and finance",,Official webpage/table,,structured parse of source-reported range,verified_against_visible_official_source,2026-07-24,False,
verified_0652,Jute,Seed,Seed rate,6,kg/ha,text,,Bangladesh Agricultural Research Institute (BARI),সরিষা-বোরো ধান-পাট-রোপা আমন ধান: টাংগাইল অঞ্চলের একটি অধিক উৎপাদনশীল ফসল বিন্যাস,https://m.baritechnology.org/crops/tech_detail/353,প্রযুক্তির বিবরণ > system comparison > varieties and seed rates > fertilizer table,,Official webpage/table,,direct structured extraction,verified_against_visible_official_source,2026-07-24,False,
verified_0653,Wheat,Fertilizer timing,Basal fertilizers — item,All MoP,,list_item,,Bangladesh Agricultural Research Institute (BARI),গম-রোপা আমন ধান ফসল ধারার সার ও সেচ ব্যবস্থাপনা,https://baritechnology.org/m/crops/tech_detail/357,প্রযুক্তির বিবরণ > fertilizer table > fertilizer timing and irrigation,,Official webpage/table,,direct structured extraction of source list item,verified_against_visible_official_source,2026-07-24,False,
verified_0654,Coconut,Disease management,Target diseases — full list,Leaf spot; Bud rot,,list,,Bangladesh Agricultural Research Institute (BARI),নারিকেলের সমন্বিত ফসল ব্যবস্থাপনা,https://baritechnology.org/m/crops/tech_detail/456,প্রযুক্তির বিবরণ > fertilizer timing and sanitation > pest and disease management,,Official webpage/table,,direct structured extraction of source list,verified_against_visible_official_source,2026-07-24,False,
verified_0655,Dwarf yardlong bean,Harvest,Green-pod harvest period after sowing — maximum,90,days,number,,Bangladesh Agricultural Research Institute (BARI),আন্তঃফসল হিসাবে ভুট্টার সাথে খাটো জাতের বরবটির চাষ,https://baritechnology.org/m/crops/tech_detail/502,প্রযুক্তির বিবরণ > crop/variety/area > sowing and harvest > fertilizer management > yield,,Official webpage/table,,structured parse of source-reported range,verified_against_visible_official_source,2026-07-24,False,
verified_0656,Onion,Fertilizer,Urea — maximum,240,kg/ha,number,,Bangladesh Agricultural Research Institute (BARI),পেঁয়াজ চাষে সমন্বিত আগাছা ব্যবস্থাপনা,https://baritechnology.org/m/crops/tech_detail/506,প্রযুক্তির বিবরণ > variety/area > planting and harvest > fertilizer rate and application,,Official webpage/table,,structured parse of source-reported range,verified_against_visible_official_source,2026-07-24,False,
verified_0657,Chia,Fertilizer,Gypsum,45,kg/ha,number,Agronomic management technology for chia,Bangladesh Agricultural Research Institute (BARI),চিয়া চাষে কৃষিতাত্ত্বিক ব্যবস্থাপনা,https://baritechnology.org/m/crops/tech_detail/518,প্রযুক্তির বিবরণ > nutrient composition > fertilizer description > planting method > suitability,,Official webpage/table,Gypsum: 45,direct structured extraction,verified_against_visible_official_source,2026-07-24,False,
verified_0658,BR15,Resource availability,Official variety document,Download listed on BRRI page,,text,,Bangladesh Rice Research Institute (BRRI),আউশ ধানের জাত,https://brri.gov.bd/site/page/51edd399-1ba3-4f9c-bf82-125d681b8ff8/আউশ-ধানের-জাত,আউশ ধানের জাত > variety download list,,Official webpage/table,,direct structured extraction,verified_against_visible_official_source,2026-07-24,False,
verified_0659,BRRI dhan107,Institution,Developer,BRRI,,text,,Bangladesh Rice Research Institute (BRRI),বিগত বছরে ব্রির উদ্ভাবিত ধানের জাতসমূহ,https://brri.gov.bd/site/page/dccbd42b-3258-467b-8b47-fc74e6bd15e1,বিগত বছরে ব্রির উদ্ভাবিত ধানের জাতসমূহ > বছর ও জাতসমূহ table,,Official webpage/table,,direct structured extraction,verified_against_visible_official_source,2026-07-24,False,
verified_0660,BWMRI Hybrid Maize-2,Grain,Thousand-grain weight — reported range,400-460,g,range,,Bangladesh Wheat and Maize Research Institute (BWMRI),বিডাব্লিউএমআরআই হাইব্রিড ভুট্টা ২,https://bwmri.gov.bd/pages/static-pages/6922dfff933eb65569e24fc5,জাতের পাতা > জাতের বৈশিষ্ট্য > উপযোগী এলাকা > ফলন,,Official webpage/table,,direct structured extraction of source-reported range,verified_against_visible_official_source,2026-07-24,False,
verified_0661,BARI Hybrid Maize-9,Phenology,Silking time in Rabi — minimum,98,days,number,,Bangladesh Wheat and Maize Research Institute (BWMRI),বারি হাইব্রিড ভুট্টা ৯,https://bwmri.gov.bd/pages/static-pages/6922def6933eb65569e1ebb3,জাতের পাতা > জাতের বৈশিষ্ট্য > উপযোগী এলাকা > ফলন,,Official webpage/table,,structured parse of source-reported range,verified_against_visible_official_source,2026-07-24,False,
verified_0662,BARI Gom-25,Variety trait,Reported traits — full list,Long spike; White shiny large grain; Leaf-spot tolerant; Rust resistant; Heat tolerant; Moderately salinity tolerant,,list,,Bangladesh Wheat and Maize Research Institute (BWMRI),BARI Gom-25,https://bwmri.gov.bd/site/page/ba774aa2-708e-4438-b977-a206b1113d7b/,জাতের পাতা > জাতের বৈশিষ্ট্য > উপযোগী এলাকা > ফলন,,Official webpage/table,,direct structured extraction of source list,verified_against_visible_official_source,2026-07-24,False,
verified_0663,BARI Gom-26,Variety trait,Reported traits — full list,White shiny large grain; Leaf-spot tolerant; Rust resistant; Stem rust Ug99 resistant; Heat tolerant,,list,,Bangladesh Wheat and Maize Research Institute (BWMRI),BARI Gom-26,https://bwmri.gov.bd/pages/static-pages/6922e073933eb65569e271de,জাতের পাতা > জাতের বৈশিষ্ট্য > উপযোগী এলাকা > ফলন,,Official webpage/table,,direct structured extraction of source list,verified_against_visible_official_source,2026-07-24,False,
verified_0664,BARI Gom-27,Variety trait,Grains per spike — maximum,50,grains/spike,number,,Bangladesh Wheat and Maize Research Institute (BWMRI),BARI Gom-27,https://bwmri.gov.bd/pages/static-pages/6922df57933eb65569e21533,জাতের পাতা > জাতের বৈশিষ্ট্য > উপযোগী এলাকা > ফলন,,Official webpage/table,,structured parse of source-reported range,verified_against_visible_official_source,2026-07-24,False,
verified_0665,BARI Gom-28,Variety trait,Grains per spike — maximum,50,grains/spike,number,,Bangladesh Wheat and Maize Research Institute (BWMRI),BARI Gom-28,https://bwmri.gov.bd/site/page/d985dfcc-d5f6-4466-8793-26bd129b52c2/,জাতের পাতা > জাতের বৈশিষ্ট্য > উপযোগী এলাকা > ফলন,,Official webpage/table,,structured parse of source-reported range,verified_against_visible_official_source,2026-07-24,False,
verified_0666,BARI Gom-30,Variety trait,Reported traits — item,Heat tolerant,,list_item,,Bangladesh Wheat and Maize Research Institute (BWMRI),BARI Gom-30,https://bwmri.gov.bd/pages/static-pages/6922de18933eb65569e1831b,জাতের পাতা > জাতের বৈশিষ্ট্য > উপযোগী এলাকা > ফলন,,Official webpage/table,,direct structured extraction of source list item,verified_against_visible_official_source,2026-07-24,False,
verified_0667,BARI Gom-31,Variety trait,Reported traits — item,Strong stem,,list_item,,Bangladesh Wheat and Maize Research Institute (BWMRI),BARI Gom-31,https://bwmri.gov.bd/pages/static-pages/6922dcd2933eb65569e123f6,জাতের পাতা > জাতের বৈশিষ্ট্য > উপযোগী এলাকা > ফলন,,Official webpage/table,,direct structured extraction of source list item,verified_against_visible_official_source,2026-07-24,False,
verified_0668,BARI Gom-33,Variety trait,Reported traits — item,Blast resistant,,list_item,,Bangladesh Wheat and Maize Research Institute (BWMRI),BARI Gom-33,https://bwmri.gov.bd/site/page/3873b43b-5523-4681-94f1-0e1bda851d1b,জাতের পাতা > জাতের বৈশিষ্ট্য > উপযোগী এলাকা > ফলন,,Official webpage/table,,direct structured extraction of source list item,verified_against_visible_official_source,2026-07-24,False,
verified_0669,BWMRI Gom-5,Variety trait,Reported traits — item,Blast resistant,,list_item,,Bangladesh Wheat and Maize Research Institute (BWMRI),BWMRI Gom-5,https://bwmri.gov.bd/pages/static-pages/6922dc25933eb65569e0ea41,জাতের পাতা > জাতের বৈশিষ্ট্য > উপযোগী এলাকা > ফলন,,Official webpage/table,,direct structured extraction of source list item,verified_against_visible_official_source,2026-07-24,False,
verified_0670,Deep-rooting crop,Irrigation depth,Approximate net irrigation depth,60,mm,text,Loamy soil,Food and Agriculture Organization of the United Nations (FAO),"Irrigation Water Management: Irrigation Scheduling, Chapter 3",https://www.fao.org/4/t7202e/t7202e06.htm,"Chapter 3 > Sections 3.1-3.3 > Tables 3, 4 and 5",,Official scanned technical manual presented as an HTML chapter,,direct structured extraction,verified_against_visible_official_source,2026-07-24,False,
verified_0671,T. Aman Rice,Fertilizer,TSP,150,kg/ha,number,Conservation-tillage cropping-pattern fertilizer table,Bangladesh Agricultural Research Institute (BARI),ফসল বিন্যাসের ফলন বৃদ্ধি ও মৃত্তিকার ভৌতগুণাবলী উন্নয়নের জন্য সংরক্ষিত কর্ষণ ও শস্যের অবশেষ ব্যবহার,https://m.baritechnology.org/crops/tech_detail/293,প্রযুক্তির বিবরণ > conservation tillage depth and crop-residue system > fertilizer application,,Official webpage/table,TSP: 150,direct structured extraction,verified_against_visible_official_source,2026-07-24,False,
verified_0672,Cabbage,Fertilizer timing,Urea application days after transplanting — full list,10; 30; 50,,list,,Bangladesh Agricultural Research Institute (BARI),কেঁচো সার ও রাসায়নিক সারের সমন্বিত প্রয়োগে বাঁধাকপি উৎপাদন,https://baritechnology.org/m/crops/tech_detail/297,প্রযুক্তির বিবরণ > fertilizer description > application method > crop care,,Official webpage/table,,direct structured extraction of source list,verified_against_visible_official_source,2026-07-24,False,
verified_0673,Tomato,Fertilizer,TSP — reported range,200-250,kg/ha,range,,Bangladesh Agricultural Research Institute (BARI),জিংক ও বোরন সার পাতায় সিঞ্চণ প্রয়োগে টমেটো চাষ,https://baritechnology.org/m/crops/tech_detail/300,প্রযুক্তির বিবরণ > অঞ্চল/মাটি/বীজ > sowing/transplanting > fertilizer table > foliar application,,Official webpage/table,,direct structured extraction of source-reported range,verified_against_visible_official_source,2026-07-24,False,
verified_0674,Tomato,Fertilizer,Zinc sulphate,4,kg/ha,number,Mycorrhiza and phosphorus technology,Bangladesh Agricultural Research Institute (BARI),টমেটো উৎপাদনে আরবাস্কুলার মাইকোরাইজা ও ফসফরাসের ব্যবহার,https://baritechnology.org/m/crops/tech_detail/304,প্রযুক্তির বিবরণ > production technology table > fertilizer rate and method,,Official webpage/table,Zinc sulphate: 4,direct structured extraction,verified_against_visible_official_source,2026-07-24,False,
verified_0675,Mango,Pest management,Reported imidacloprid rate,0.2,g/L,text,,Bangladesh Agricultural Research Institute (BARI),আমের ফুল ও ফল ঝরা রোধে টেকসই ব্যবস্থাপনা,https://baritechnology.org/m/crops/tech_detail/322,প্রযুক্তির বিবরণ > seasonal management > age-based fertilizer table > application method,,Official webpage/table,,direct structured extraction,verified_against_visible_official_source,2026-07-24,True,Use only if currently registered and label-compliant.
verified_0676,Bt Brinjal,Crop calendar,Planting window — start,15 October,,date_text,,Bangladesh Agricultural Research Institute (BARI),বিটি বেগুনের উন্নত উৎপাদন প্রযুক্তি,https://baritechnology.org/m/crops/tech_detail/333,"প্রযুক্তির বিবরণ > varieties/seedlings > soil and planting > irrigation, harvest, yield and finance",,Official webpage/table,,direct structured extraction,verified_against_visible_official_source,2026-07-24,False,
verified_0677,Brinjal,Yield,Sole-crop yield,44,tonne/ha,text,,Bangladesh Agricultural Research Institute (BARI),আন্তঃফসল হিসাবে বেগুনের সাথে ঝাড়শীমের চাষ,https://baritechnology.org/m/crops/tech_detail/334,"প্রযুক্তির বিবরণ > varieties and seed rate > soil and planting > harvest, yield and finance",,Official webpage/table,,direct structured extraction,verified_against_visible_official_source,2026-07-24,False,
verified_0678,Potato,Fertilizer,Gypsum,63,kg/ha,number,Technology-specific recommendation for the Upper Ganges River Floodplain cropping system,Bangladesh Agricultural Research Institute (BARI),উঁচু গঙ্গাবাহিত প্লাবন ভূমিতে আলু-পেঁয়াজ/ভুট্টা-রোপাআমন ধান ফসল ধারায় সার সুপারিশমালা,https://baritechnology.org/m/crops/tech_detail/346,"প্রযুক্তির বিবরণ > crop sequence, seed rate and fertilizer table > management and yield",,Official webpage/table,Gypsum: 63,direct structured extraction,verified_against_visible_official_source,2026-07-24,False,
verified_0679,Jute,Fertilizer,Urea,20,kg/ha,number,Kurigram four-crop system fertilizer table,Bangladesh Agricultural Research Institute (BARI),পেঁয়াজ/মুগডাল-পাট-রোপা আমন ধান: কুড়িগ্রাম অঞ্চলের একটি চার ফসল ভিত্তিক উন্নত ফসল বিন্যাস,https://baritechnology.org/m/crops/tech_detail/348,"প্রযুক্তির বিবরণ > fertilizer table > management, harvest and yield",,Official webpage/table,Urea: 20,direct structured extraction,verified_against_visible_official_source,2026-07-24,False,
verified_0680,T. Aman Rice,Crop calendar,Transplanting window — start,Last week of July,,date_text,,Bangladesh Agricultural Research Institute (BARI),খুলনার উপকূলীয় অঞ্চলে রোপাআমন-সরিষা-মুগডাল একটি উন্নত ফসল ধারা,https://baritechnology.org/m/crops/tech_detail/349,"প্রযুক্তির বিবরণ > উৎপাদন প্রযুক্তি > সারের নাম table > সার প্রয়োগ পদ্ধতি, আন্তঃপরিচর্যা ও ফলন",,Official webpage/table,,direct structured extraction,verified_against_visible_official_source,2026-07-24,False,
verified_0681,Garlic,Harvest,Harvest time,Second week of April,,text,,Bangladesh Agricultural Research Institute (BARI),বগুড়ার চরাঞ্চলে রসুনের সাথে চীনাবাদামের আন্তঃফসল চাষ একটি লাভজনক প্রযুক্তি,https://baritechnology.org/m/crops/tech_detail/350,"প্রযুক্তির বিবরণ > fertilizer table > management > harvest, yield and finance",,Official webpage/table,,direct structured extraction,verified_against_visible_official_source,2026-07-24,False,
verified_0682,Jute,Crop calendar,Sowing/transplanting time,Second week of May,,text,,Bangladesh Agricultural Research Institute (BARI),সরিষা-বোরো ধান-পাট-রোপা আমন ধান: টাংগাইল অঞ্চলের একটি অধিক উৎপাদনশীল ফসল বিন্যাস,https://m.baritechnology.org/crops/tech_detail/353,প্রযুক্তির বিবরণ > system comparison > varieties and seed rates > fertilizer table,,Official webpage/table,,direct structured extraction,verified_against_visible_official_source,2026-07-24,False,
verified_0683,Wheat,Fertilizer timing,Basal fertilizers — item,All zinc fertilizer,,list_item,,Bangladesh Agricultural Research Institute (BARI),গম-রোপা আমন ধান ফসল ধারার সার ও সেচ ব্যবস্থাপনা,https://baritechnology.org/m/crops/tech_detail/357,প্রযুক্তির বিবরণ > fertilizer table > fertilizer timing and irrigation,,Official webpage/table,,direct structured extraction of source list item,verified_against_visible_official_source,2026-07-24,False,
verified_0684,Coconut,Disease management,Target diseases — item,Leaf spot,,list_item,,Bangladesh Agricultural Research Institute (BARI),নারিকেলের সমন্বিত ফসল ব্যবস্থাপনা,https://baritechnology.org/m/crops/tech_detail/456,প্রযুক্তির বিবরণ > fertilizer timing and sanitation > pest and disease management,,Official webpage/table,,direct structured extraction of source list item,verified_against_visible_official_source,2026-07-24,False,
verified_0685,Maize,Harvest,Cob maturity after sowing — reported range,120-125,days,range,,Bangladesh Agricultural Research Institute (BARI),আন্তঃফসল হিসাবে ভুট্টার সাথে খাটো জাতের বরবটির চাষ,https://baritechnology.org/m/crops/tech_detail/502,প্রযুক্তির বিবরণ > crop/variety/area > sowing and harvest > fertilizer management > yield,,Official webpage/table,,direct structured extraction of source-reported range,verified_against_visible_official_source,2026-07-24,False,
verified_0686,Onion,Fertilizer,TSP — reported range,225-260,kg/ha,range,,Bangladesh Agricultural Research Institute (BARI),পেঁয়াজ চাষে সমন্বিত আগাছা ব্যবস্থাপনা,https://baritechnology.org/m/crops/tech_detail/506,প্রযুক্তির বিবরণ > variety/area > planting and harvest > fertilizer rate and application,,Official webpage/table,,direct structured extraction of source-reported range,verified_against_visible_official_source,2026-07-24,False,
verified_0687,Chia,Fertilizer,Cow dung,500,kg/ha,number,Agronomic management technology for chia,Bangladesh Agricultural Research Institute (BARI),চিয়া চাষে কৃষিতাত্ত্বিক ব্যবস্থাপনা,https://baritechnology.org/m/crops/tech_detail/518,প্রযুক্তির বিবরণ > nutrient composition > fertilizer description > planting method > suitability,,Official webpage/table,Cow dung: 500,direct structured extraction,verified_against_visible_official_source,2026-07-24,False,
verified_0688,BR20,Season classification,Rice season,Aus,,text,,Bangladesh Rice Research Institute (BRRI),আউশ ধানের জাত,https://brri.gov.bd/site/page/51edd399-1ba3-4f9c-bf82-125d681b8ff8/আউশ-ধানের-জাত,আউশ ধানের জাত > variety download list,,Official webpage/table,,direct structured extraction,verified_against_visible_official_source,2026-07-24,False,
verified_0689,BRRI dhan108,Release,Release year,2024,year,text,,Bangladesh Rice Research Institute (BRRI),বিগত বছরে ব্রির উদ্ভাবিত ধানের জাতসমূহ,https://brri.gov.bd/site/page/dccbd42b-3258-467b-8b47-fc74e6bd15e1,বিগত বছরে ব্রির উদ্ভাবিত ধানের জাতসমূহ > বছর ও জাতসমূহ table,,Official webpage/table,,direct structured extraction,verified_against_visible_official_source,2026-07-24,False,
verified_0690,BWMRI Hybrid Maize-2,Grain,Thousand-grain weight — minimum,400,g,number,,Bangladesh Wheat and Maize Research Institute (BWMRI),বিডাব্লিউএমআরআই হাইব্রিড ভুট্টা ২,https://bwmri.gov.bd/pages/static-pages/6922dfff933eb65569e24fc5,জাতের পাতা > জাতের বৈশিষ্ট্য > উপযোগী এলাকা > ফলন,,Official webpage/table,,structured parse of source-reported range,verified_against_visible_official_source,2026-07-24,False,
verified_0691,BARI Hybrid Maize-9,Phenology,Silking time in Rabi — maximum,103,days,number,,Bangladesh Wheat and Maize Research Institute (BWMRI),বারি হাইব্রিড ভুট্টা ৯,https://bwmri.gov.bd/pages/static-pages/6922def6933eb65569e1ebb3,জাতের পাতা > জাতের বৈশিষ্ট্য > উপযোগী এলাকা > ফলন,,Official webpage/table,,structured parse of source-reported range,verified_against_visible_official_source,2026-07-24,False,
verified_0692,BARI Gom-25,Variety trait,Reported traits — item,Long spike,,list_item,,Bangladesh Wheat and Maize Research Institute (BWMRI),BARI Gom-25,https://bwmri.gov.bd/site/page/ba774aa2-708e-4438-b977-a206b1113d7b/,জাতের পাতা > জাতের বৈশিষ্ট্য > উপযোগী এলাকা > ফলন,,Official webpage/table,,direct structured extraction of source list item,verified_against_visible_official_source,2026-07-24,False,
verified_0693,BARI Gom-26,Variety trait,Reported traits — item,White shiny large grain,,list_item,,Bangladesh Wheat and Maize Research Institute (BWMRI),BARI Gom-26,https://bwmri.gov.bd/pages/static-pages/6922e073933eb65569e271de,জাতের পাতা > জাতের বৈশিষ্ট্য > উপযোগী এলাকা > ফলন,,Official webpage/table,,direct structured extraction of source list item,verified_against_visible_official_source,2026-07-24,False,
verified_0694,BARI Gom-27,Variety trait,Reported traits — full list,Four to five tillers; Long spike; White shiny medium grain; Leaf-spot tolerant; Rust resistant,,list,,Bangladesh Wheat and Maize Research Institute (BWMRI),BARI Gom-27,https://bwmri.gov.bd/pages/static-pages/6922df57933eb65569e21533,জাতের পাতা > জাতের বৈশিষ্ট্য > উপযোগী এলাকা > ফলন,,Official webpage/table,,direct structured extraction of source list,verified_against_visible_official_source,2026-07-24,False,
verified_0695,BARI Gom-28,Variety trait,Tillers per plant — reported range,4-5,tillers,range,,Bangladesh Wheat and Maize Research Institute (BWMRI),BARI Gom-28,https://bwmri.gov.bd/site/page/d985dfcc-d5f6-4466-8793-26bd129b52c2/,জাতের পাতা > জাতের বৈশিষ্ট্য > উপযোগী এলাকা > ফলন,,Official webpage/table,,direct structured extraction of source-reported range,verified_against_visible_official_source,2026-07-24,False,
verified_0696,BARI Gom-30,Variety trait,Reported traits — item,Leaf-spot tolerant,,list_item,,Bangladesh Wheat and Maize Research Institute (BWMRI),BARI Gom-30,https://bwmri.gov.bd/pages/static-pages/6922de18933eb65569e1831b,জাতের পাতা > জাতের বৈশিষ্ট্য > উপযোগী এলাকা > ফলন,,Official webpage/table,,direct structured extraction of source list item,verified_against_visible_official_source,2026-07-24,False,
verified_0697,BARI Gom-31,Variety trait,Reported traits — item,Lodging resistant,,list_item,,Bangladesh Wheat and Maize Research Institute (BWMRI),BARI Gom-31,https://bwmri.gov.bd/pages/static-pages/6922dcd2933eb65569e123f6,জাতের পাতা > জাতের বৈশিষ্ট্য > উপযোগী এলাকা > ফলন,,Official webpage/table,,direct structured extraction of source list item,verified_against_visible_official_source,2026-07-24,False,
verified_0698,BARI Gom-33,Variety trait,Reported traits — item,Rust resistant,,list_item,,Bangladesh Wheat and Maize Research Institute (BWMRI),BARI Gom-33,https://bwmri.gov.bd/site/page/3873b43b-5523-4681-94f1-0e1bda851d1b,জাতের পাতা > জাতের বৈশিষ্ট্য > উপযোগী এলাকা > ফলন,,Official webpage/table,,direct structured extraction of source list item,verified_against_visible_official_source,2026-07-24,False,
verified_0699,BWMRI Gom-5,Variety trait,Reported traits — item,Leaf rust resistant,,list_item,,Bangladesh Wheat and Maize Research Institute (BWMRI),BWMRI Gom-5,https://bwmri.gov.bd/pages/static-pages/6922dc25933eb65569e0ea41,জাতের পাতা > জাতের বৈশিষ্ট্য > উপযোগী এলাকা > ফলন,,Official webpage/table,,direct structured extraction of source list item,verified_against_visible_official_source,2026-07-24,False,
verified_0700,Shallow-rooting crop,Irrigation depth,Approximate net irrigation depth,30,mm,text,Clayey soil,Food and Agriculture Organization of the United Nations (FAO),"Irrigation Water Management: Irrigation Scheduling, Chapter 3",https://www.fao.org/4/t7202e/t7202e06.htm,"Chapter 3 > Sections 3.1-3.3 > Tables 3, 4 and 5",,Official scanned technical manual presented as an HTML chapter,,direct structured extraction,verified_against_visible_official_source,2026-07-24,False,
verified_0701,T. Aman Rice,Fertilizer,MoP,80,kg/ha,number,Conservation-tillage cropping-pattern fertilizer table,Bangladesh Agricultural Research Institute (BARI),ফসল বিন্যাসের ফলন বৃদ্ধি ও মৃত্তিকার ভৌতগুণাবলী উন্নয়নের জন্য সংরক্ষিত কর্ষণ ও শস্যের অবশেষ ব্যবহার,https://m.baritechnology.org/crops/tech_detail/293,প্রযুক্তির বিবরণ > conservation tillage depth and crop-residue system > fertilizer application,,Official webpage/table,MoP: 80,direct structured extraction,verified_against_visible_official_source,2026-07-24,False,
verified_0702,Cabbage,Fertilizer timing,Urea application days after transplanting — item,10,,list_item,,Bangladesh Agricultural Research Institute (BARI),কেঁচো সার ও রাসায়নিক সারের সমন্বিত প্রয়োগে বাঁধাকপি উৎপাদন,https://baritechnology.org/m/crops/tech_detail/297,প্রযুক্তির বিবরণ > fertilizer description > application method > crop care,,Official webpage/table,,direct structured extraction of source list item,verified_against_visible_official_source,2026-07-24,False,
verified_0703,Tomato,Fertilizer,TSP — minimum,200,kg/ha,number,,Bangladesh Agricultural Research Institute (BARI),জিংক ও বোরন সার পাতায় সিঞ্চণ প্রয়োগে টমেটো চাষ,https://baritechnology.org/m/crops/tech_detail/300,প্রযুক্তির বিবরণ > অঞ্চল/মাটি/বীজ > sowing/transplanting > fertilizer table > foliar application,,Official webpage/table,,structured parse of source-reported range,verified_against_visible_official_source,2026-07-24,False,
verified_0704,Tomato,Fertilizer,Boric acid,3,kg/ha,number,Mycorrhiza and phosphorus technology,Bangladesh Agricultural Research Institute (BARI),টমেটো উৎপাদনে আরবাস্কুলার মাইকোরাইজা ও ফসফরাসের ব্যবহার,https://baritechnology.org/m/crops/tech_detail/304,প্রযুক্তির বিবরণ > production technology table > fertilizer rate and method,,Official webpage/table,Boric acid: 3,direct structured extraction,verified_against_visible_official_source,2026-07-24,False,
verified_0705,Mango,Pest management,Reported cypermethrin rate,1,ml/L,text,,Bangladesh Agricultural Research Institute (BARI),আমের ফুল ও ফল ঝরা রোধে টেকসই ব্যবস্থাপনা,https://baritechnology.org/m/crops/tech_detail/322,প্রযুক্তির বিবরণ > seasonal management > age-based fertilizer table > application method,,Official webpage/table,,direct structured extraction,verified_against_visible_official_source,2026-07-24,True,Use only if currently registered and label-compliant.
verified_0706,Bt Brinjal,Crop calendar,Planting window — end,30 November,,date_text,,Bangladesh Agricultural Research Institute (BARI),বিটি বেগুনের উন্নত উৎপাদন প্রযুক্তি,https://baritechnology.org/m/crops/tech_detail/333,"প্রযুক্তির বিবরণ > varieties/seedlings > soil and planting > irrigation, harvest, yield and finance",,Official webpage/table,,direct structured extraction,verified_against_visible_official_source,2026-07-24,False,
verified_0707,Brinjal,Yield,Intercrop yield,36,tonne/ha,text,,Bangladesh Agricultural Research Institute (BARI),আন্তঃফসল হিসাবে বেগুনের সাথে ঝাড়শীমের চাষ,https://baritechnology.org/m/crops/tech_detail/334,"প্রযুক্তির বিবরণ > varieties and seed rate > soil and planting > harvest, yield and finance",,Official webpage/table,,direct structured extraction,verified_against_visible_official_source,2026-07-24,False,
verified_0708,Potato,Fertilizer,Zinc sulphate,11,kg/ha,number,Technology-specific recommendation for the Upper Ganges River Floodplain cropping system,Bangladesh Agricultural Research Institute (BARI),উঁচু গঙ্গাবাহিত প্লাবন ভূমিতে আলু-পেঁয়াজ/ভুট্টা-রোপাআমন ধান ফসল ধারায় সার সুপারিশমালা,https://baritechnology.org/m/crops/tech_detail/346,"প্রযুক্তির বিবরণ > crop sequence, seed rate and fertilizer table > management and yield",,Official webpage/table,Zinc sulphate: 11,direct structured extraction,verified_against_visible_official_source,2026-07-24,False,
verified_0709,Jute,Fertilizer,TSP,75,kg/ha,number,Kurigram four-crop system fertilizer table,Bangladesh Agricultural Research Institute (BARI),পেঁয়াজ/মুগডাল-পাট-রোপা আমন ধান: কুড়িগ্রাম অঞ্চলের একটি চার ফসল ভিত্তিক উন্নত ফসল বিন্যাস,https://baritechnology.org/m/crops/tech_detail/348,"প্রযুক্তির বিবরণ > fertilizer table > management, harvest and yield",,Official webpage/table,TSP: 75,direct structured extraction,verified_against_visible_official_source,2026-07-24,False,
verified_0710,T. Aman Rice,Crop calendar,Transplanting window — end,Second week of August,,date_text,,Bangladesh Agricultural Research Institute (BARI),খুলনার উপকূলীয় অঞ্চলে রোপাআমন-সরিষা-মুগডাল একটি উন্নত ফসল ধারা,https://baritechnology.org/m/crops/tech_detail/349,"প্রযুক্তির বিবরণ > উৎপাদন প্রযুক্তি > সারের নাম table > সার প্রয়োগ পদ্ধতি, আন্তঃপরিচর্যা ও ফলন",,Official webpage/table,,direct structured extraction,verified_against_visible_official_source,2026-07-24,False,
verified_0711,Groundnut,Harvest,Harvest time,Last week of April,,text,,Bangladesh Agricultural Research Institute (BARI),বগুড়ার চরাঞ্চলে রসুনের সাথে চীনাবাদামের আন্তঃফসল চাষ একটি লাভজনক প্রযুক্তি,https://baritechnology.org/m/crops/tech_detail/350,"প্রযুক্তির বিবরণ > fertilizer table > management > harvest, yield and finance",,Official webpage/table,,direct structured extraction,verified_against_visible_official_source,2026-07-24,False,
verified_0712,T. Aman Rice,Variety,Recommended variety,BINA dhan-7,,text,,Bangladesh Agricultural Research Institute (BARI),সরিষা-বোরো ধান-পাট-রোপা আমন ধান: টাংগাইল অঞ্চলের একটি অধিক উৎপাদনশীল ফসল বিন্যাস,https://m.baritechnology.org/crops/tech_detail/353,প্রযুক্তির বিবরণ > system comparison > varieties and seed rates > fertilizer table,,Official webpage/table,,direct structured extraction,verified_against_visible_official_source,2026-07-24,False,
verified_0713,Wheat,Fertilizer timing,Basal fertilizers — item,All boron fertilizer,,list_item,,Bangladesh Agricultural Research Institute (BARI),গম-রোপা আমন ধান ফসল ধারার সার ও সেচ ব্যবস্থাপনা,https://baritechnology.org/m/crops/tech_detail/357,প্রযুক্তির বিবরণ > fertilizer table > fertilizer timing and irrigation,,Official webpage/table,,direct structured extraction of source list item,verified_against_visible_official_source,2026-07-24,False,
verified_0714,Coconut,Disease management,Target diseases — item,Bud rot,,list_item,,Bangladesh Agricultural Research Institute (BARI),নারিকেলের সমন্বিত ফসল ব্যবস্থাপনা,https://baritechnology.org/m/crops/tech_detail/456,প্রযুক্তির বিবরণ > fertilizer timing and sanitation > pest and disease management,,Official webpage/table,,direct structured extraction of source list item,verified_against_visible_official_source,2026-07-24,False,
verified_0715,Maize,Harvest,Cob maturity after sowing — minimum,120,days,number,,Bangladesh Agricultural Research Institute (BARI),আন্তঃফসল হিসাবে ভুট্টার সাথে খাটো জাতের বরবটির চাষ,https://baritechnology.org/m/crops/tech_detail/502,প্রযুক্তির বিবরণ > crop/variety/area > sowing and harvest > fertilizer management > yield,,Official webpage/table,,structured parse of source-reported range,verified_against_visible_official_source,2026-07-24,False,
verified_0716,Onion,Fertilizer,TSP — minimum,225,kg/ha,number,,Bangladesh Agricultural Research Institute (BARI),পেঁয়াজ চাষে সমন্বিত আগাছা ব্যবস্থাপনা,https://baritechnology.org/m/crops/tech_detail/506,প্রযুক্তির বিবরণ > variety/area > planting and harvest > fertilizer rate and application,,Official webpage/table,,structured parse of source-reported range,verified_against_visible_official_source,2026-07-24,False,
verified_0717,Chia,Fertilizer,Reported fertilizer package,Urea 130 kg/ha; TSP 200 kg/ha; MoP 100 kg/ha; Gypsum 45 kg/ha; Cow dung 500 kg/ha,,package,Agronomic management technology for chia,Bangladesh Agricultural Research Institute (BARI),চিয়া চাষে কৃষিতাত্ত্বিক ব্যবস্থাপনা,https://baritechnology.org/m/crops/tech_detail/518,প্রযুক্তির বিবরণ > nutrient composition > fertilizer description > planting method > suitability,,Official webpage/table,,structured assembly of source table row,verified_against_visible_official_source,2026-07-24,False,
verified_0718,BR20,Resource availability,Official variety document,Download listed on BRRI page,,text,,Bangladesh Rice Research Institute (BRRI),আউশ ধানের জাত,https://brri.gov.bd/site/page/51edd399-1ba3-4f9c-bf82-125d681b8ff8/আউশ-ধানের-জাত,আউশ ধানের জাত > variety download list,,Official webpage/table,,direct structured extraction,verified_against_visible_official_source,2026-07-24,False,
verified_0719,BRRI dhan108,Institution,Developer,BRRI,,text,,Bangladesh Rice Research Institute (BRRI),বিগত বছরে ব্রির উদ্ভাবিত ধানের জাতসমূহ,https://brri.gov.bd/site/page/dccbd42b-3258-467b-8b47-fc74e6bd15e1,বিগত বছরে ব্রির উদ্ভাবিত ধানের জাতসমূহ > বছর ও জাতসমূহ table,,Official webpage/table,,direct structured extraction,verified_against_visible_official_source,2026-07-24,False,
verified_0720,BWMRI Hybrid Maize-2,Grain,Thousand-grain weight — maximum,460,g,number,,Bangladesh Wheat and Maize Research Institute (BWMRI),বিডাব্লিউএমআরআই হাইব্রিড ভুট্টা ২,https://bwmri.gov.bd/pages/static-pages/6922dfff933eb65569e24fc5,জাতের পাতা > জাতের বৈশিষ্ট্য > উপযোগী এলাকা > ফলন,,Official webpage/table,,structured parse of source-reported range,verified_against_visible_official_source,2026-07-24,False,
verified_0721,BARI Hybrid Maize-9,Grain,Colour,Yellow,,text,,Bangladesh Wheat and Maize Research Institute (BWMRI),বারি হাইব্রিড ভুট্টা ৯,https://bwmri.gov.bd/pages/static-pages/6922def6933eb65569e1ebb3,জাতের পাতা > জাতের বৈশিষ্ট্য > উপযোগী এলাকা > ফলন,,Official webpage/table,,direct structured extraction,verified_against_visible_official_source,2026-07-24,False,
verified_0722,BARI Gom-25,Variety trait,Reported traits — item,White shiny large grain,,list_item,,Bangladesh Wheat and Maize Research Institute (BWMRI),BARI Gom-25,https://bwmri.gov.bd/site/page/ba774aa2-708e-4438-b977-a206b1113d7b/,জাতের পাতা > জাতের বৈশিষ্ট্য > উপযোগী এলাকা > ফলন,,Official webpage/table,,direct structured extraction of source list item,verified_against_visible_official_source,2026-07-24,False,
verified_0723,BARI Gom-26,Variety trait,Reported traits — item,Leaf-spot tolerant,,list_item,,Bangladesh Wheat and Maize Research Institute (BWMRI),BARI Gom-26,https://bwmri.gov.bd/pages/static-pages/6922e073933eb65569e271de,জাতের পাতা > জাতের বৈশিষ্ট্য > উপযোগী এলাকা > ফলন,,Official webpage/table,,direct structured extraction of source list item,verified_against_visible_official_source,2026-07-24,False,
verified_0724,BARI Gom-27,Variety trait,Reported traits — item,Four to five tillers,,list_item,,Bangladesh Wheat and Maize Research Institute (BWMRI),BARI Gom-27,https://bwmri.gov.bd/pages/static-pages/6922df57933eb65569e21533,জাতের পাতা > জাতের বৈশিষ্ট্য > উপযোগী এলাকা > ফলন,,Official webpage/table,,direct structured extraction of source list item,verified_against_visible_official_source,2026-07-24,False,
verified_0725,BARI Gom-28,Variety trait,Tillers per plant — minimum,4,tillers,number,,Bangladesh Wheat and Maize Research Institute (BWMRI),BARI Gom-28,https://bwmri.gov.bd/site/page/d985dfcc-d5f6-4466-8793-26bd129b52c2/,জাতের পাতা > জাতের বৈশিষ্ট্য > উপযোগী এলাকা > ফলন,,Official webpage/table,,structured parse of source-reported range,verified_against_visible_official_source,2026-07-24,False,
verified_0726,BARI Gom-30,Variety trait,Reported traits — item,Blast tolerant,,list_item,,Bangladesh Wheat and Maize Research Institute (BWMRI),BARI Gom-30,https://bwmri.gov.bd/pages/static-pages/6922de18933eb65569e1831b,জাতের পাতা > জাতের বৈশিষ্ট্য > উপযোগী এলাকা > ফলন,,Official webpage/table,,direct structured extraction of source list item,verified_against_visible_official_source,2026-07-24,False,
verified_0727,BARI Gom-31,Variety trait,Reported traits — item,White shiny grain,,list_item,,Bangladesh Wheat and Maize Research Institute (BWMRI),BARI Gom-31,https://bwmri.gov.bd/pages/static-pages/6922dcd2933eb65569e123f6,জাতের পাতা > জাতের বৈশিষ্ট্য > উপযোগী এলাকা > ফলন,,Official webpage/table,,direct structured extraction of source list item,verified_against_visible_official_source,2026-07-24,False,
verified_0728,BARI Gom-33,Variety trait,Reported traits — item,Leaf-spot tolerant,,list_item,,Bangladesh Wheat and Maize Research Institute (BWMRI),BARI Gom-33,https://bwmri.gov.bd/site/page/3873b43b-5523-4681-94f1-0e1bda851d1b,জাতের পাতা > জাতের বৈশিষ্ট্য > উপযোগী এলাকা > ফলন,,Official webpage/table,,direct structured extraction of source list item,verified_against_visible_official_source,2026-07-24,False,
verified_0729,BWMRI Gom-5,Variety trait,Reported traits — item,Dark green plant,,list_item,,Bangladesh Wheat and Maize Research Institute (BWMRI),BWMRI Gom-5,https://bwmri.gov.bd/pages/static-pages/6922dc25933eb65569e0ea41,জাতের পাতা > জাতের বৈশিষ্ট্য > উপযোগী এলাকা > ফলন,,Official webpage/table,,direct structured extraction of source list item,verified_against_visible_official_source,2026-07-24,False,
verified_0730,Medium-rooting crop,Irrigation depth,Approximate net irrigation depth,50,mm,text,Clayey soil,Food and Agriculture Organization of the United Nations (FAO),"Irrigation Water Management: Irrigation Scheduling, Chapter 3",https://www.fao.org/4/t7202e/t7202e06.htm,"Chapter 3 > Sections 3.1-3.3 > Tables 3, 4 and 5",,Official scanned technical manual presented as an HTML chapter,,direct structured extraction,verified_against_visible_official_source,2026-07-24,False,
verified_0731,T. Aman Rice,Fertilizer,Gypsum,75,kg/ha,number,Conservation-tillage cropping-pattern fertilizer table,Bangladesh Agricultural Research Institute (BARI),ফসল বিন্যাসের ফলন বৃদ্ধি ও মৃত্তিকার ভৌতগুণাবলী উন্নয়নের জন্য সংরক্ষিত কর্ষণ ও শস্যের অবশেষ ব্যবহার,https://m.baritechnology.org/crops/tech_detail/293,প্রযুক্তির বিবরণ > conservation tillage depth and crop-residue system > fertilizer application,,Official webpage/table,Gypsum: 75,direct structured extraction,verified_against_visible_official_source,2026-07-24,False,
verified_0732,Cabbage,Fertilizer timing,Urea application days after transplanting — item,30,,list_item,,Bangladesh Agricultural Research Institute (BARI),কেঁচো সার ও রাসায়নিক সারের সমন্বিত প্রয়োগে বাঁধাকপি উৎপাদন,https://baritechnology.org/m/crops/tech_detail/297,প্রযুক্তির বিবরণ > fertilizer description > application method > crop care,,Official webpage/table,,direct structured extraction of source list item,verified_against_visible_official_source,2026-07-24,False,
verified_0733,Tomato,Fertilizer,TSP — maximum,250,kg/ha,number,,Bangladesh Agricultural Research Institute (BARI),জিংক ও বোরন সার পাতায় সিঞ্চণ প্রয়োগে টমেটো চাষ,https://baritechnology.org/m/crops/tech_detail/300,প্রযুক্তির বিবরণ > অঞ্চল/মাটি/বীজ > sowing/transplanting > fertilizer table > foliar application,,Official webpage/table,,structured parse of source-reported range,verified_against_visible_official_source,2026-07-24,False,
verified_0734,Tomato,Fertilizer,Reported fertilizer package,Urea 348 kg/ha; TSP 150 kg/ha; MoP 120 kg/ha; Gypsum 81 kg/ha; Zinc sulphate 4 kg/ha; Boric acid 3 kg/ha,,package,Mycorrhiza and phosphorus technology,Bangladesh Agricultural Research Institute (BARI),টমেটো উৎপাদনে আরবাস্কুলার মাইকোরাইজা ও ফসফরাসের ব্যবহার,https://baritechnology.org/m/crops/tech_detail/304,প্রযুক্তির বিবরণ > production technology table > fertilizer rate and method,,Official webpage/table,,structured assembly of source table row,verified_against_visible_official_source,2026-07-24,False,
verified_0735,Mango,Disease management,Reported mancozeb rate,2,g/L,text,,Bangladesh Agricultural Research Institute (BARI),আমের ফুল ও ফল ঝরা রোধে টেকসই ব্যবস্থাপনা,https://baritechnology.org/m/crops/tech_detail/322,প্রযুক্তির বিবরণ > seasonal management > age-based fertilizer table > application method,,Official webpage/table,,direct structured extraction,verified_against_visible_official_source,2026-07-24,True,Use only if currently registered and label-compliant.
verified_0736,Bt Brinjal,Fertilizer timing,Urea and potash application days after transplanting — full list,20; 40; 60,,list,,Bangladesh Agricultural Research Institute (BARI),বিটি বেগুনের উন্নত উৎপাদন প্রযুক্তি,https://baritechnology.org/m/crops/tech_detail/333,"প্রযুক্তির বিবরণ > varieties/seedlings > soil and planting > irrigation, harvest, yield and finance",,Official webpage/table,,direct structured extraction of source list,verified_against_visible_official_source,2026-07-24,False,
verified_0737,Dwarf hyacinth bean,Yield,Intercrop yield,16,tonne/ha,text,,Bangladesh Agricultural Research Institute (BARI),আন্তঃফসল হিসাবে বেগুনের সাথে ঝাড়শীমের চাষ,https://baritechnology.org/m/crops/tech_detail/334,"প্রযুক্তির বিবরণ > varieties and seed rate > soil and planting > harvest, yield and finance",,Official webpage/table,,direct structured extraction,verified_against_visible_official_source,2026-07-24,False,
verified_0738,Potato,Fertilizer,Boric acid,9,kg/ha,number,Technology-specific recommendation for the Upper Ganges River Floodplain cropping system,Bangladesh Agricultural Research Institute (BARI),উঁচু গঙ্গাবাহিত প্লাবন ভূমিতে আলু-পেঁয়াজ/ভুট্টা-রোপাআমন ধান ফসল ধারায় সার সুপারিশমালা,https://baritechnology.org/m/crops/tech_detail/346,"প্রযুক্তির বিবরণ > crop sequence, seed rate and fertilizer table > management and yield",,Official webpage/table,Boric acid: 9,direct structured extraction,verified_against_visible_official_source,2026-07-24,False,
verified_0739,Jute,Fertilizer,MoP,150,kg/ha,number,Kurigram four-crop system fertilizer table,Bangladesh Agricultural Research Institute (BARI),পেঁয়াজ/মুগডাল-পাট-রোপা আমন ধান: কুড়িগ্রাম অঞ্চলের একটি চার ফসল ভিত্তিক উন্নত ফসল বিন্যাস,https://baritechnology.org/m/crops/tech_detail/348,"প্রযুক্তির বিবরণ > fertilizer table > management, harvest and yield",,Official webpage/table,MoP: 150,direct structured extraction,verified_against_visible_official_source,2026-07-24,False,
verified_0740,Mustard,Fertilizer,Urea,250,kg/ha,number,"Technology-specific cropping-pattern table; source labels the fertilizer quantities as kg/ha, although gypsum is displayed with an inconsistent label.",Bangladesh Agricultural Research Institute (BARI),খুলনার উপকূলীয় অঞ্চলে রোপাআমন-সরিষা-মুগডাল একটি উন্নত ফসল ধারা,https://baritechnology.org/m/crops/tech_detail/349,"প্রযুক্তির বিবরণ > উৎপাদন প্রযুক্তি > সারের নাম table > সার প্রয়োগ পদ্ধতি, আন্তঃপরিচর্যা ও ফলন",,Official webpage/table,Urea: 250,direct structured extraction,verified_against_visible_official_source,2026-07-24,False,
verified_0741,Garlic,Yield,Reported yield,4.7,tonne/ha,text,,Bangladesh Agricultural Research Institute (BARI),বগুড়ার চরাঞ্চলে রসুনের সাথে চীনাবাদামের আন্তঃফসল চাষ একটি লাভজনক প্রযুক্তি,https://baritechnology.org/m/crops/tech_detail/350,"প্রযুক্তির বিবরণ > fertilizer table > management > harvest, yield and finance",,Official webpage/table,,direct structured extraction,verified_against_visible_official_source,2026-07-24,False,
verified_0742,T. Aman Rice,Seed,Seed rate,50,kg/ha,text,,Bangladesh Agricultural Research Institute (BARI),সরিষা-বোরো ধান-পাট-রোপা আমন ধান: টাংগাইল অঞ্চলের একটি অধিক উৎপাদনশীল ফসল বিন্যাস,https://m.baritechnology.org/crops/tech_detail/353,প্রযুক্তির বিবরণ > system comparison > varieties and seed rates > fertilizer table,,Official webpage/table,,direct structured extraction,verified_against_visible_official_source,2026-07-24,False,
verified_0743,Wheat,Fertilizer timing,Remaining urea window after sowing — reported window,15 days to 20 days,,date_window,,Bangladesh Agricultural Research Institute (BARI),গম-রোপা আমন ধান ফসল ধারার সার ও সেচ ব্যবস্থাপনা,https://baritechnology.org/m/crops/tech_detail/357,প্রযুক্তির বিবরণ > fertilizer table > fertilizer timing and irrigation,,Official webpage/table,,direct structured extraction,verified_against_visible_official_source,2026-07-24,False,
verified_0744,Coconut,Disease management,Sanitation schedule — full list,May; October,,list,,Bangladesh Agricultural Research Institute (BARI),নারিকেলের সমন্বিত ফসল ব্যবস্থাপনা,https://baritechnology.org/m/crops/tech_detail/456,প্রযুক্তির বিবরণ > fertilizer timing and sanitation > pest and disease management,,Official webpage/table,,direct structured extraction of source list,verified_against_visible_official_source,2026-07-24,False,
verified_0745,Maize,Harvest,Cob maturity after sowing — maximum,125,days,number,,Bangladesh Agricultural Research Institute (BARI),আন্তঃফসল হিসাবে ভুট্টার সাথে খাটো জাতের বরবটির চাষ,https://baritechnology.org/m/crops/tech_detail/502,প্রযুক্তির বিবরণ > crop/variety/area > sowing and harvest > fertilizer management > yield,,Official webpage/table,,structured parse of source-reported range,verified_against_visible_official_source,2026-07-24,False,
verified_0746,Onion,Fertilizer,TSP — maximum,260,kg/ha,number,,Bangladesh Agricultural Research Institute (BARI),পেঁয়াজ চাষে সমন্বিত আগাছা ব্যবস্থাপনা,https://baritechnology.org/m/crops/tech_detail/506,প্রযুক্তির বিবরণ > variety/area > planting and harvest > fertilizer rate and application,,Official webpage/table,,structured parse of source-reported range,verified_against_visible_official_source,2026-07-24,False,
verified_0747,Chia,Fertilizer timing,Basal urea fraction,Half of total urea,,text,,Bangladesh Agricultural Research Institute (BARI),চিয়া চাষে কৃষিতাত্ত্বিক ব্যবস্থাপনা,https://baritechnology.org/m/crops/tech_detail/518,প্রযুক্তির বিবরণ > nutrient composition > fertilizer description > planting method > suitability,,Official webpage/table,,direct structured extraction,verified_against_visible_official_source,2026-07-24,False,
verified_0748,BR21,Season classification,Rice season,Aus,,text,,Bangladesh Rice Research Institute (BRRI),আউশ ধানের জাত,https://brri.gov.bd/site/page/51edd399-1ba3-4f9c-bf82-125d681b8ff8/আউশ-ধানের-জাত,আউশ ধানের জাত > variety download list,,Official webpage/table,,direct structured extraction,verified_against_visible_official_source,2026-07-24,False,
verified_0749,Rice,Release history,Varieties released in 2023,BRRI dhan105; BRRI dhan106,,list,,Bangladesh Rice Research Institute (BRRI),বিগত বছরে ব্রির উদ্ভাবিত ধানের জাতসমূহ,https://brri.gov.bd/site/page/dccbd42b-3258-467b-8b47-fc74e6bd15e1,বিগত বছরে ব্রির উদ্ভাবিত ধানের জাতসমূহ > বছর ও জাতসমূহ table,,Official webpage/table,,direct structured extraction,verified_against_visible_official_source,2026-07-24,False,
verified_0750,BWMRI Hybrid Maize-2,Cob,Husk coverage,Tightly covered to the tip,,text,,Bangladesh Wheat and Maize Research Institute (BWMRI),বিডাব্লিউএমআরআই হাইব্রিড ভুট্টা ২,https://bwmri.gov.bd/pages/static-pages/6922dfff933eb65569e24fc5,জাতের পাতা > জাতের বৈশিষ্ট্য > উপযোগী এলাকা > ফলন,,Official webpage/table,,direct structured extraction,verified_against_visible_official_source,2026-07-24,False,
verified_0751,BARI Hybrid Maize-9,Grain,Type,Dent,,text,,Bangladesh Wheat and Maize Research Institute (BWMRI),বারি হাইব্রিড ভুট্টা ৯,https://bwmri.gov.bd/pages/static-pages/6922def6933eb65569e1ebb3,জাতের পাতা > জাতের বৈশিষ্ট্য > উপযোগী এলাকা > ফলন,,Official webpage/table,,direct structured extraction,verified_against_visible_official_source,2026-07-24,False,
verified_0752,BARI Gom-25,Variety trait,Reported traits — item,Leaf-spot tolerant,,list_item,,Bangladesh Wheat and Maize Research Institute (BWMRI),BARI Gom-25,https://bwmri.gov.bd/site/page/ba774aa2-708e-4438-b977-a206b1113d7b/,জাতের পাতা > জাতের বৈশিষ্ট্য > উপযোগী এলাকা > ফলন,,Official webpage/table,,direct structured extraction of source list item,verified_against_visible_official_source,2026-07-24,False,
verified_0753,BARI Gom-26,Variety trait,Reported traits — item,Rust resistant,,list_item,,Bangladesh Wheat and Maize Research Institute (BWMRI),BARI Gom-26,https://bwmri.gov.bd/pages/static-pages/6922e073933eb65569e271de,জাতের পাতা > জাতের বৈশিষ্ট্য > উপযোগী এলাকা > ফলন,,Official webpage/table,,direct structured extraction of source list item,verified_against_visible_official_source,2026-07-24,False,
verified_0754,BARI Gom-27,Variety trait,Reported traits — item,Long spike,,list_item,,Bangladesh Wheat and Maize Research Institute (BWMRI),BARI Gom-27,https://bwmri.gov.bd/pages/static-pages/6922df57933eb65569e21533,জাতের পাতা > জাতের বৈশিষ্ট্য > উপযোগী এলাকা > ফলন,,Official webpage/table,,direct structured extraction of source list item,verified_against_visible_official_source,2026-07-24,False,
verified_0755,BARI Gom-28,Variety trait,Tillers per plant — maximum,5,tillers,number,,Bangladesh Wheat and Maize Research Institute (BWMRI),BARI Gom-28,https://bwmri.gov.bd/site/page/d985dfcc-d5f6-4466-8793-26bd129b52c2/,জাতের পাতা > জাতের বৈশিষ্ট্য > উপযোগী এলাকা > ফলন,,Official webpage/table,,structured parse of source-reported range,verified_against_visible_official_source,2026-07-24,False,
verified_0756,BARI Gom-30,Variety trait,Reported traits — item,Rust resistant,,list_item,,Bangladesh Wheat and Maize Research Institute (BWMRI),BARI Gom-30,https://bwmri.gov.bd/pages/static-pages/6922de18933eb65569e1831b,জাতের পাতা > জাতের বৈশিষ্ট্য > উপযোগী এলাকা > ফলন,,Official webpage/table,,direct structured extraction of source list item,verified_against_visible_official_source,2026-07-24,False,
verified_0757,BARI Gom-31,Variety trait,Reported traits — item,Leaf rust resistant,,list_item,,Bangladesh Wheat and Maize Research Institute (BWMRI),BARI Gom-31,https://bwmri.gov.bd/pages/static-pages/6922dcd2933eb65569e123f6,জাতের পাতা > জাতের বৈশিষ্ট্য > উপযোগী এলাকা > ফলন,,Official webpage/table,,direct structured extraction of source list item,verified_against_visible_official_source,2026-07-24,False,
verified_0758,BARI Gom-33,Variety trait,Reported traits — item,Zinc enriched,,list_item,,Bangladesh Wheat and Maize Research Institute (BWMRI),BARI Gom-33,https://bwmri.gov.bd/site/page/3873b43b-5523-4681-94f1-0e1bda851d1b,জাতের পাতা > জাতের বৈশিষ্ট্য > উপযোগী এলাকা > ফলন,,Official webpage/table,,direct structured extraction of source list item,verified_against_visible_official_source,2026-07-24,False,
verified_0759,BWMRI Gom-5,Variety trait,Reported traits — item,Broad drooping flag leaf,,list_item,,Bangladesh Wheat and Maize Research Institute (BWMRI),BWMRI Gom-5,https://bwmri.gov.bd/pages/static-pages/6922dc25933eb65569e0ea41,জাতের পাতা > জাতের বৈশিষ্ট্য > উপযোগী এলাকা > ফলন,,Official webpage/table,,direct structured extraction of source list item,verified_against_visible_official_source,2026-07-24,False,
verified_0760,Deep-rooting crop,Irrigation depth,Approximate net irrigation depth,70,mm,text,Clayey soil,Food and Agriculture Organization of the United Nations (FAO),"Irrigation Water Management: Irrigation Scheduling, Chapter 3",https://www.fao.org/4/t7202e/t7202e06.htm,"Chapter 3 > Sections 3.1-3.3 > Tables 3, 4 and 5",,Official scanned technical manual presented as an HTML chapter,,direct structured extraction,verified_against_visible_official_source,2026-07-24,False,
verified_0761,T. Aman Rice,Fertilizer,Reported fertilizer package,Urea 195 kg/ha; TSP 150 kg/ha; MoP 80 kg/ha; Gypsum 75 kg/ha,,package,Conservation-tillage cropping-pattern fertilizer table,Bangladesh Agricultural Research Institute (BARI),ফসল বিন্যাসের ফলন বৃদ্ধি ও মৃত্তিকার ভৌতগুণাবলী উন্নয়নের জন্য সংরক্ষিত কর্ষণ ও শস্যের অবশেষ ব্যবহার,https://m.baritechnology.org/crops/tech_detail/293,প্রযুক্তির বিবরণ > conservation tillage depth and crop-residue system > fertilizer application,,Official webpage/table,,structured assembly of source table row,verified_against_visible_official_source,2026-07-24,False,
verified_0762,Cabbage,Fertilizer timing,Urea application days after transplanting — item,50,,list_item,,Bangladesh Agricultural Research Institute (BARI),কেঁচো সার ও রাসায়নিক সারের সমন্বিত প্রয়োগে বাঁধাকপি উৎপাদন,https://baritechnology.org/m/crops/tech_detail/297,প্রযুক্তির বিবরণ > fertilizer description > application method > crop care,,Official webpage/table,,direct structured extraction of source list item,verified_against_visible_official_source,2026-07-24,False,
verified_0763,Tomato,Foliar application,Spray solution per plant,300,ml,text,,Bangladesh Agricultural Research Institute (BARI),জিংক ও বোরন সার পাতায় সিঞ্চণ প্রয়োগে টমেটো চাষ,https://baritechnology.org/m/crops/tech_detail/300,প্রযুক্তির বিবরণ > অঞ্চল/মাটি/বীজ > sowing/transplanting > fertilizer table > foliar application,,Official webpage/table,,direct structured extraction,verified_against_visible_official_source,2026-07-24,False,
verified_0764,Tomato,Organic fertilizer,Cow dung — reported range,8-10,tonne/ha,range,,Bangladesh Agricultural Research Institute (BARI),টমেটো উৎপাদনে আরবাস্কুলার মাইকোরাইজা ও ফসফরাসের ব্যবহার,https://baritechnology.org/m/crops/tech_detail/304,প্রযুক্তির বিবরণ > production technology table > fertilizer rate and method,,Official webpage/table,,direct structured extraction of source-reported range,verified_against_visible_official_source,2026-07-24,False,
verified_0765,Mango,Pest and disease management,Second spray stage,"Pea-sized fruit, within 4-5 weeks",,text,,Bangladesh Agricultural Research Institute (BARI),আমের ফুল ও ফল ঝরা রোধে টেকসই ব্যবস্থাপনা,https://baritechnology.org/m/crops/tech_detail/322,প্রযুক্তির বিবরণ > seasonal management > age-based fertilizer table > application method,,Official webpage/table,,direct structured extraction,verified_against_visible_official_source,2026-07-24,False,
verified_0766,Bt Brinjal,Fertilizer timing,Urea and potash application days after transplanting — item,20,,list_item,,Bangladesh Agricultural Research Institute (BARI),বিটি বেগুনের উন্নত উৎপাদন প্রযুক্তি,https://baritechnology.org/m/crops/tech_detail/333,"প্রযুক্তির বিবরণ > varieties/seedlings > soil and planting > irrigation, harvest, yield and finance",,Official webpage/table,,direct structured extraction of source list item,verified_against_visible_official_source,2026-07-24,False,
verified_0767,Sole brinjal,Finance,Total income,354120,BDT/ha,text,,Bangladesh Agricultural Research Institute (BARI),আন্তঃফসল হিসাবে বেগুনের সাথে ঝাড়শীমের চাষ,https://baritechnology.org/m/crops/tech_detail/334,"প্রযুক্তির বিবরণ > varieties and seed rate > soil and planting > harvest, yield and finance",,Official webpage/table,,direct structured extraction,verified_against_visible_official_source,2026-07-24,False,
verified_0768,Potato,Fertilizer,Cow dung,5000,kg/ha,number,Technology-specific recommendation for the Upper Ganges River Floodplain cropping system,Bangladesh Agricultural Research Institute (BARI),উঁচু গঙ্গাবাহিত প্লাবন ভূমিতে আলু-পেঁয়াজ/ভুট্টা-রোপাআমন ধান ফসল ধারায় সার সুপারিশমালা,https://baritechnology.org/m/crops/tech_detail/346,"প্রযুক্তির বিবরণ > crop sequence, seed rate and fertilizer table > management and yield",,Official webpage/table,Cow dung: 5000,direct structured extraction,verified_against_visible_official_source,2026-07-24,False,
verified_0769,Jute,Fertilizer,Gypsum,63,kg/ha,number,Kurigram four-crop system fertilizer table,Bangladesh Agricultural Research Institute (BARI),পেঁয়াজ/মুগডাল-পাট-রোপা আমন ধান: কুড়িগ্রাম অঞ্চলের একটি চার ফসল ভিত্তিক উন্নত ফসল বিন্যাস,https://baritechnology.org/m/crops/tech_detail/348,"প্রযুক্তির বিবরণ > fertilizer table > management, harvest and yield",,Official webpage/table,Gypsum: 63,direct structured extraction,verified_against_visible_official_source,2026-07-24,False,
verified_0770,Mustard,Fertilizer,TSP,170,kg/ha,number,"Technology-specific cropping-pattern table; source labels the fertilizer quantities as kg/ha, although gypsum is displayed with an inconsistent label.",Bangladesh Agricultural Research Institute (BARI),খুলনার উপকূলীয় অঞ্চলে রোপাআমন-সরিষা-মুগডাল একটি উন্নত ফসল ধারা,https://baritechnology.org/m/crops/tech_detail/349,"প্রযুক্তির বিবরণ > উৎপাদন প্রযুক্তি > সারের নাম table > সার প্রয়োগ পদ্ধতি, আন্তঃপরিচর্যা ও ফলন",,Official webpage/table,TSP: 170,direct structured extraction,verified_against_visible_official_source,2026-07-24,False,
verified_0771,Groundnut,Yield,Reported yield,2.4,tonne/ha,text,,Bangladesh Agricultural Research Institute (BARI),বগুড়ার চরাঞ্চলে রসুনের সাথে চীনাবাদামের আন্তঃফসল চাষ একটি লাভজনক প্রযুক্তি,https://baritechnology.org/m/crops/tech_detail/350,"প্রযুক্তির বিবরণ > fertilizer table > management > harvest, yield and finance",,Official webpage/table,,direct structured extraction,verified_against_visible_official_source,2026-07-24,False,
verified_0772,T. Aman Rice,Crop calendar,Sowing/transplanting time,Second week of August,,text,,Bangladesh Agricultural Research Institute (BARI),সরিষা-বোরো ধান-পাট-রোপা আমন ধান: টাংগাইল অঞ্চলের একটি অধিক উৎপাদনশীল ফসল বিন্যাস,https://m.baritechnology.org/crops/tech_detail/353,প্রযুক্তির বিবরণ > system comparison > varieties and seed rates > fertilizer table,,Official webpage/table,,direct structured extraction,verified_against_visible_official_source,2026-07-24,False,
verified_0773,Wheat,Fertilizer timing,Remaining urea window after sowing — start,15 days,,date_text,,Bangladesh Agricultural Research Institute (BARI),গম-রোপা আমন ধান ফসল ধারার সার ও সেচ ব্যবস্থাপনা,https://baritechnology.org/m/crops/tech_detail/357,প্রযুক্তির বিবরণ > fertilizer table > fertilizer timing and irrigation,,Official webpage/table,,direct structured extraction,verified_against_visible_official_source,2026-07-24,False,
verified_0774,Coconut,Disease management,Sanitation schedule — item,May,,list_item,,Bangladesh Agricultural Research Institute (BARI),নারিকেলের সমন্বিত ফসল ব্যবস্থাপনা,https://baritechnology.org/m/crops/tech_detail/456,প্রযুক্তির বিবরণ > fertilizer timing and sanitation > pest and disease management,,Official webpage/table,,direct structured extraction of source list item,verified_against_visible_official_source,2026-07-24,False,
verified_0775,Maize,Fertilizer,Urea — reported range,500-550,kg/ha,range,Maize fertilizer package in the intercropping technology,Bangladesh Agricultural Research Institute (BARI),আন্তঃফসল হিসাবে ভুট্টার সাথে খাটো জাতের বরবটির চাষ,https://baritechnology.org/m/crops/tech_detail/502,প্রযুক্তির বিবরণ > crop/variety/area > sowing and harvest > fertilizer management > yield,,Official webpage/table,Urea: 500-550,direct structured extraction of source-reported range,verified_against_visible_official_source,2026-07-24,False,
verified_0776,Onion,Fertilizer,MoP — reported range,150-180,kg/ha,range,,Bangladesh Agricultural Research Institute (BARI),পেঁয়াজ চাষে সমন্বিত আগাছা ব্যবস্থাপনা,https://baritechnology.org/m/crops/tech_detail/506,প্রযুক্তির বিবরণ > variety/area > planting and harvest > fertilizer rate and application,,Official webpage/table,,direct structured extraction of source-reported range,verified_against_visible_official_source,2026-07-24,False,
verified_0777,Chia,Fertilizer timing,Basal inputs,All non-urea fertilizers at final land preparation,,text,,Bangladesh Agricultural Research Institute (BARI),চিয়া চাষে কৃষিতাত্ত্বিক ব্যবস্থাপনা,https://baritechnology.org/m/crops/tech_detail/518,প্রযুক্তির বিবরণ > nutrient composition > fertilizer description > planting method > suitability,,Official webpage/table,,direct structured extraction,verified_against_visible_official_source,2026-07-24,False,
verified_0778,BR21,Resource availability,Official variety document,Download listed on BRRI page,,text,,Bangladesh Rice Research Institute (BRRI),আউশ ধানের জাত,https://brri.gov.bd/site/page/51edd399-1ba3-4f9c-bf82-125d681b8ff8/আউশ-ধানের-জাত,আউশ ধানের জাত > variety download list,,Official webpage/table,,direct structured extraction,verified_against_visible_official_source,2026-07-24,False,
verified_0779,BRRI dhan105,Release,Release year,2023,year,text,,Bangladesh Rice Research Institute (BRRI),বিগত বছরে ব্রির উদ্ভাবিত ধানের জাতসমূহ,https://brri.gov.bd/site/page/dccbd42b-3258-467b-8b47-fc74e6bd15e1,বিগত বছরে ব্রির উদ্ভাবিত ধানের জাতসমূহ > বছর ও জাতসমূহ table,,Official webpage/table,,direct structured extraction,verified_against_visible_official_source,2026-07-24,False,
verified_0780,BWMRI Hybrid Maize-2,Weather resistance,Rain damage risk,Reduced by tight husk coverage,,text,,Bangladesh Wheat and Maize Research Institute (BWMRI),বিডাব্লিউএমআরআই হাইব্রিড ভুট্টা ২,https://bwmri.gov.bd/pages/static-pages/6922dfff933eb65569e24fc5,জাতের পাতা > জাতের বৈশিষ্ট্য > উপযোগী এলাকা > ফলন,,Official webpage/table,,direct structured extraction,verified_against_visible_official_source,2026-07-24,False,
verified_0781,BARI Hybrid Maize-9,Grain,Reported grain weight — reported range,370-375,g,range,,Bangladesh Wheat and Maize Research Institute (BWMRI),বারি হাইব্রিড ভুট্টা ৯,https://bwmri.gov.bd/pages/static-pages/6922def6933eb65569e1ebb3,জাতের পাতা > জাতের বৈশিষ্ট্য > উপযোগী এলাকা > ফলন,,Official webpage/table,,direct structured extraction of source-reported range,verified_against_visible_official_source,2026-07-24,False,
verified_0782,BARI Gom-25,Variety trait,Reported traits — item,Rust resistant,,list_item,,Bangladesh Wheat and Maize Research Institute (BWMRI),BARI Gom-25,https://bwmri.gov.bd/site/page/ba774aa2-708e-4438-b977-a206b1113d7b/,জাতের পাতা > জাতের বৈশিষ্ট্য > উপযোগী এলাকা > ফলন,,Official webpage/table,,direct structured extraction of source list item,verified_against_visible_official_source,2026-07-24,False,
verified_0783,BARI Gom-26,Variety trait,Reported traits — item,Stem rust Ug99 resistant,,list_item,,Bangladesh Wheat and Maize Research Institute (BWMRI),BARI Gom-26,https://bwmri.gov.bd/pages/static-pages/6922e073933eb65569e271de,জাতের পাতা > জাতের বৈশিষ্ট্য > উপযোগী এলাকা > ফলন,,Official webpage/table,,direct structured extraction of source list item,verified_against_visible_official_source,2026-07-24,False,
verified_0784,BARI Gom-27,Variety trait,Reported traits — item,White shiny medium grain,,list_item,,Bangladesh Wheat and Maize Research Institute (BWMRI),BARI Gom-27,https://bwmri.gov.bd/pages/static-pages/6922df57933eb65569e21533,জাতের পাতা > জাতের বৈশিষ্ট্য > উপযোগী এলাকা > ফলন,,Official webpage/table,,direct structured extraction of source list item,verified_against_visible_official_source,2026-07-24,False,
verified_0785,BARI Gom-28,Variety trait,Reported yield — reported range,4500-5500,kg/ha,range,,Bangladesh Wheat and Maize Research Institute (BWMRI),BARI Gom-28,https://bwmri.gov.bd/site/page/d985dfcc-d5f6-4466-8793-26bd129b52c2/,জাতের পাতা > জাতের বৈশিষ্ট্য > উপযোগী এলাকা > ফলন,,Official webpage/table,,direct structured extraction of source-reported range,verified_against_visible_official_source,2026-07-24,False,
verified_0786,BARI Gom-30,Region,Suitable area,All Bangladesh except saline southern areas,,text,,Bangladesh Wheat and Maize Research Institute (BWMRI),BARI Gom-30,https://bwmri.gov.bd/pages/static-pages/6922de18933eb65569e1831b,জাতের পাতা > জাতের বৈশিষ্ট্য > উপযোগী এলাকা > ফলন,,Official webpage/table,,direct structured extraction,verified_against_visible_official_source,2026-07-24,False,
verified_0787,BARI Gom-31,Variety trait,Reported traits — item,Stem rust Ug99 resistant,,list_item,,Bangladesh Wheat and Maize Research Institute (BWMRI),BARI Gom-31,https://bwmri.gov.bd/pages/static-pages/6922dcd2933eb65569e123f6,জাতের পাতা > জাতের বৈশিষ্ট্য > উপযোগী এলাকা > ফলন,,Official webpage/table,,direct structured extraction of source list item,verified_against_visible_official_source,2026-07-24,False,
verified_0788,BARI Gom-33,Region,Suitable area,All Bangladesh except saline southern areas; especially suitable in south and southwest due to blast resistance,,text,,Bangladesh Wheat and Maize Research Institute (BWMRI),BARI Gom-33,https://bwmri.gov.bd/site/page/3873b43b-5523-4681-94f1-0e1bda851d1b,জাতের পাতা > জাতের বৈশিষ্ট্য > উপযোগী এলাকা > ফলন,,Official webpage/table,,direct structured extraction,verified_against_visible_official_source,2026-07-24,False,
verified_0789,Field crops,Root depth,Root-depth class,Shallow rooting (30-60 cm),,text,,Food and Agriculture Organization of the United Nations (FAO),"Irrigation Water Management: Irrigation Scheduling, Chapter 3",https://www.fao.org/4/t7202e/t7202e06.htm,"Chapter 3 > Sections 3.1-3.3 > Tables 3, 4 and 5",,Official scanned technical manual presented as an HTML chapter,,direct structured extraction,verified_against_visible_official_source,2026-07-24,False,
verified_0790,Wheat,Fertilizer timing,Basal urea fraction,Two-thirds of total urea,,text,,Bangladesh Agricultural Research Institute (BARI),ফসল বিন্যাসের ফলন বৃদ্ধি ও মৃত্তিকার ভৌতগুণাবলী উন্নয়নের জন্য সংরক্ষিত কর্ষণ ও শস্যের অবশেষ ব্যবহার,https://m.baritechnology.org/crops/tech_detail/293,প্রযুক্তির বিবরণ > conservation tillage depth and crop-residue system > fertilizer application,,Official webpage/table,,direct structured extraction,verified_against_visible_official_source,2026-07-24,False,
verified_0791,Cabbage,Fertilizer timing,Other fertilizers,"Full vermicompost, TSP, MoP, gypsum and boric acid at final land preparation",,text,,Bangladesh Agricultural Research Institute (BARI),কেঁচো সার ও রাসায়নিক সারের সমন্বিত প্রয়োগে বাঁধাকপি উৎপাদন,https://baritechnology.org/m/crops/tech_detail/297,প্রযুক্তির বিবরণ > fertilizer description > application method > crop care,,Official webpage/table,,direct structured extraction,verified_against_visible_official_source,2026-07-24,False,
verified_0792,Tomato,Foliar application,Preferred spray time,Before sunset or late afternoon,,text,,Bangladesh Agricultural Research Institute (BARI),জিংক ও বোরন সার পাতায় সিঞ্চণ প্রয়োগে টমেটো চাষ,https://baritechnology.org/m/crops/tech_detail/300,প্রযুক্তির বিবরণ > অঞ্চল/মাটি/বীজ > sowing/transplanting > fertilizer table > foliar application,,Official webpage/table,,direct structured extraction,verified_against_visible_official_source,2026-07-24,False,
verified_0793,Tomato,Organic fertilizer,Cow dung — minimum,8,tonne/ha,number,,Bangladesh Agricultural Research Institute (BARI),টমেটো উৎপাদনে আরবাস্কুলার মাইকোরাইজা ও ফসফরাসের ব্যবহার,https://baritechnology.org/m/crops/tech_detail/304,প্রযুক্তির বিবরণ > production technology table > fertilizer rate and method,,Official webpage/table,,structured parse of source-reported range,verified_against_visible_official_source,2026-07-24,False,
verified_0794,Mango,Pest and disease management,Total combined spray rounds,2,applications,text,,Bangladesh Agricultural Research Institute (BARI),আমের ফুল ও ফল ঝরা রোধে টেকসই ব্যবস্থাপনা,https://baritechnology.org/m/crops/tech_detail/322,প্রযুক্তির বিবরণ > seasonal management > age-based fertilizer table > application method,,Official webpage/table,,direct structured extraction,verified_against_visible_official_source,2026-07-24,True,
verified_0795,Bt Brinjal,Fertilizer timing,Urea and potash application days after transplanting — item,40,,list_item,,Bangladesh Agricultural Research Institute (BARI),বিটি বেগুনের উন্নত উৎপাদন প্রযুক্তি,https://baritechnology.org/m/crops/tech_detail/333,"প্রযুক্তির বিবরণ > varieties/seedlings > soil and planting > irrigation, harvest, yield and finance",,Official webpage/table,,direct structured extraction of source list item,verified_against_visible_official_source,2026-07-24,False,
verified_0796,Sole brinjal,Finance,Total cost,98320,BDT/ha,text,,Bangladesh Agricultural Research Institute (BARI),আন্তঃফসল হিসাবে বেগুনের সাথে ঝাড়শীমের চাষ,https://baritechnology.org/m/crops/tech_detail/334,"প্রযুক্তির বিবরণ > varieties and seed rate > soil and planting > harvest, yield and finance",,Official webpage/table,,direct structured extraction,verified_against_visible_official_source,2026-07-24,False,
verified_0797,Potato,Fertilizer,Reported fertilizer package,Urea 305 kg/ha; TSP 95 kg/ha; MoP 192 kg/ha; Gypsum 63 kg/ha; Zinc sulphate 11 kg/ha; Boric acid 9 kg/ha; Cow dung 5000 kg/ha,,package,Technology-specific recommendation for the Upper Ganges River Floodplain cropping system,Bangladesh Agricultural Research Institute (BARI),উঁচু গঙ্গাবাহিত প্লাবন ভূমিতে আলু-পেঁয়াজ/ভুট্টা-রোপাআমন ধান ফসল ধারায় সার সুপারিশমালা,https://baritechnology.org/m/crops/tech_detail/346,"প্রযুক্তির বিবরণ > crop sequence, seed rate and fertilizer table > management and yield",,Official webpage/table,,structured assembly of source table row,verified_against_visible_official_source,2026-07-24,False,
verified_0798,Jute,Fertilizer,Reported fertilizer package,Urea 20 kg/ha; TSP 75 kg/ha; MoP 150 kg/ha; Gypsum 63 kg/ha,,package,Kurigram four-crop system fertilizer table,Bangladesh Agricultural Research Institute (BARI),পেঁয়াজ/মুগডাল-পাট-রোপা আমন ধান: কুড়িগ্রাম অঞ্চলের একটি চার ফসল ভিত্তিক উন্নত ফসল বিন্যাস,https://baritechnology.org/m/crops/tech_detail/348,"প্রযুক্তির বিবরণ > fertilizer table > management, harvest and yield",,Official webpage/table,,structured assembly of source table row,verified_against_visible_official_source,2026-07-24,False,
verified_0799,Mustard,Fertilizer,MoP,85,kg/ha,number,"Technology-specific cropping-pattern table; source labels the fertilizer quantities as kg/ha, although gypsum is displayed with an inconsistent label.",Bangladesh Agricultural Research Institute (BARI),খুলনার উপকূলীয় অঞ্চলে রোপাআমন-সরিষা-মুগডাল একটি উন্নত ফসল ধারা,https://baritechnology.org/m/crops/tech_detail/349,"প্রযুক্তির বিবরণ > উৎপাদন প্রযুক্তি > সারের নাম table > সার প্রয়োগ পদ্ধতি, আন্তঃপরিচর্যা ও ফলন",,Official webpage/table,MoP: 85,direct structured extraction,verified_against_visible_official_source,2026-07-24,False,
verified_0800,Cropping system,Finance,Reported total income,414700,BDT/ha,text,,Bangladesh Agricultural Research Institute (BARI),বগুড়ার চরাঞ্চলে রসুনের সাথে চীনাবাদামের আন্তঃফসল চাষ একটি লাভজনক প্রযুক্তি,https://baritechnology.org/m/crops/tech_detail/350,"প্রযুক্তির বিবরণ > fertilizer table > management > harvest, yield and finance",,Official webpage/table,,direct structured extraction,verified_against_visible_official_source,2026-07-24,False,
verified_0801,Mustard,Fertilizer,Urea — reported range,200-250,kg/ha,range,Tangail four-crop pattern fertilizer table,Bangladesh Agricultural Research Institute (BARI),সরিষা-বোরো ধান-পাট-রোপা আমন ধান: টাংগাইল অঞ্চলের একটি অধিক উৎপাদনশীল ফসল বিন্যাস,https://m.baritechnology.org/crops/tech_detail/353,প্রযুক্তির বিবরণ > system comparison > varieties and seed rates > fertilizer table,,Official webpage/table,Urea: 200-250,direct structured extraction of source-reported range,verified_against_visible_official_source,2026-07-24,False,
verified_0802,Wheat,Fertilizer timing,Remaining urea window after sowing — end,20 days,,date_text,,Bangladesh Agricultural Research Institute (BARI),গম-রোপা আমন ধান ফসল ধারার সার ও সেচ ব্যবস্থাপনা,https://baritechnology.org/m/crops/tech_detail/357,প্রযুক্তির বিবরণ > fertilizer table > fertilizer timing and irrigation,,Official webpage/table,,direct structured extraction,verified_against_visible_official_source,2026-07-24,False,
verified_0803,Coconut,Disease management,Sanitation schedule — item,October,,list_item,,Bangladesh Agricultural Research Institute (BARI),নারিকেলের সমন্বিত ফসল ব্যবস্থাপনা,https://baritechnology.org/m/crops/tech_detail/456,প্রযুক্তির বিবরণ > fertilizer timing and sanitation > pest and disease management,,Official webpage/table,,direct structured extraction of source list item,verified_against_visible_official_source,2026-07-24,False,
verified_0804,Maize,Fertilizer,Urea — minimum,500,kg/ha,number,Maize fertilizer package in the intercropping technology,Bangladesh Agricultural Research Institute (BARI),আন্তঃফসল হিসাবে ভুট্টার সাথে খাটো জাতের বরবটির চাষ,https://baritechnology.org/m/crops/tech_detail/502,প্রযুক্তির বিবরণ > crop/variety/area > sowing and harvest > fertilizer management > yield,,Official webpage/table,Urea: 500-550,structured parse of source-reported range,verified_against_visible_official_source,2026-07-24,False,
verified_0805,Onion,Fertilizer,MoP — minimum,150,kg/ha,number,,Bangladesh Agricultural Research Institute (BARI),পেঁয়াজ চাষে সমন্বিত আগাছা ব্যবস্থাপনা,https://baritechnology.org/m/crops/tech_detail/506,প্রযুক্তির বিবরণ > variety/area > planting and harvest > fertilizer rate and application,,Official webpage/table,,structured parse of source-reported range,verified_against_visible_official_source,2026-07-24,False,
verified_0806,Chia,Fertilizer timing,Remaining urea application,Within 30 days after sowing,,text,,Bangladesh Agricultural Research Institute (BARI),চিয়া চাষে কৃষিতাত্ত্বিক ব্যবস্থাপনা,https://baritechnology.org/m/crops/tech_detail/518,প্রযুক্তির বিবরণ > nutrient composition > fertilizer description > planting method > suitability,,Official webpage/table,,direct structured extraction,verified_against_visible_official_source,2026-07-24,False,
verified_0807,BR24,Season classification,Rice season,Aus,,text,,Bangladesh Rice Research Institute (BRRI),আউশ ধানের জাত,https://brri.gov.bd/site/page/51edd399-1ba3-4f9c-bf82-125d681b8ff8/আউশ-ধানের-জাত,আউশ ধানের জাত > variety download list,,Official webpage/table,,direct structured extraction,verified_against_visible_official_source,2026-07-24,False,
verified_0808,BRRI dhan105,Institution,Developer,BRRI,,text,,Bangladesh Rice Research Institute (BRRI),বিগত বছরে ব্রির উদ্ভাবিত ধানের জাতসমূহ,https://brri.gov.bd/site/page/dccbd42b-3258-467b-8b47-fc74e6bd15e1,বিগত বছরে ব্রির উদ্ভাবিত ধানের জাতসমূহ > বছর ও জাতসমূহ table,,Official webpage/table,,direct structured extraction,verified_against_visible_official_source,2026-07-24,False,
verified_0809,BWMRI Hybrid Maize-2,Region,Suitable area,All Bangladesh,,text,,Bangladesh Wheat and Maize Research Institute (BWMRI),বিডাব্লিউএমআরআই হাইব্রিড ভুট্টা ২,https://bwmri.gov.bd/pages/static-pages/6922dfff933eb65569e24fc5,জাতের পাতা > জাতের বৈশিষ্ট্য > উপযোগী এলাকা > ফলন,,Official webpage/table,,direct structured extraction,verified_against_visible_official_source,2026-07-24,False,
verified_0810,BARI Hybrid Maize-9,Grain,Reported grain weight — minimum,370,g,number,,Bangladesh Wheat and Maize Research Institute (BWMRI),বারি হাইব্রিড ভুট্টা ৯,https://bwmri.gov.bd/pages/static-pages/6922def6933eb65569e1ebb3,জাতের পাতা > জাতের বৈশিষ্ট্য > উপযোগী এলাকা > ফলন,,Official webpage/table,,structured parse of source-reported range,verified_against_visible_official_source,2026-07-24,False,
verified_0811,BARI Gom-25,Variety trait,Reported traits — item,Heat tolerant,,list_item,,Bangladesh Wheat and Maize Research Institute (BWMRI),BARI Gom-25,https://bwmri.gov.bd/site/page/ba774aa2-708e-4438-b977-a206b1113d7b/,জাতের পাতা > জাতের বৈশিষ্ট্য > উপযোগী এলাকা > ফলন,,Official webpage/table,,direct structured extraction of source list item,verified_against_visible_official_source,2026-07-24,False,
verified_0812,BARI Gom-26,Variety trait,Reported traits — item,Heat tolerant,,list_item,,Bangladesh Wheat and Maize Research Institute (BWMRI),BARI Gom-26,https://bwmri.gov.bd/pages/static-pages/6922e073933eb65569e271de,জাতের পাতা > জাতের বৈশিষ্ট্য > উপযোগী এলাকা > ফলন,,Official webpage/table,,direct structured extraction of source list item,verified_against_visible_official_source,2026-07-24,False,
verified_0813,BARI Gom-27,Variety trait,Reported traits — item,Leaf-spot tolerant,,list_item,,Bangladesh Wheat and Maize Research Institute (BWMRI),BARI Gom-27,https://bwmri.gov.bd/pages/static-pages/6922df57933eb65569e21533,জাতের পাতা > জাতের বৈশিষ্ট্য > উপযোগী এলাকা > ফলন,,Official webpage/table,,direct structured extraction of source list item,verified_against_visible_official_source,2026-07-24,False,
verified_0814,BARI Gom-28,Variety trait,Reported yield — minimum,4500,kg/ha,number,,Bangladesh Wheat and Maize Research Institute (BWMRI),BARI Gom-28,https://bwmri.gov.bd/site/page/d985dfcc-d5f6-4466-8793-26bd129b52c2/,জাতের পাতা > জাতের বৈশিষ্ট্য > উপযোগী এলাকা > ফলন,,Official webpage/table,,structured parse of source-reported range,verified_against_visible_official_source,2026-07-24,False,
verified_0815,BARI Gom-31,Variety trait,Reported traits — item,Leaf-spot tolerant,,list_item,,Bangladesh Wheat and Maize Research Institute (BWMRI),BARI Gom-31,https://bwmri.gov.bd/pages/static-pages/6922dcd2933eb65569e123f6,জাতের পাতা > জাতের বৈশিষ্ট্য > উপযোগী এলাকা > ফলন,,Official webpage/table,,direct structured extraction of source list item,verified_against_visible_official_source,2026-07-24,False,
verified_0816,Crucifers,Root depth,FAO root-depth classification,Shallow rooting (30-60 cm),,text,,Food and Agriculture Organization of the United Nations (FAO),"Irrigation Water Management: Irrigation Scheduling, Chapter 3",https://www.fao.org/4/t7202e/t7202e06.htm,"Chapter 3 > Sections 3.1-3.3 > Tables 3, 4 and 5",,Official scanned technical manual presented as an HTML chapter,,direct structured extraction,verified_against_visible_official_source,2026-07-24,False,
verified_0817,Wheat,Fertilizer timing,Remaining urea application,20,days after sowing,text,,Bangladesh Agricultural Research Institute (BARI),ফসল বিন্যাসের ফলন বৃদ্ধি ও মৃত্তিকার ভৌতগুণাবলী উন্নয়নের জন্য সংরক্ষিত কর্ষণ ও শস্যের অবশেষ ব্যবহার,https://m.baritechnology.org/crops/tech_detail/293,প্রযুক্তির বিবরণ > conservation tillage depth and crop-residue system > fertilizer application,,Official webpage/table,,direct structured extraction,verified_against_visible_official_source,2026-07-24,False,
verified_0818,Cabbage,Irrigation,Irrigation interval,10,days,text,,Bangladesh Agricultural Research Institute (BARI),কেঁচো সার ও রাসায়নিক সারের সমন্বিত প্রয়োগে বাঁধাকপি উৎপাদন,https://baritechnology.org/m/crops/tech_detail/297,প্রযুক্তির বিবরণ > fertilizer description > application method > crop care,,Official webpage/table,,direct structured extraction,verified_against_visible_official_source,2026-07-24,False,
verified_0819,Tomato,Foliar application,Leaf condition before spraying,Leaves should not already be wet,,text,,Bangladesh Agricultural Research Institute (BARI),জিংক ও বোরন সার পাতায় সিঞ্চণ প্রয়োগে টমেটো চাষ,https://baritechnology.org/m/crops/tech_detail/300,প্রযুক্তির বিবরণ > অঞ্চল/মাটি/বীজ > sowing/transplanting > fertilizer table > foliar application,,Official webpage/table,,direct structured extraction,verified_against_visible_official_source,2026-07-24,False,
verified_0820,Tomato,Organic fertilizer,Cow dung — maximum,10,tonne/ha,number,,Bangladesh Agricultural Research Institute (BARI),টমেটো উৎপাদনে আরবাস্কুলার মাইকোরাইজা ও ফসফরাসের ব্যবহার,https://baritechnology.org/m/crops/tech_detail/304,প্রযুক্তির বিবরণ > production technology table > fertilizer rate and method,,Official webpage/table,,structured parse of source-reported range,verified_against_visible_official_source,2026-07-24,False,
verified_0821,Mango,Irrigation,Irrigation interval from full bloom,15,days,text,,Bangladesh Agricultural Research Institute (BARI),আমের ফুল ও ফল ঝরা রোধে টেকসই ব্যবস্থাপনা,https://baritechnology.org/m/crops/tech_detail/322,প্রযুক্তির বিবরণ > seasonal management > age-based fertilizer table > application method,,Official webpage/table,,direct structured extraction,verified_against_visible_official_source,2026-07-24,False,
verified_0822,Bt Brinjal,Fertilizer timing,Urea and potash application days after transplanting — item,60,,list_item,,Bangladesh Agricultural Research Institute (BARI),বিটি বেগুনের উন্নত উৎপাদন প্রযুক্তি,https://baritechnology.org/m/crops/tech_detail/333,"প্রযুক্তির বিবরণ > varieties/seedlings > soil and planting > irrigation, harvest, yield and finance",,Official webpage/table,,direct structured extraction of source list item,verified_against_visible_official_source,2026-07-24,False,
verified_0823,Sole brinjal,Finance,Net profit,255800,BDT/ha,text,,Bangladesh Agricultural Research Institute (BARI),আন্তঃফসল হিসাবে বেগুনের সাথে ঝাড়শীমের চাষ,https://baritechnology.org/m/crops/tech_detail/334,"প্রযুক্তির বিবরণ > varieties and seed rate > soil and planting > harvest, yield and finance",,Official webpage/table,,direct structured extraction,verified_against_visible_official_source,2026-07-24,False,
verified_0824,Onion,Fertilizer,Urea,202,kg/ha,number,Technology-specific recommendation for the Upper Ganges River Floodplain cropping system,Bangladesh Agricultural Research Institute (BARI),উঁচু গঙ্গাবাহিত প্লাবন ভূমিতে আলু-পেঁয়াজ/ভুট্টা-রোপাআমন ধান ফসল ধারায় সার সুপারিশমালা,https://baritechnology.org/m/crops/tech_detail/346,"প্রযুক্তির বিবরণ > crop sequence, seed rate and fertilizer table > management and yield",,Official webpage/table,Urea: 202,direct structured extraction,verified_against_visible_official_source,2026-07-24,False,
verified_0825,T. Aman Rice,Fertilizer,Urea,250,kg/ha,number,Kurigram four-crop system fertilizer table,Bangladesh Agricultural Research Institute (BARI),পেঁয়াজ/মুগডাল-পাট-রোপা আমন ধান: কুড়িগ্রাম অঞ্চলের একটি চার ফসল ভিত্তিক উন্নত ফসল বিন্যাস,https://baritechnology.org/m/crops/tech_detail/348,"প্রযুক্তির বিবরণ > fertilizer table > management, harvest and yield",,Official webpage/table,Urea: 250,direct structured extraction,verified_against_visible_official_source,2026-07-24,False,
verified_0826,Mustard,Fertilizer,Gypsum,150,kg/ha,number,"Technology-specific cropping-pattern table; source labels the fertilizer quantities as kg/ha, although gypsum is displayed with an inconsistent label.",Bangladesh Agricultural Research Institute (BARI),খুলনার উপকূলীয় অঞ্চলে রোপাআমন-সরিষা-মুগডাল একটি উন্নত ফসল ধারা,https://baritechnology.org/m/crops/tech_detail/349,"প্রযুক্তির বিবরণ > উৎপাদন প্রযুক্তি > সারের নাম table > সার প্রয়োগ পদ্ধতি, আন্তঃপরিচর্যা ও ফলন",,Official webpage/table,Gypsum: 150,direct structured extraction,verified_against_visible_official_source,2026-07-24,False,
verified_0827,Cropping system,Finance,Reported production cost,95939,BDT/ha,text,,Bangladesh Agricultural Research Institute (BARI),বগুড়ার চরাঞ্চলে রসুনের সাথে চীনাবাদামের আন্তঃফসল চাষ একটি লাভজনক প্রযুক্তি,https://baritechnology.org/m/crops/tech_detail/350,"প্রযুক্তির বিবরণ > fertilizer table > management > harvest, yield and finance",,Official webpage/table,,direct structured extraction,verified_against_visible_official_source,2026-07-24,False,
verified_0828,Mustard,Fertilizer,Urea — minimum,200,kg/ha,number,Tangail four-crop pattern fertilizer table,Bangladesh Agricultural Research Institute (BARI),সরিষা-বোরো ধান-পাট-রোপা আমন ধান: টাংগাইল অঞ্চলের একটি অধিক উৎপাদনশীল ফসল বিন্যাস,https://m.baritechnology.org/crops/tech_detail/353,প্রযুক্তির বিবরণ > system comparison > varieties and seed rates > fertilizer table,,Official webpage/table,Urea: 200-250,structured parse of source-reported range,verified_against_visible_official_source,2026-07-24,False,
verified_0829,Wheat,Irrigation,First irrigation,20,days after sowing,text,,Bangladesh Agricultural Research Institute (BARI),গম-রোপা আমন ধান ফসল ধারার সার ও সেচ ব্যবস্থাপনা,https://baritechnology.org/m/crops/tech_detail/357,প্রযুক্তির বিবরণ > fertilizer table > fertilizer timing and irrigation,,Official webpage/table,,direct structured extraction,verified_against_visible_official_source,2026-07-24,False,
verified_0830,Maize,Fertilizer,Urea — maximum,550,kg/ha,number,Maize fertilizer package in the intercropping technology,Bangladesh Agricultural Research Institute (BARI),আন্তঃফসল হিসাবে ভুট্টার সাথে খাটো জাতের বরবটির চাষ,https://baritechnology.org/m/crops/tech_detail/502,প্রযুক্তির বিবরণ > crop/variety/area > sowing and harvest > fertilizer management > yield,,Official webpage/table,Urea: 500-550,structured parse of source-reported range,verified_against_visible_official_source,2026-07-24,False,
verified_0831,Onion,Fertilizer,MoP — maximum,180,kg/ha,number,,Bangladesh Agricultural Research Institute (BARI),পেঁয়াজ চাষে সমন্বিত আগাছা ব্যবস্থাপনা,https://baritechnology.org/m/crops/tech_detail/506,প্রযুক্তির বিবরণ > variety/area > planting and harvest > fertilizer rate and application,,Official webpage/table,,structured parse of source-reported range,verified_against_visible_official_source,2026-07-24,False,
verified_0832,Chia,Planting method,Permitted methods,Broadcast or line sowing,,text,,Bangladesh Agricultural Research Institute (BARI),চিয়া চাষে কৃষিতাত্ত্বিক ব্যবস্থাপনা,https://baritechnology.org/m/crops/tech_detail/518,প্রযুক্তির বিবরণ > nutrient composition > fertilizer description > planting method > suitability,,Official webpage/table,,direct structured extraction,verified_against_visible_official_source,2026-07-24,False,
verified_0833,BR24,Resource availability,Official variety document,Download listed on BRRI page,,text,,Bangladesh Rice Research Institute (BRRI),আউশ ধানের জাত,https://brri.gov.bd/site/page/51edd399-1ba3-4f9c-bf82-125d681b8ff8/আউশ-ধানের-জাত,আউশ ধানের জাত > variety download list,,Official webpage/table,,direct structured extraction,verified_against_visible_official_source,2026-07-24,False,
verified_0834,BRRI dhan106,Release,Release year,2023,year,text,,Bangladesh Rice Research Institute (BRRI),বিগত বছরে ব্রির উদ্ভাবিত ধানের জাতসমূহ,https://brri.gov.bd/site/page/dccbd42b-3258-467b-8b47-fc74e6bd15e1,বিগত বছরে ব্রির উদ্ভাবিত ধানের জাতসমূহ > বছর ও জাতসমূহ table,,Official webpage/table,,direct structured extraction,verified_against_visible_official_source,2026-07-24,False,
verified_0835,BWMRI Hybrid Maize-2,Yield,Rabi yield — reported range,12.0-14.0,tonne/ha,range,,Bangladesh Wheat and Maize Research Institute (BWMRI),বিডাব্লিউএমআরআই হাইব্রিড ভুট্টা ২,https://bwmri.gov.bd/pages/static-pages/6922dfff933eb65569e24fc5,জাতের পাতা > জাতের বৈশিষ্ট্য > উপযোগী এলাকা > ফলন,,Official webpage/table,,direct structured extraction of source-reported range,verified_against_visible_official_source,2026-07-24,False,
verified_0836,BARI Hybrid Maize-9,Grain,Reported grain weight — maximum,375,g,number,,Bangladesh Wheat and Maize Research Institute (BWMRI),বারি হাইব্রিড ভুট্টা ৯,https://bwmri.gov.bd/pages/static-pages/6922def6933eb65569e1ebb3,জাতের পাতা > জাতের বৈশিষ্ট্য > উপযোগী এলাকা > ফলন,,Official webpage/table,,structured parse of source-reported range,verified_against_visible_official_source,2026-07-24,False,
verified_0837,BARI Gom-25,Variety trait,Reported traits — item,Moderately salinity tolerant,,list_item,,Bangladesh Wheat and Maize Research Institute (BWMRI),BARI Gom-25,https://bwmri.gov.bd/site/page/ba774aa2-708e-4438-b977-a206b1113d7b/,জাতের পাতা > জাতের বৈশিষ্ট্য > উপযোগী এলাকা > ফলন,,Official webpage/table,,direct structured extraction of source list item,verified_against_visible_official_source,2026-07-24,False,
verified_0838,BARI Gom-26,Region,Suitable area,All Bangladesh,,text,,Bangladesh Wheat and Maize Research Institute (BWMRI),BARI Gom-26,https://bwmri.gov.bd/pages/static-pages/6922e073933eb65569e271de,জাতের পাতা > জাতের বৈশিষ্ট্য > উপযোগী এলাকা > ফলন,,Official webpage/table,,direct structured extraction,verified_against_visible_official_source,2026-07-24,False,
verified_0839,BARI Gom-27,Variety trait,Reported traits — item,Rust resistant,,list_item,,Bangladesh Wheat and Maize Research Institute (BWMRI),BARI Gom-27,https://bwmri.gov.bd/pages/static-pages/6922df57933eb65569e21533,জাতের পাতা > জাতের বৈশিষ্ট্য > উপযোগী এলাকা > ফলন,,Official webpage/table,,direct structured extraction of source list item,verified_against_visible_official_source,2026-07-24,False,
verified_0840,BARI Gom-28,Variety trait,Reported yield — maximum,5500,kg/ha,number,,Bangladesh Wheat and Maize Research Institute (BWMRI),BARI Gom-28,https://bwmri.gov.bd/site/page/d985dfcc-d5f6-4466-8793-26bd129b52c2/,জাতের পাতা > জাতের বৈশিষ্ট্য > উপযোগী এলাকা > ফলন,,Official webpage/table,,structured parse of source-reported range,verified_against_visible_official_source,2026-07-24,False,
verified_0841,Celery,Root depth,FAO root-depth classification,Shallow rooting (30-60 cm),,text,,Food and Agriculture Organization of the United Nations (FAO),"Irrigation Water Management: Irrigation Scheduling, Chapter 3",https://www.fao.org/4/t7202e/t7202e06.htm,"Chapter 3 > Sections 3.1-3.3 > Tables 3, 4 and 5",,Official scanned technical manual presented as an HTML chapter,,direct structured extraction,verified_against_visible_official_source,2026-07-24,False,
verified_0842,Wheat,Irrigation,Irrigation after top dressing,Light irrigation,,text,,Bangladesh Agricultural Research Institute (BARI),ফসল বিন্যাসের ফলন বৃদ্ধি ও মৃত্তিকার ভৌতগুণাবলী উন্নয়নের জন্য সংরক্ষিত কর্ষণ ও শস্যের অবশেষ ব্যবহার,https://m.baritechnology.org/crops/tech_detail/293,প্রযুক্তির বিবরণ > conservation tillage depth and crop-residue system > fertilizer application,,Official webpage/table,,direct structured extraction,verified_against_visible_official_source,2026-07-24,False,
verified_0843,Cabbage,Field management,Weed status,Keep field weed-free,,text,,Bangladesh Agricultural Research Institute (BARI),কেঁচো সার ও রাসায়নিক সারের সমন্বিত প্রয়োগে বাঁধাকপি উৎপাদন,https://baritechnology.org/m/crops/tech_detail/297,প্রযুক্তির বিবরণ > fertilizer description > application method > crop care,,Official webpage/table,,direct structured extraction,verified_against_visible_official_source,2026-07-24,False,
verified_0844,Tomato,Foliar application,Direct sunlight restriction,Do not spray under intense sunlight,,text,,Bangladesh Agricultural Research Institute (BARI),জিংক ও বোরন সার পাতায় সিঞ্চণ প্রয়োগে টমেটো চাষ,https://baritechnology.org/m/crops/tech_detail/300,প্রযুক্তির বিবরণ > অঞ্চল/মাটি/বীজ > sowing/transplanting > fertilizer table > foliar application,,Official webpage/table,,direct structured extraction,verified_against_visible_official_source,2026-07-24,False,
verified_0845,Tomato,Fertilizer timing,TSP basal fraction,50,percent,text,,Bangladesh Agricultural Research Institute (BARI),টমেটো উৎপাদনে আরবাস্কুলার মাইকোরাইজা ও ফসফরাসের ব্যবহার,https://baritechnology.org/m/crops/tech_detail/304,প্রযুক্তির বিবরণ > production technology table > fertilizer rate and method,,Official webpage/table,,direct structured extraction,verified_against_visible_official_source,2026-07-24,False,
verified_0846,Mango,Irrigation,Number of irrigations from full bloom,4,applications,text,,Bangladesh Agricultural Research Institute (BARI),আমের ফুল ও ফল ঝরা রোধে টেকসই ব্যবস্থাপনা,https://baritechnology.org/m/crops/tech_detail/322,প্রযুক্তির বিবরণ > seasonal management > age-based fertilizer table > application method,,Official webpage/table,,direct structured extraction,verified_against_visible_official_source,2026-07-24,False,
verified_0847,Bt Brinjal,Fertilizer timing,Application method,Ring application around the plant,,text,,Bangladesh Agricultural Research Institute (BARI),বিটি বেগুনের উন্নত উৎপাদন প্রযুক্তি,https://baritechnology.org/m/crops/tech_detail/333,"প্রযুক্তির বিবরণ > varieties/seedlings > soil and planting > irrigation, harvest, yield and finance",,Official webpage/table,,direct structured extraction,verified_against_visible_official_source,2026-07-24,False,
verified_0848,Sole brinjal,Finance,Benefit-cost ratio,3.6,ratio,text,,Bangladesh Agricultural Research Institute (BARI),আন্তঃফসল হিসাবে বেগুনের সাথে ঝাড়শীমের চাষ,https://baritechnology.org/m/crops/tech_detail/334,"প্রযুক্তির বিবরণ > varieties and seed rate > soil and planting > harvest, yield and finance",,Official webpage/table,,direct structured extraction,verified_against_visible_official_source,2026-07-24,False,
verified_0849,Onion,Fertilizer,TSP,145,kg/ha,number,Technology-specific recommendation for the Upper Ganges River Floodplain cropping system,Bangladesh Agricultural Research Institute (BARI),উঁচু গঙ্গাবাহিত প্লাবন ভূমিতে আলু-পেঁয়াজ/ভুট্টা-রোপাআমন ধান ফসল ধারায় সার সুপারিশমালা,https://baritechnology.org/m/crops/tech_detail/346,"প্রযুক্তির বিবরণ > crop sequence, seed rate and fertilizer table > management and yield",,Official webpage/table,TSP: 145,direct structured extraction,verified_against_visible_official_source,2026-07-24,False,
verified_0850,T. Aman Rice,Fertilizer,MoP,80,kg/ha,number,Kurigram four-crop system fertilizer table,Bangladesh Agricultural Research Institute (BARI),পেঁয়াজ/মুগডাল-পাট-রোপা আমন ধান: কুড়িগ্রাম অঞ্চলের একটি চার ফসল ভিত্তিক উন্নত ফসল বিন্যাস,https://baritechnology.org/m/crops/tech_detail/348,"প্রযুক্তির বিবরণ > fertilizer table > management, harvest and yield",,Official webpage/table,MoP: 80,direct structured extraction,verified_against_visible_official_source,2026-07-24,False,
verified_0851,Mustard,Fertilizer,Zinc sulphate,5,kg/ha,number,"Technology-specific cropping-pattern table; source labels the fertilizer quantities as kg/ha, although gypsum is displayed with an inconsistent label.",Bangladesh Agricultural Research Institute (BARI),খুলনার উপকূলীয় অঞ্চলে রোপাআমন-সরিষা-মুগডাল একটি উন্নত ফসল ধারা,https://baritechnology.org/m/crops/tech_detail/349,"প্রযুক্তির বিবরণ > উৎপাদন প্রযুক্তি > সারের নাম table > সার প্রয়োগ পদ্ধতি, আন্তঃপরিচর্যা ও ফলন",,Official webpage/table,Zinc sulphate: 5,direct structured extraction,verified_against_visible_official_source,2026-07-24,False,
verified_0852,Cropping system,Finance,Reported benefit-cost ratio,4.32,ratio,text,,Bangladesh Agricultural Research Institute (BARI),বগুড়ার চরাঞ্চলে রসুনের সাথে চীনাবাদামের আন্তঃফসল চাষ একটি লাভজনক প্রযুক্তি,https://baritechnology.org/m/crops/tech_detail/350,"প্রযুক্তির বিবরণ > fertilizer table > management > harvest, yield and finance",,Official webpage/table,,direct structured extraction,verified_against_visible_official_source,2026-07-24,False,
verified_0853,Mustard,Fertilizer,Urea — maximum,250,kg/ha,number,Tangail four-crop pattern fertilizer table,Bangladesh Agricultural Research Institute (BARI),সরিষা-বোরো ধান-পাট-রোপা আমন ধান: টাংগাইল অঞ্চলের একটি অধিক উৎপাদনশীল ফসল বিন্যাস,https://m.baritechnology.org/crops/tech_detail/353,প্রযুক্তির বিবরণ > system comparison > varieties and seed rates > fertilizer table,,Official webpage/table,Urea: 200-250,structured parse of source-reported range,verified_against_visible_official_source,2026-07-24,False,
verified_0854,Wheat,Irrigation,Second irrigation,At ear emergence,,text,,Bangladesh Agricultural Research Institute (BARI),গম-রোপা আমন ধান ফসল ধারার সার ও সেচ ব্যবস্থাপনা,https://baritechnology.org/m/crops/tech_detail/357,প্রযুক্তির বিবরণ > fertilizer table > fertilizer timing and irrigation,,Official webpage/table,,direct structured extraction,verified_against_visible_official_source,2026-07-24,False,
verified_0855,Maize,Fertilizer,TSP — reported range,240-260,kg/ha,range,Maize fertilizer package in the intercropping technology,Bangladesh Agricultural Research Institute (BARI),আন্তঃফসল হিসাবে ভুট্টার সাথে খাটো জাতের বরবটির চাষ,https://baritechnology.org/m/crops/tech_detail/502,প্রযুক্তির বিবরণ > crop/variety/area > sowing and harvest > fertilizer management > yield,,Official webpage/table,TSP: 240-260,direct structured extraction of source-reported range,verified_against_visible_official_source,2026-07-24,False,
verified_0856,Onion,Fertilizer,Gypsum — reported range,100-168,kg/ha,range,,Bangladesh Agricultural Research Institute (BARI),পেঁয়াজ চাষে সমন্বিত আগাছা ব্যবস্থাপনা,https://baritechnology.org/m/crops/tech_detail/506,প্রযুক্তির বিবরণ > variety/area > planting and harvest > fertilizer rate and application,,Official webpage/table,,direct structured extraction of source-reported range,verified_against_visible_official_source,2026-07-24,False,
verified_0857,Chia,Planting geometry,Row spacing,30,cm,text,,Bangladesh Agricultural Research Institute (BARI),চিয়া চাষে কৃষিতাত্ত্বিক ব্যবস্থাপনা,https://baritechnology.org/m/crops/tech_detail/518,প্রযুক্তির বিবরণ > nutrient composition > fertilizer description > planting method > suitability,,Official webpage/table,,direct structured extraction,verified_against_visible_official_source,2026-07-24,False,
verified_0858,BR26,Season classification,Rice season,Aus,,text,,Bangladesh Rice Research Institute (BRRI),আউশ ধানের জাত,https://brri.gov.bd/site/page/51edd399-1ba3-4f9c-bf82-125d681b8ff8/আউশ-ধানের-জাত,আউশ ধানের জাত > variety download list,,Official webpage/table,,direct structured extraction,verified_against_visible_official_source,2026-07-24,False,
verified_0859,BRRI dhan106,Institution,Developer,BRRI,,text,,Bangladesh Rice Research Institute (BRRI),বিগত বছরে ব্রির উদ্ভাবিত ধানের জাতসমূহ,https://brri.gov.bd/site/page/dccbd42b-3258-467b-8b47-fc74e6bd15e1,বিগত বছরে ব্রির উদ্ভাবিত ধানের জাতসমূহ > বছর ও জাতসমূহ table,,Official webpage/table,,direct structured extraction,verified_against_visible_official_source,2026-07-24,False,
verified_0860,BWMRI Hybrid Maize-2,Yield,Rabi yield — minimum,12.0,tonne/ha,number,,Bangladesh Wheat and Maize Research Institute (BWMRI),বিডাব্লিউএমআরআই হাইব্রিড ভুট্টা ২,https://bwmri.gov.bd/pages/static-pages/6922dfff933eb65569e24fc5,জাতের পাতা > জাতের বৈশিষ্ট্য > উপযোগী এলাকা > ফলন,,Official webpage/table,,structured parse of source-reported range,verified_against_visible_official_source,2026-07-24,False,
verified_0861,BARI Hybrid Maize-9,Region,Suitable area,All Bangladesh,,text,,Bangladesh Wheat and Maize Research Institute (BWMRI),বারি হাইব্রিড ভুট্টা ৯,https://bwmri.gov.bd/pages/static-pages/6922def6933eb65569e1ebb3,জাতের পাতা > জাতের বৈশিষ্ট্য > উপযোগী এলাকা > ফলন,,Official webpage/table,,direct structured extraction,verified_against_visible_official_source,2026-07-24,False,
verified_0862,BARI Gom-28,Variety trait,Reported traits — full list,White shiny medium grain; Leaf-spot tolerant; Leaf rust resistant; Heat tolerant,,list,,Bangladesh Wheat and Maize Research Institute (BWMRI),BARI Gom-28,https://bwmri.gov.bd/site/page/d985dfcc-d5f6-4466-8793-26bd129b52c2/,জাতের পাতা > জাতের বৈশিষ্ট্য > উপযোগী এলাকা > ফলন,,Official webpage/table,,direct structured extraction of source list,verified_against_visible_official_source,2026-07-24,False,
verified_0863,Lettuce,Root depth,FAO root-depth classification,Shallow rooting (30-60 cm),,text,,Food and Agriculture Organization of the United Nations (FAO),"Irrigation Water Management: Irrigation Scheduling, Chapter 3",https://www.fao.org/4/t7202e/t7202e06.htm,"Chapter 3 > Sections 3.1-3.3 > Tables 3, 4 and 5",,Official scanned technical manual presented as an HTML chapter,,direct structured extraction,verified_against_visible_official_source,2026-07-24,False,
verified_0864,Mungbean,Fertilizer timing,Application method,All fertilizers before sowing at final land preparation,,text,,Bangladesh Agricultural Research Institute (BARI),ফসল বিন্যাসের ফলন বৃদ্ধি ও মৃত্তিকার ভৌতগুণাবলী উন্নয়নের জন্য সংরক্ষিত কর্ষণ ও শস্যের অবশেষ ব্যবহার,https://m.baritechnology.org/crops/tech_detail/293,প্রযুক্তির বিবরণ > conservation tillage depth and crop-residue system > fertilizer application,,Official webpage/table,,direct structured extraction,verified_against_visible_official_source,2026-07-24,False,
verified_0865,Tomato,Crop care,Required intensive care — full list,Weed control; Fertilizer application; Irrigation; Drainage; Breaking surface crust; Keeping soil friable,,list,,Bangladesh Agricultural Research Institute (BARI),জিংক ও বোরন সার পাতায় সিঞ্চণ প্রয়োগে টমেটো চাষ,https://baritechnology.org/m/crops/tech_detail/300,প্রযুক্তির বিবরণ > অঞ্চল/মাটি/বীজ > sowing/transplanting > fertilizer table > foliar application,,Official webpage/table,,direct structured extraction of source list,verified_against_visible_official_source,2026-07-24,False,
verified_0866,Tomato,Fertilizer timing,Basal inputs,All cow dung and other fertilizers during final land preparation,,text,,Bangladesh Agricultural Research Institute (BARI),টমেটো উৎপাদনে আরবাস্কুলার মাইকোরাইজা ও ফসফরাসের ব্যবহার,https://baritechnology.org/m/crops/tech_detail/304,প্রযুক্তির বিবরণ > production technology table > fertilizer rate and method,,Official webpage/table,,direct structured extraction,verified_against_visible_official_source,2026-07-24,False,
verified_0867,Mango,Age-based fertilizer,Cow dung,26.25,kg/tree,number,1-4 years,Bangladesh Agricultural Research Institute (BARI),আমের ফুল ও ফল ঝরা রোধে টেকসই ব্যবস্থাপনা,https://baritechnology.org/m/crops/tech_detail/322,প্রযুক্তির বিবরণ > seasonal management > age-based fertilizer table > application method,,Official webpage/table,"Cow dung, 1-4 years: 26.25 kg/tree",direct structured extraction,verified_against_visible_official_source,2026-07-24,False,
verified_0868,Bt Brinjal,Irrigation,Number of irrigations — reported range,4-6,applications,range,,Bangladesh Agricultural Research Institute (BARI),বিটি বেগুনের উন্নত উৎপাদন প্রযুক্তি,https://baritechnology.org/m/crops/tech_detail/333,"প্রযুক্তির বিবরণ > varieties/seedlings > soil and planting > irrigation, harvest, yield and finance",,Official webpage/table,,direct structured extraction of source-reported range,verified_against_visible_official_source,2026-07-24,False,
verified_0869,Brinjal + dwarf hyacinth bean,Finance,Total income,450800,BDT/ha,text,,Bangladesh Agricultural Research Institute (BARI),আন্তঃফসল হিসাবে বেগুনের সাথে ঝাড়শীমের চাষ,https://baritechnology.org/m/crops/tech_detail/334,"প্রযুক্তির বিবরণ > varieties and seed rate > soil and planting > harvest, yield and finance",,Official webpage/table,,direct structured extraction,verified_against_visible_official_source,2026-07-24,False,
verified_0870,Onion,Fertilizer,MoP,170,kg/ha,number,Technology-specific recommendation for the Upper Ganges River Floodplain cropping system,Bangladesh Agricultural Research Institute (BARI),উঁচু গঙ্গাবাহিত প্লাবন ভূমিতে আলু-পেঁয়াজ/ভুট্টা-রোপাআমন ধান ফসল ধারায় সার সুপারিশমালা,https://baritechnology.org/m/crops/tech_detail/346,"প্রযুক্তির বিবরণ > crop sequence, seed rate and fertilizer table > management and yield",,Official webpage/table,MoP: 170,direct structured extraction,verified_against_visible_official_source,2026-07-24,False,
verified_0871,T. Aman Rice,Fertilizer,Gypsum,95,kg/ha,number,Kurigram four-crop system fertilizer table,Bangladesh Agricultural Research Institute (BARI),পেঁয়াজ/মুগডাল-পাট-রোপা আমন ধান: কুড়িগ্রাম অঞ্চলের একটি চার ফসল ভিত্তিক উন্নত ফসল বিন্যাস,https://baritechnology.org/m/crops/tech_detail/348,"প্রযুক্তির বিবরণ > fertilizer table > management, harvest and yield",,Official webpage/table,Gypsum: 95,direct structured extraction,verified_against_visible_official_source,2026-07-24,False,
verified_0872,Mustard,Fertilizer,Boric acid,10,kg/ha,number,"Technology-specific cropping-pattern table; source labels the fertilizer quantities as kg/ha, although gypsum is displayed with an inconsistent label.",Bangladesh Agricultural Research Institute (BARI),খুলনার উপকূলীয় অঞ্চলে রোপাআমন-সরিষা-মুগডাল একটি উন্নত ফসল ধারা,https://baritechnology.org/m/crops/tech_detail/349,"প্রযুক্তির বিবরণ > উৎপাদন প্রযুক্তি > সারের নাম table > সার প্রয়োগ পদ্ধতি, আন্তঃপরিচর্যা ও ফলন",,Official webpage/table,Boric acid: 10,direct structured extraction,verified_against_visible_official_source,2026-07-24,False,
verified_0873,Mustard,Fertilizer,TSP — reported range,150-170,kg/ha,range,Tangail four-crop pattern fertilizer table,Bangladesh Agricultural Research Institute (BARI),সরিষা-বোরো ধান-পাট-রোপা আমন ধান: টাংগাইল অঞ্চলের একটি অধিক উৎপাদনশীল ফসল বিন্যাস,https://m.baritechnology.org/crops/tech_detail/353,প্রযুক্তির বিবরণ > system comparison > varieties and seed rates > fertilizer table,,Official webpage/table,TSP: 150-170,direct structured extraction of source-reported range,verified_against_visible_official_source,2026-07-24,False,
verified_0874,Wheat,Irrigation,Total irrigations,2,applications,text,,Bangladesh Agricultural Research Institute (BARI),গম-রোপা আমন ধান ফসল ধারার সার ও সেচ ব্যবস্থাপনা,https://baritechnology.org/m/crops/tech_detail/357,প্রযুক্তির বিবরণ > fertilizer table > fertilizer timing and irrigation,,Official webpage/table,,direct structured extraction,verified_against_visible_official_source,2026-07-24,False,
verified_0875,Maize,Fertilizer,TSP — minimum,240,kg/ha,number,Maize fertilizer package in the intercropping technology,Bangladesh Agricultural Research Institute (BARI),আন্তঃফসল হিসাবে ভুট্টার সাথে খাটো জাতের বরবটির চাষ,https://baritechnology.org/m/crops/tech_detail/502,প্রযুক্তির বিবরণ > crop/variety/area > sowing and harvest > fertilizer management > yield,,Official webpage/table,TSP: 240-260,structured parse of source-reported range,verified_against_visible_official_source,2026-07-24,False,
verified_0876,Onion,Fertilizer,Gypsum — minimum,100,kg/ha,number,,Bangladesh Agricultural Research Institute (BARI),পেঁয়াজ চাষে সমন্বিত আগাছা ব্যবস্থাপনা,https://baritechnology.org/m/crops/tech_detail/506,প্রযুক্তির বিবরণ > variety/area > planting and harvest > fertilizer rate and application,,Official webpage/table,,structured parse of source-reported range,verified_against_visible_official_source,2026-07-24,False,
verified_0877,Chia,Region,Suitable areas — full list,Gazipur; Dinajpur; Jamalpur; Jashore; Rangpur; Hathazari; Drought-prone Rajshahi; Barind region; Char land,,list,,Bangladesh Agricultural Research Institute (BARI),চিয়া চাষে কৃষিতাত্ত্বিক ব্যবস্থাপনা,https://baritechnology.org/m/crops/tech_detail/518,প্রযুক্তির বিবরণ > nutrient composition > fertilizer description > planting method > suitability,,Official webpage/table,,direct structured extraction of source list,verified_against_visible_official_source,2026-07-24,False,
verified_0878,BR26,Resource availability,Official variety document,Download listed on BRRI page,,text,,Bangladesh Rice Research Institute (BRRI),আউশ ধানের জাত,https://brri.gov.bd/site/page/51edd399-1ba3-4f9c-bf82-125d681b8ff8/আউশ-ধানের-জাত,আউশ ধানের জাত > variety download list,,Official webpage/table,,direct structured extraction,verified_against_visible_official_source,2026-07-24,False,
verified_0879,Rice,Release history,Varieties released in 2022,BRRI dhan101; BRRI dhan102; BRRI dhan103; BRRI dhan104; BRRI Hybrid dhan8,,list,,Bangladesh Rice Research Institute (BRRI),বিগত বছরে ব্রির উদ্ভাবিত ধানের জাতসমূহ,https://brri.gov.bd/site/page/dccbd42b-3258-467b-8b47-fc74e6bd15e1,বিগত বছরে ব্রির উদ্ভাবিত ধানের জাতসমূহ > বছর ও জাতসমূহ table,,Official webpage/table,,direct structured extraction,verified_against_visible_official_source,2026-07-24,False,
verified_0880,BWMRI Hybrid Maize-2,Yield,Rabi yield — maximum,14.0,tonne/ha,number,,Bangladesh Wheat and Maize Research Institute (BWMRI),বিডাব্লিউএমআরআই হাইব্রিড ভুট্টা ২,https://bwmri.gov.bd/pages/static-pages/6922dfff933eb65569e24fc5,জাতের পাতা > জাতের বৈশিষ্ট্য > উপযোগী এলাকা > ফলন,,Official webpage/table,,structured parse of source-reported range,verified_against_visible_official_source,2026-07-24,False,
verified_0881,BARI Hybrid Maize-9,Yield,Rabi yield — reported range,11.5-12.5,tonne/ha,range,,Bangladesh Wheat and Maize Research Institute (BWMRI),বারি হাইব্রিড ভুট্টা ৯,https://bwmri.gov.bd/pages/static-pages/6922def6933eb65569e1ebb3,জাতের পাতা > জাতের বৈশিষ্ট্য > উপযোগী এলাকা > ফলন,,Official webpage/table,,direct structured extraction of source-reported range,verified_against_visible_official_source,2026-07-24,False,
verified_0882,BARI Gom-28,Variety trait,Reported traits — item,White shiny medium grain,,list_item,,Bangladesh Wheat and Maize Research Institute (BWMRI),BARI Gom-28,https://bwmri.gov.bd/site/page/d985dfcc-d5f6-4466-8793-26bd129b52c2/,জাতের পাতা > জাতের বৈশিষ্ট্য > উপযোগী এলাকা > ফলন,,Official webpage/table,,direct structured extraction of source list item,verified_against_visible_official_source,2026-07-24,False,
verified_0883,Onions,Root depth,FAO root-depth classification,Shallow rooting (30-60 cm),,text,,Food and Agriculture Organization of the United Nations (FAO),"Irrigation Water Management: Irrigation Scheduling, Chapter 3",https://www.fao.org/4/t7202e/t7202e06.htm,"Chapter 3 > Sections 3.1-3.3 > Tables 3, 4 and 5",,Official scanned technical manual presented as an HTML chapter,,direct structured extraction,verified_against_visible_official_source,2026-07-24,False,
verified_0884,T. Aman Rice,Fertilizer timing,Urea stages — full list,5-7 days after transplanting; Tillering stage; 5-7 days before panicle emergence,,list,,Bangladesh Agricultural Research Institute (BARI),ফসল বিন্যাসের ফলন বৃদ্ধি ও মৃত্তিকার ভৌতগুণাবলী উন্নয়নের জন্য সংরক্ষিত কর্ষণ ও শস্যের অবশেষ ব্যবহার,https://m.baritechnology.org/crops/tech_detail/293,প্রযুক্তির বিবরণ > conservation tillage depth and crop-residue system > fertilizer application,,Official webpage/table,,direct structured extraction of source list,verified_against_visible_official_source,2026-07-24,False,
verified_0885,Tomato,Crop care,Required intensive care — item,Weed control,,list_item,,Bangladesh Agricultural Research Institute (BARI),জিংক ও বোরন সার পাতায় সিঞ্চণ প্রয়োগে টমেটো চাষ,https://baritechnology.org/m/crops/tech_detail/300,প্রযুক্তির বিবরণ > অঞ্চল/মাটি/বীজ > sowing/transplanting > fertilizer table > foliar application,,Official webpage/table,,direct structured extraction of source list item,verified_against_visible_official_source,2026-07-24,False,
verified_0886,Tomato,Fertilizer timing,Urea top-dressing days after transplanting — full list,25; 45,,list,,Bangladesh Agricultural Research Institute (BARI),টমেটো উৎপাদনে আরবাস্কুলার মাইকোরাইজা ও ফসফরাসের ব্যবহার,https://baritechnology.org/m/crops/tech_detail/304,প্রযুক্তির বিবরণ > production technology table > fertilizer rate and method,,Official webpage/table,,direct structured extraction of source list,verified_against_visible_official_source,2026-07-24,False,
verified_0887,Mango,Age-based fertilizer,Cow dung,35,kg/tree,number,5-7 years,Bangladesh Agricultural Research Institute (BARI),আমের ফুল ও ফল ঝরা রোধে টেকসই ব্যবস্থাপনা,https://baritechnology.org/m/crops/tech_detail/322,প্রযুক্তির বিবরণ > seasonal management > age-based fertilizer table > application method,,Official webpage/table,"Cow dung, 5-7 years: 35 kg/tree",direct structured extraction,verified_against_visible_official_source,2026-07-24,False,
verified_0888,Bt Brinjal,Irrigation,Number of irrigations — minimum,4,applications,number,,Bangladesh Agricultural Research Institute (BARI),বিটি বেগুনের উন্নত উৎপাদন প্রযুক্তি,https://baritechnology.org/m/crops/tech_detail/333,"প্রযুক্তির বিবরণ > varieties/seedlings > soil and planting > irrigation, harvest, yield and finance",,Official webpage/table,,structured parse of source-reported range,verified_against_visible_official_source,2026-07-24,False,
verified_0889,Brinjal + dwarf hyacinth bean,Finance,Total cost,102350,BDT/ha,text,,Bangladesh Agricultural Research Institute (BARI),আন্তঃফসল হিসাবে বেগুনের সাথে ঝাড়শীমের চাষ,https://baritechnology.org/m/crops/tech_detail/334,"প্রযুক্তির বিবরণ > varieties and seed rate > soil and planting > harvest, yield and finance",,Official webpage/table,,direct structured extraction,verified_against_visible_official_source,2026-07-24,False,
verified_0890,Onion,Fertilizer,Gypsum,120,kg/ha,number,Technology-specific recommendation for the Upper Ganges River Floodplain cropping system,Bangladesh Agricultural Research Institute (BARI),উঁচু গঙ্গাবাহিত প্লাবন ভূমিতে আলু-পেঁয়াজ/ভুট্টা-রোপাআমন ধান ফসল ধারায় সার সুপারিশমালা,https://baritechnology.org/m/crops/tech_detail/346,"প্রযুক্তির বিবরণ > crop sequence, seed rate and fertilizer table > management and yield",,Official webpage/table,Gypsum: 120,direct structured extraction,verified_against_visible_official_source,2026-07-24,False,
verified_0891,T. Aman Rice,Fertilizer,Boric acid,12,kg/ha,number,Kurigram four-crop system fertilizer table,Bangladesh Agricultural Research Institute (BARI),পেঁয়াজ/মুগডাল-পাট-রোপা আমন ধান: কুড়িগ্রাম অঞ্চলের একটি চার ফসল ভিত্তিক উন্নত ফসল বিন্যাস,https://baritechnology.org/m/crops/tech_detail/348,"প্রযুক্তির বিবরণ > fertilizer table > management, harvest and yield",,Official webpage/table,Boric acid: 12,direct structured extraction,verified_against_visible_official_source,2026-07-24,False,
verified_0892,Mustard,Fertilizer,Reported fertilizer package,Urea 250 kg/ha; TSP 170 kg/ha; MoP 85 kg/ha; Gypsum 150 kg/ha; Zinc sulphate 5 kg/ha; Boric acid 10 kg/ha,,package,"Technology-specific cropping-pattern table; source labels the fertilizer quantities as kg/ha, although gypsum is displayed with an inconsistent label.",Bangladesh Agricultural Research Institute (BARI),খুলনার উপকূলীয় অঞ্চলে রোপাআমন-সরিষা-মুগডাল একটি উন্নত ফসল ধারা,https://baritechnology.org/m/crops/tech_detail/349,"প্রযুক্তির বিবরণ > উৎপাদন প্রযুক্তি > সারের নাম table > সার প্রয়োগ পদ্ধতি, আন্তঃপরিচর্যা ও ফলন",,Official webpage/table,,structured assembly of source table row,verified_against_visible_official_source,2026-07-24,False,
verified_0893,Mustard,Fertilizer,TSP — minimum,150,kg/ha,number,Tangail four-crop pattern fertilizer table,Bangladesh Agricultural Research Institute (BARI),সরিষা-বোরো ধান-পাট-রোপা আমন ধান: টাংগাইল অঞ্চলের একটি অধিক উৎপাদনশীল ফসল বিন্যাস,https://m.baritechnology.org/crops/tech_detail/353,প্রযুক্তির বিবরণ > system comparison > varieties and seed rates > fertilizer table,,Official webpage/table,TSP: 150-170,structured parse of source-reported range,verified_against_visible_official_source,2026-07-24,False,
verified_0894,Maize,Fertilizer,TSP — maximum,260,kg/ha,number,Maize fertilizer package in the intercropping technology,Bangladesh Agricultural Research Institute (BARI),আন্তঃফসল হিসাবে ভুট্টার সাথে খাটো জাতের বরবটির চাষ,https://baritechnology.org/m/crops/tech_detail/502,প্রযুক্তির বিবরণ > crop/variety/area > sowing and harvest > fertilizer management > yield,,Official webpage/table,TSP: 240-260,structured parse of source-reported range,verified_against_visible_official_source,2026-07-24,False,
verified_0895,Onion,Fertilizer,Gypsum — maximum,168,kg/ha,number,,Bangladesh Agricultural Research Institute (BARI),পেঁয়াজ চাষে সমন্বিত আগাছা ব্যবস্থাপনা,https://baritechnology.org/m/crops/tech_detail/506,প্রযুক্তির বিবরণ > variety/area > planting and harvest > fertilizer rate and application,,Official webpage/table,,structured parse of source-reported range,verified_against_visible_official_source,2026-07-24,False,
verified_0896,Chia,Region,Suitable areas — item,Gazipur,,list_item,,Bangladesh Agricultural Research Institute (BARI),চিয়া চাষে কৃষিতাত্ত্বিক ব্যবস্থাপনা,https://baritechnology.org/m/crops/tech_detail/518,প্রযুক্তির বিবরণ > nutrient composition > fertilizer description > planting method > suitability,,Official webpage/table,,direct structured extraction of source list item,verified_against_visible_official_source,2026-07-24,False,
verified_0897,BRRI dhan27,Season classification,Rice season,Aus,,text,,Bangladesh Rice Research Institute (BRRI),আউশ ধানের জাত,https://brri.gov.bd/site/page/51edd399-1ba3-4f9c-bf82-125d681b8ff8/আউশ-ধানের-জাত,আউশ ধানের জাত > variety download list,,Official webpage/table,,direct structured extraction,verified_against_visible_official_source,2026-07-24,False,
verified_0898,BRRI dhan101,Release,Release year,2022,year,text,,Bangladesh Rice Research Institute (BRRI),বিগত বছরে ব্রির উদ্ভাবিত ধানের জাতসমূহ,https://brri.gov.bd/site/page/dccbd42b-3258-467b-8b47-fc74e6bd15e1,বিগত বছরে ব্রির উদ্ভাবিত ধানের জাতসমূহ > বছর ও জাতসমূহ table,,Official webpage/table,,direct structured extraction,verified_against_visible_official_source,2026-07-24,False,
verified_0899,BARI Hybrid Maize-9,Yield,Rabi yield — minimum,11.5,tonne/ha,number,,Bangladesh Wheat and Maize Research Institute (BWMRI),বারি হাইব্রিড ভুট্টা ৯,https://bwmri.gov.bd/pages/static-pages/6922def6933eb65569e1ebb3,জাতের পাতা > জাতের বৈশিষ্ট্য > উপযোগী এলাকা > ফলন,,Official webpage/table,,structured parse of source-reported range,verified_against_visible_official_source,2026-07-24,False,
verified_0900,BARI Gom-28,Variety trait,Reported traits — item,Leaf-spot tolerant,,list_item,,Bangladesh Wheat and Maize Research Institute (BWMRI),BARI Gom-28,https://bwmri.gov.bd/site/page/d985dfcc-d5f6-4466-8793-26bd129b52c2/,জাতের পাতা > জাতের বৈশিষ্ট্য > উপযোগী এলাকা > ফলন,,Official webpage/table,,direct structured extraction of source list item,verified_against_visible_official_source,2026-07-24,False,
verified_0901,Pineapple,Root depth,FAO root-depth classification,Shallow rooting (30-60 cm),,text,,Food and Agriculture Organization of the United Nations (FAO),"Irrigation Water Management: Irrigation Scheduling, Chapter 3",https://www.fao.org/4/t7202e/t7202e06.htm,"Chapter 3 > Sections 3.1-3.3 > Tables 3, 4 and 5",,Official scanned technical manual presented as an HTML chapter,,direct structured extraction,verified_against_visible_official_source,2026-07-24,False,
verified_0902,T. Aman Rice,Fertilizer timing,Urea stages — item,5-7 days after transplanting,,list_item,,Bangladesh Agricultural Research Institute (BARI),ফসল বিন্যাসের ফলন বৃদ্ধি ও মৃত্তিকার ভৌতগুণাবলী উন্নয়নের জন্য সংরক্ষিত কর্ষণ ও শস্যের অবশেষ ব্যবহার,https://m.baritechnology.org/crops/tech_detail/293,প্রযুক্তির বিবরণ > conservation tillage depth and crop-residue system > fertilizer application,,Official webpage/table,,direct structured extraction of source list item,verified_against_visible_official_source,2026-07-24,False,
verified_0903,Tomato,Crop care,Required intensive care — item,Fertilizer application,,list_item,,Bangladesh Agricultural Research Institute (BARI),জিংক ও বোরন সার পাতায় সিঞ্চণ প্রয়োগে টমেটো চাষ,https://baritechnology.org/m/crops/tech_detail/300,প্রযুক্তির বিবরণ > অঞ্চল/মাটি/বীজ > sowing/transplanting > fertilizer table > foliar application,,Official webpage/table,,direct structured extraction of source list item,verified_against_visible_official_source,2026-07-24,False,
verified_0904,Tomato,Fertilizer timing,Urea top-dressing days after transplanting — item,25,,list_item,,Bangladesh Agricultural Research Institute (BARI),টমেটো উৎপাদনে আরবাস্কুলার মাইকোরাইজা ও ফসফরাসের ব্যবহার,https://baritechnology.org/m/crops/tech_detail/304,প্রযুক্তির বিবরণ > production technology table > fertilizer rate and method,,Official webpage/table,,direct structured extraction of source list item,verified_against_visible_official_source,2026-07-24,False,
verified_0905,Mango,Age-based fertilizer,Cow dung,43.75,kg/tree,number,8-10 years,Bangladesh Agricultural Research Institute (BARI),আমের ফুল ও ফল ঝরা রোধে টেকসই ব্যবস্থাপনা,https://baritechnology.org/m/crops/tech_detail/322,প্রযুক্তির বিবরণ > seasonal management > age-based fertilizer table > application method,,Official webpage/table,"Cow dung, 8-10 years: 43.75 kg/tree",direct structured extraction,verified_against_visible_official_source,2026-07-24,False,
verified_0906,Bt Brinjal,Irrigation,Number of irrigations — maximum,6,applications,number,,Bangladesh Agricultural Research Institute (BARI),বিটি বেগুনের উন্নত উৎপাদন প্রযুক্তি,https://baritechnology.org/m/crops/tech_detail/333,"প্রযুক্তির বিবরণ > varieties/seedlings > soil and planting > irrigation, harvest, yield and finance",,Official webpage/table,,structured parse of source-reported range,verified_against_visible_official_source,2026-07-24,False,
verified_0907,Brinjal + dwarf hyacinth bean,Finance,Net profit,348450,BDT/ha,text,,Bangladesh Agricultural Research Institute (BARI),আন্তঃফসল হিসাবে বেগুনের সাথে ঝাড়শীমের চাষ,https://baritechnology.org/m/crops/tech_detail/334,"প্রযুক্তির বিবরণ > varieties and seed rate > soil and planting > harvest, yield and finance",,Official webpage/table,,direct structured extraction,verified_against_visible_official_source,2026-07-24,False,
verified_0908,Onion,Fertilizer,Zinc sulphate,6,kg/ha,number,Technology-specific recommendation for the Upper Ganges River Floodplain cropping system,Bangladesh Agricultural Research Institute (BARI),উঁচু গঙ্গাবাহিত প্লাবন ভূমিতে আলু-পেঁয়াজ/ভুট্টা-রোপাআমন ধান ফসল ধারায় সার সুপারিশমালা,https://baritechnology.org/m/crops/tech_detail/346,"প্রযুক্তির বিবরণ > crop sequence, seed rate and fertilizer table > management and yield",,Official webpage/table,Zinc sulphate: 6,direct structured extraction,verified_against_visible_official_source,2026-07-24,False,
verified_0909,T. Aman Rice,Fertilizer,Reported fertilizer package,Urea 250 kg/ha; MoP 80 kg/ha; Gypsum 95 kg/ha; Boric acid 12 kg/ha,,package,Kurigram four-crop system fertilizer table,Bangladesh Agricultural Research Institute (BARI),পেঁয়াজ/মুগডাল-পাট-রোপা আমন ধান: কুড়িগ্রাম অঞ্চলের একটি চার ফসল ভিত্তিক উন্নত ফসল বিন্যাস,https://baritechnology.org/m/crops/tech_detail/348,"প্রযুক্তির বিবরণ > fertilizer table > management, harvest and yield",,Official webpage/table,,structured assembly of source table row,verified_against_visible_official_source,2026-07-24,False,
verified_0910,Mungbean,Fertilizer,Urea,50,kg/ha,number,"Technology-specific cropping-pattern table; source labels the fertilizer quantities as kg/ha, although gypsum is displayed with an inconsistent label.",Bangladesh Agricultural Research Institute (BARI),খুলনার উপকূলীয় অঞ্চলে রোপাআমন-সরিষা-মুগডাল একটি উন্নত ফসল ধারা,https://baritechnology.org/m/crops/tech_detail/349,"প্রযুক্তির বিবরণ > উৎপাদন প্রযুক্তি > সারের নাম table > সার প্রয়োগ পদ্ধতি, আন্তঃপরিচর্যা ও ফলন",,Official webpage/table,Urea: 50,direct structured extraction,verified_against_visible_official_source,2026-07-24,False,
verified_0911,Mustard,Fertilizer,TSP — maximum,170,kg/ha,number,Tangail four-crop pattern fertilizer table,Bangladesh Agricultural Research Institute (BARI),সরিষা-বোরো ধান-পাট-রোপা আমন ধান: টাংগাইল অঞ্চলের একটি অধিক উৎপাদনশীল ফসল বিন্যাস,https://m.baritechnology.org/crops/tech_detail/353,প্রযুক্তির বিবরণ > system comparison > varieties and seed rates > fertilizer table,,Official webpage/table,TSP: 150-170,structured parse of source-reported range,verified_against_visible_official_source,2026-07-24,False,
verified_0912,Maize,Fertilizer,MoP — reported range,180-220,kg/ha,range,Maize fertilizer package in the intercropping technology,Bangladesh Agricultural Research Institute (BARI),আন্তঃফসল হিসাবে ভুট্টার সাথে খাটো জাতের বরবটির চাষ,https://baritechnology.org/m/crops/tech_detail/502,প্রযুক্তির বিবরণ > crop/variety/area > sowing and harvest > fertilizer management > yield,,Official webpage/table,MoP: 180-220,direct structured extraction of source-reported range,verified_against_visible_official_source,2026-07-24,False,
verified_0913,Onion,Fertilizer,Zinc sulphate — reported range,12-14,kg/ha,range,,Bangladesh Agricultural Research Institute (BARI),পেঁয়াজ চাষে সমন্বিত আগাছা ব্যবস্থাপনা,https://baritechnology.org/m/crops/tech_detail/506,প্রযুক্তির বিবরণ > variety/area > planting and harvest > fertilizer rate and application,,Official webpage/table,,direct structured extraction of source-reported range,verified_against_visible_official_source,2026-07-24,False,
verified_0914,Chia,Region,Suitable areas — item,Dinajpur,,list_item,,Bangladesh Agricultural Research Institute (BARI),চিয়া চাষে কৃষিতাত্ত্বিক ব্যবস্থাপনা,https://baritechnology.org/m/crops/tech_detail/518,প্রযুক্তির বিবরণ > nutrient composition > fertilizer description > planting method > suitability,,Official webpage/table,,direct structured extraction of source list item,verified_against_visible_official_source,2026-07-24,False,
verified_0915,BRRI dhan27,Resource availability,Official variety document,Download listed on BRRI page,,text,,Bangladesh Rice Research Institute (BRRI),আউশ ধানের জাত,https://brri.gov.bd/site/page/51edd399-1ba3-4f9c-bf82-125d681b8ff8/আউশ-ধানের-জাত,আউশ ধানের জাত > variety download list,,Official webpage/table,,direct structured extraction,verified_against_visible_official_source,2026-07-24,False,
verified_0916,BRRI dhan101,Institution,Developer,BRRI,,text,,Bangladesh Rice Research Institute (BRRI),বিগত বছরে ব্রির উদ্ভাবিত ধানের জাতসমূহ,https://brri.gov.bd/site/page/dccbd42b-3258-467b-8b47-fc74e6bd15e1,বিগত বছরে ব্রির উদ্ভাবিত ধানের জাতসমূহ > বছর ও জাতসমূহ table,,Official webpage/table,,direct structured extraction,verified_against_visible_official_source,2026-07-24,False,
verified_0917,BARI Hybrid Maize-9,Yield,Rabi yield — maximum,12.5,tonne/ha,number,,Bangladesh Wheat and Maize Research Institute (BWMRI),বারি হাইব্রিড ভুট্টা ৯,https://bwmri.gov.bd/pages/static-pages/6922def6933eb65569e1ebb3,জাতের পাতা > জাতের বৈশিষ্ট্য > উপযোগী এলাকা > ফলন,,Official webpage/table,,structured parse of source-reported range,verified_against_visible_official_source,2026-07-24,False,
verified_0918,BARI Gom-28,Variety trait,Reported traits — item,Leaf rust resistant,,list_item,,Bangladesh Wheat and Maize Research Institute (BWMRI),BARI Gom-28,https://bwmri.gov.bd/site/page/d985dfcc-d5f6-4466-8793-26bd129b52c2/,জাতের পাতা > জাতের বৈশিষ্ট্য > উপযোগী এলাকা > ফলন,,Official webpage/table,,direct structured extraction of source list item,verified_against_visible_official_source,2026-07-24,False,
verified_0919,Potatoes,Root depth,FAO root-depth classification,Shallow rooting (30-60 cm),,text,,Food and Agriculture Organization of the United Nations (FAO),"Irrigation Water Management: Irrigation Scheduling, Chapter 3",https://www.fao.org/4/t7202e/t7202e06.htm,"Chapter 3 > Sections 3.1-3.3 > Tables 3, 4 and 5",,Official scanned technical manual presented as an HTML chapter,,direct structured extraction,verified_against_visible_official_source,2026-07-24,False,
verified_0920,T. Aman Rice,Fertilizer timing,Urea stages — item,Tillering stage,,list_item,,Bangladesh Agricultural Research Institute (BARI),ফসল বিন্যাসের ফলন বৃদ্ধি ও মৃত্তিকার ভৌতগুণাবলী উন্নয়নের জন্য সংরক্ষিত কর্ষণ ও শস্যের অবশেষ ব্যবহার,https://m.baritechnology.org/crops/tech_detail/293,প্রযুক্তির বিবরণ > conservation tillage depth and crop-residue system > fertilizer application,,Official webpage/table,,direct structured extraction of source list item,verified_against_visible_official_source,2026-07-24,False,
verified_0921,Tomato,Crop care,Required intensive care — item,Irrigation,,list_item,,Bangladesh Agricultural Research Institute (BARI),জিংক ও বোরন সার পাতায় সিঞ্চণ প্রয়োগে টমেটো চাষ,https://baritechnology.org/m/crops/tech_detail/300,প্রযুক্তির বিবরণ > অঞ্চল/মাটি/বীজ > sowing/transplanting > fertilizer table > foliar application,,Official webpage/table,,direct structured extraction of source list item,verified_against_visible_official_source,2026-07-24,False,
verified_0922,Tomato,Fertilizer timing,Urea top-dressing days after transplanting — item,45,,list_item,,Bangladesh Agricultural Research Institute (BARI),টমেটো উৎপাদনে আরবাস্কুলার মাইকোরাইজা ও ফসফরাসের ব্যবহার,https://baritechnology.org/m/crops/tech_detail/304,প্রযুক্তির বিবরণ > production technology table > fertilizer rate and method,,Official webpage/table,,direct structured extraction of source list item,verified_against_visible_official_source,2026-07-24,False,
verified_0923,Mango,Age-based fertilizer,Cow dung,52.5,kg/tree,number,11-15 years,Bangladesh Agricultural Research Institute (BARI),আমের ফুল ও ফল ঝরা রোধে টেকসই ব্যবস্থাপনা,https://baritechnology.org/m/crops/tech_detail/322,প্রযুক্তির বিবরণ > seasonal management > age-based fertilizer table > application method,,Official webpage/table,"Cow dung, 11-15 years: 52.5 kg/tree",direct structured extraction,verified_against_visible_official_source,2026-07-24,False,
verified_0924,Bt Brinjal,Harvest,Harvest period after transplanting — reported range,120-200,days,range,,Bangladesh Agricultural Research Institute (BARI),বিটি বেগুনের উন্নত উৎপাদন প্রযুক্তি,https://baritechnology.org/m/crops/tech_detail/333,"প্রযুক্তির বিবরণ > varieties/seedlings > soil and planting > irrigation, harvest, yield and finance",,Official webpage/table,,direct structured extraction of source-reported range,verified_against_visible_official_source,2026-07-24,False,
verified_0925,Brinjal + dwarf hyacinth bean,Finance,Benefit-cost ratio,4.4,ratio,text,,Bangladesh Agricultural Research Institute (BARI),আন্তঃফসল হিসাবে বেগুনের সাথে ঝাড়শীমের চাষ,https://baritechnology.org/m/crops/tech_detail/334,"প্রযুক্তির বিবরণ > varieties and seed rate > soil and planting > harvest, yield and finance",,Official webpage/table,,direct structured extraction,verified_against_visible_official_source,2026-07-24,False,
verified_0926,Onion,Fertilizer,Reported fertilizer package,Urea 202 kg/ha; TSP 145 kg/ha; MoP 170 kg/ha; Gypsum 120 kg/ha; Zinc sulphate 6 kg/ha,,package,Technology-specific recommendation for the Upper Ganges River Floodplain cropping system,Bangladesh Agricultural Research Institute (BARI),উঁচু গঙ্গাবাহিত প্লাবন ভূমিতে আলু-পেঁয়াজ/ভুট্টা-রোপাআমন ধান ফসল ধারায় সার সুপারিশমালা,https://baritechnology.org/m/crops/tech_detail/346,"প্রযুক্তির বিবরণ > crop sequence, seed rate and fertilizer table > management and yield",,Official webpage/table,,structured assembly of source table row,verified_against_visible_official_source,2026-07-24,False,
verified_0927,Onion,Fertilizer timing,Basal application,Half urea and half potash with all other fertilizers,,text,,Bangladesh Agricultural Research Institute (BARI),পেঁয়াজ/মুগডাল-পাট-রোপা আমন ধান: কুড়িগ্রাম অঞ্চলের একটি চার ফসল ভিত্তিক উন্নত ফসল বিন্যাস,https://baritechnology.org/m/crops/tech_detail/348,"প্রযুক্তির বিবরণ > fertilizer table > management, harvest and yield",,Official webpage/table,,direct structured extraction,verified_against_visible_official_source,2026-07-24,False,
verified_0928,Mungbean,Fertilizer,TSP,85,kg/ha,number,"Technology-specific cropping-pattern table; source labels the fertilizer quantities as kg/ha, although gypsum is displayed with an inconsistent label.",Bangladesh Agricultural Research Institute (BARI),খুলনার উপকূলীয় অঞ্চলে রোপাআমন-সরিষা-মুগডাল একটি উন্নত ফসল ধারা,https://baritechnology.org/m/crops/tech_detail/349,"প্রযুক্তির বিবরণ > উৎপাদন প্রযুক্তি > সারের নাম table > সার প্রয়োগ পদ্ধতি, আন্তঃপরিচর্যা ও ফলন",,Official webpage/table,TSP: 85,direct structured extraction,verified_against_visible_official_source,2026-07-24,False,
verified_0929,Mustard,Fertilizer,MoP — reported range,70-85,kg/ha,range,Tangail four-crop pattern fertilizer table,Bangladesh Agricultural Research Institute (BARI),সরিষা-বোরো ধান-পাট-রোপা আমন ধান: টাংগাইল অঞ্চলের একটি অধিক উৎপাদনশীল ফসল বিন্যাস,https://m.baritechnology.org/crops/tech_detail/353,প্রযুক্তির বিবরণ > system comparison > varieties and seed rates > fertilizer table,,Official webpage/table,MoP: 70-85,direct structured extraction of source-reported range,verified_against_visible_official_source,2026-07-24,False,
verified_0930,Maize,Fertilizer,MoP — minimum,180,kg/ha,number,Maize fertilizer package in the intercropping technology,Bangladesh Agricultural Research Institute (BARI),আন্তঃফসল হিসাবে ভুট্টার সাথে খাটো জাতের বরবটির চাষ,https://baritechnology.org/m/crops/tech_detail/502,প্রযুক্তির বিবরণ > crop/variety/area > sowing and harvest > fertilizer management > yield,,Official webpage/table,MoP: 180-220,structured parse of source-reported range,verified_against_visible_official_source,2026-07-24,False,
verified_0931,Onion,Fertilizer,Zinc sulphate — minimum,12,kg/ha,number,,Bangladesh Agricultural Research Institute (BARI),পেঁয়াজ চাষে সমন্বিত আগাছা ব্যবস্থাপনা,https://baritechnology.org/m/crops/tech_detail/506,প্রযুক্তির বিবরণ > variety/area > planting and harvest > fertilizer rate and application,,Official webpage/table,,structured parse of source-reported range,verified_against_visible_official_source,2026-07-24,False,
verified_0932,Chia,Region,Suitable areas — item,Jamalpur,,list_item,,Bangladesh Agricultural Research Institute (BARI),চিয়া চাষে কৃষিতাত্ত্বিক ব্যবস্থাপনা,https://baritechnology.org/m/crops/tech_detail/518,প্রযুক্তির বিবরণ > nutrient composition > fertilizer description > planting method > suitability,,Official webpage/table,,direct structured extraction of source list item,verified_against_visible_official_source,2026-07-24,False,
verified_0933,BRRI dhan42,Season classification,Rice season,Aus,,text,,Bangladesh Rice Research Institute (BRRI),আউশ ধানের জাত,https://brri.gov.bd/site/page/51edd399-1ba3-4f9c-bf82-125d681b8ff8/আউশ-ধানের-জাত,আউশ ধানের জাত > variety download list,,Official webpage/table,,direct structured extraction,verified_against_visible_official_source,2026-07-24,False,
verified_0934,BRRI dhan102,Release,Release year,2022,year,text,,Bangladesh Rice Research Institute (BRRI),বিগত বছরে ব্রির উদ্ভাবিত ধানের জাতসমূহ,https://brri.gov.bd/site/page/dccbd42b-3258-467b-8b47-fc74e6bd15e1,বিগত বছরে ব্রির উদ্ভাবিত ধানের জাতসমূহ > বছর ও জাতসমূহ table,,Official webpage/table,,direct structured extraction,verified_against_visible_official_source,2026-07-24,False,
verified_0935,BARI Hybrid Maize-9,Yield,Kharif yield — reported range,8.5-9.0,tonne/ha,range,,Bangladesh Wheat and Maize Research Institute (BWMRI),বারি হাইব্রিড ভুট্টা ৯,https://bwmri.gov.bd/pages/static-pages/6922def6933eb65569e1ebb3,জাতের পাতা > জাতের বৈশিষ্ট্য > উপযোগী এলাকা > ফলন,,Official webpage/table,,direct structured extraction of source-reported range,verified_against_visible_official_source,2026-07-24,False,
verified_0936,BARI Gom-28,Variety trait,Reported traits — item,Heat tolerant,,list_item,,Bangladesh Wheat and Maize Research Institute (BWMRI),BARI Gom-28,https://bwmri.gov.bd/site/page/d985dfcc-d5f6-4466-8793-26bd129b52c2/,জাতের পাতা > জাতের বৈশিষ্ট্য > উপযোগী এলাকা > ফলন,,Official webpage/table,,direct structured extraction of source list item,verified_against_visible_official_source,2026-07-24,False,
verified_0937,Spinach,Root depth,FAO root-depth classification,Shallow rooting (30-60 cm),,text,,Food and Agriculture Organization of the United Nations (FAO),"Irrigation Water Management: Irrigation Scheduling, Chapter 3",https://www.fao.org/4/t7202e/t7202e06.htm,"Chapter 3 > Sections 3.1-3.3 > Tables 3, 4 and 5",,Official scanned technical manual presented as an HTML chapter,,direct structured extraction,verified_against_visible_official_source,2026-07-24,False,
verified_0938,T. Aman Rice,Fertilizer timing,Urea stages — item,5-7 days before panicle emergence,,list_item,,Bangladesh Agricultural Research Institute (BARI),ফসল বিন্যাসের ফলন বৃদ্ধি ও মৃত্তিকার ভৌতগুণাবলী উন্নয়নের জন্য সংরক্ষিত কর্ষণ ও শস্যের অবশেষ ব্যবহার,https://m.baritechnology.org/crops/tech_detail/293,প্রযুক্তির বিবরণ > conservation tillage depth and crop-residue system > fertilizer application,,Official webpage/table,,direct structured extraction of source list item,verified_against_visible_official_source,2026-07-24,False,
verified_0939,Tomato,Crop care,Required intensive care — item,Drainage,,list_item,,Bangladesh Agricultural Research Institute (BARI),জিংক ও বোরন সার পাতায় সিঞ্চণ প্রয়োগে টমেটো চাষ,https://baritechnology.org/m/crops/tech_detail/300,প্রযুক্তির বিবরণ > অঞ্চল/মাটি/বীজ > sowing/transplanting > fertilizer table > foliar application,,Official webpage/table,,direct structured extraction of source list item,verified_against_visible_official_source,2026-07-24,False,
verified_0940,Tomato,Nutrient efficiency,Reported phosphorus fertilizer saving,50,percent,text,,Bangladesh Agricultural Research Institute (BARI),টমেটো উৎপাদনে আরবাস্কুলার মাইকোরাইজা ও ফসফরাসের ব্যবহার,https://baritechnology.org/m/crops/tech_detail/304,প্রযুক্তির বিবরণ > production technology table > fertilizer rate and method,,Official webpage/table,,direct structured extraction,verified_against_visible_official_source,2026-07-24,False,
verified_0941,Mango,Age-based fertilizer,Cow dung,70,kg/tree,number,16-20 years,Bangladesh Agricultural Research Institute (BARI),আমের ফুল ও ফল ঝরা রোধে টেকসই ব্যবস্থাপনা,https://baritechnology.org/m/crops/tech_detail/322,প্রযুক্তির বিবরণ > seasonal management > age-based fertilizer table > application method,,Official webpage/table,"Cow dung, 16-20 years: 70 kg/tree",direct structured extraction,verified_against_visible_official_source,2026-07-24,False,
verified_0942,Bt Brinjal,Harvest,Harvest period after transplanting — minimum,120,days,number,,Bangladesh Agricultural Research Institute (BARI),বিটি বেগুনের উন্নত উৎপাদন প্রযুক্তি,https://baritechnology.org/m/crops/tech_detail/333,"প্রযুক্তির বিবরণ > varieties/seedlings > soil and planting > irrigation, harvest, yield and finance",,Official webpage/table,,structured parse of source-reported range,verified_against_visible_official_source,2026-07-24,False,
verified_0943,Maize,Fertilizer,Urea,545,kg/ha,number,Technology-specific recommendation for the Upper Ganges River Floodplain cropping system,Bangladesh Agricultural Research Institute (BARI),উঁচু গঙ্গাবাহিত প্লাবন ভূমিতে আলু-পেঁয়াজ/ভুট্টা-রোপাআমন ধান ফসল ধারায় সার সুপারিশমালা,https://baritechnology.org/m/crops/tech_detail/346,"প্রযুক্তির বিবরণ > crop sequence, seed rate and fertilizer table > management and yield",,Official webpage/table,Urea: 545,direct structured extraction,verified_against_visible_official_source,2026-07-24,False,
verified_0944,Onion,Fertilizer timing,Remaining fertilizer days after transplanting — full list,25; 50,,list,,Bangladesh Agricultural Research Institute (BARI),পেঁয়াজ/মুগডাল-পাট-রোপা আমন ধান: কুড়িগ্রাম অঞ্চলের একটি চার ফসল ভিত্তিক উন্নত ফসল বিন্যাস,https://baritechnology.org/m/crops/tech_detail/348,"প্রযুক্তির বিবরণ > fertilizer table > management, harvest and yield",,Official webpage/table,,direct structured extraction of source list,verified_against_visible_official_source,2026-07-24,False,
verified_0945,Mungbean,Fertilizer,MoP,35,kg/ha,number,"Technology-specific cropping-pattern table; source labels the fertilizer quantities as kg/ha, although gypsum is displayed with an inconsistent label.",Bangladesh Agricultural Research Institute (BARI),খুলনার উপকূলীয় অঞ্চলে রোপাআমন-সরিষা-মুগডাল একটি উন্নত ফসল ধারা,https://baritechnology.org/m/crops/tech_detail/349,"প্রযুক্তির বিবরণ > উৎপাদন প্রযুক্তি > সারের নাম table > সার প্রয়োগ পদ্ধতি, আন্তঃপরিচর্যা ও ফলন",,Official webpage/table,MoP: 35,direct structured extraction,verified_against_visible_official_source,2026-07-24,False,
verified_0946,Mustard,Fertilizer,MoP — minimum,70,kg/ha,number,Tangail four-crop pattern fertilizer table,Bangladesh Agricultural Research Institute (BARI),সরিষা-বোরো ধান-পাট-রোপা আমন ধান: টাংগাইল অঞ্চলের একটি অধিক উৎপাদনশীল ফসল বিন্যাস,https://m.baritechnology.org/crops/tech_detail/353,প্রযুক্তির বিবরণ > system comparison > varieties and seed rates > fertilizer table,,Official webpage/table,MoP: 70-85,structured parse of source-reported range,verified_against_visible_official_source,2026-07-24,False,
verified_0947,Maize,Fertilizer,MoP — maximum,220,kg/ha,number,Maize fertilizer package in the intercropping technology,Bangladesh Agricultural Research Institute (BARI),আন্তঃফসল হিসাবে ভুট্টার সাথে খাটো জাতের বরবটির চাষ,https://baritechnology.org/m/crops/tech_detail/502,প্রযুক্তির বিবরণ > crop/variety/area > sowing and harvest > fertilizer management > yield,,Official webpage/table,MoP: 180-220,structured parse of source-reported range,verified_against_visible_official_source,2026-07-24,False,
verified_0948,Onion,Fertilizer,Zinc sulphate — maximum,14,kg/ha,number,,Bangladesh Agricultural Research Institute (BARI),পেঁয়াজ চাষে সমন্বিত আগাছা ব্যবস্থাপনা,https://baritechnology.org/m/crops/tech_detail/506,প্রযুক্তির বিবরণ > variety/area > planting and harvest > fertilizer rate and application,,Official webpage/table,,structured parse of source-reported range,verified_against_visible_official_source,2026-07-24,False,
verified_0949,Chia,Region,Suitable areas — item,Jashore,,list_item,,Bangladesh Agricultural Research Institute (BARI),চিয়া চাষে কৃষিতাত্ত্বিক ব্যবস্থাপনা,https://baritechnology.org/m/crops/tech_detail/518,প্রযুক্তির বিবরণ > nutrient composition > fertilizer description > planting method > suitability,,Official webpage/table,,direct structured extraction of source list item,verified_against_visible_official_source,2026-07-24,False,
verified_0950,BRRI dhan42,Resource availability,Official variety document,Download listed on BRRI page,,text,,Bangladesh Rice Research Institute (BRRI),আউশ ধানের জাত,https://brri.gov.bd/site/page/51edd399-1ba3-4f9c-bf82-125d681b8ff8/আউশ-ধানের-জাত,আউশ ধানের জাত > variety download list,,Official webpage/table,,direct structured extraction,verified_against_visible_official_source,2026-07-24,False,
verified_0951,BRRI dhan102,Institution,Developer,BRRI,,text,,Bangladesh Rice Research Institute (BRRI),বিগত বছরে ব্রির উদ্ভাবিত ধানের জাতসমূহ,https://brri.gov.bd/site/page/dccbd42b-3258-467b-8b47-fc74e6bd15e1,বিগত বছরে ব্রির উদ্ভাবিত ধানের জাতসমূহ > বছর ও জাতসমূহ table,,Official webpage/table,,direct structured extraction,verified_against_visible_official_source,2026-07-24,False,
verified_0952,BARI Hybrid Maize-9,Yield,Kharif yield — minimum,8.5,tonne/ha,number,,Bangladesh Wheat and Maize Research Institute (BWMRI),বারি হাইব্রিড ভুট্টা ৯,https://bwmri.gov.bd/pages/static-pages/6922def6933eb65569e1ebb3,জাতের পাতা > জাতের বৈশিষ্ট্য > উপযোগী এলাকা > ফলন,,Official webpage/table,,structured parse of source-reported range,verified_against_visible_official_source,2026-07-24,False,
verified_0953,BARI Gom-28,Region,Suitable area,All Bangladesh except saline southern areas,,text,,Bangladesh Wheat and Maize Research Institute (BWMRI),BARI Gom-28,https://bwmri.gov.bd/site/page/d985dfcc-d5f6-4466-8793-26bd129b52c2/,জাতের পাতা > জাতের বৈশিষ্ট্য > উপযোগী এলাকা > ফলন,,Official webpage/table,,direct structured extraction,verified_against_visible_official_source,2026-07-24,False,
verified_0954,"Other vegetables except beets, carrots and cucumber",Root depth,FAO root-depth classification,Shallow rooting (30-60 cm),,text,,Food and Agriculture Organization of the United Nations (FAO),"Irrigation Water Management: Irrigation Scheduling, Chapter 3",https://www.fao.org/4/t7202e/t7202e06.htm,"Chapter 3 > Sections 3.1-3.3 > Tables 3, 4 and 5",,Official scanned technical manual presented as an HTML chapter,,direct structured extraction,verified_against_visible_official_source,2026-07-24,False,
verified_0955,Tomato,Crop care,Required intensive care — item,Breaking surface crust,,list_item,,Bangladesh Agricultural Research Institute (BARI),জিংক ও বোরন সার পাতায় সিঞ্চণ প্রয়োগে টমেটো চাষ,https://baritechnology.org/m/crops/tech_detail/300,প্রযুক্তির বিবরণ > অঞ্চল/মাটি/বীজ > sowing/transplanting > fertilizer table > foliar application,,Official webpage/table,,direct structured extraction of source list item,verified_against_visible_official_source,2026-07-24,False,
verified_0956,Mango,Age-based fertilizer,Cow dung,87.5,kg/tree,number,Above 20 years,Bangladesh Agricultural Research Institute (BARI),আমের ফুল ও ফল ঝরা রোধে টেকসই ব্যবস্থাপনা,https://baritechnology.org/m/crops/tech_detail/322,প্রযুক্তির বিবরণ > seasonal management > age-based fertilizer table > application method,,Official webpage/table,"Cow dung, Above 20 years: 87.5 kg/tree",direct structured extraction,verified_against_visible_official_source,2026-07-24,False,
verified_0957,Bt Brinjal,Harvest,Harvest period after transplanting — maximum,200,days,number,,Bangladesh Agricultural Research Institute (BARI),বিটি বেগুনের উন্নত উৎপাদন প্রযুক্তি,https://baritechnology.org/m/crops/tech_detail/333,"প্রযুক্তির বিবরণ > varieties/seedlings > soil and planting > irrigation, harvest, yield and finance",,Official webpage/table,,structured parse of source-reported range,verified_against_visible_official_source,2026-07-24,False,
verified_0958,Maize,Fertilizer,TSP,265,kg/ha,number,Technology-specific recommendation for the Upper Ganges River Floodplain cropping system,Bangladesh Agricultural Research Institute (BARI),উঁচু গঙ্গাবাহিত প্লাবন ভূমিতে আলু-পেঁয়াজ/ভুট্টা-রোপাআমন ধান ফসল ধারায় সার সুপারিশমালা,https://baritechnology.org/m/crops/tech_detail/346,"প্রযুক্তির বিবরণ > crop sequence, seed rate and fertilizer table > management and yield",,Official webpage/table,TSP: 265,direct structured extraction,verified_against_visible_official_source,2026-07-24,False,
verified_0959,Onion,Fertilizer timing,Remaining fertilizer days after transplanting — item,25,,list_item,,Bangladesh Agricultural Research Institute (BARI),পেঁয়াজ/মুগডাল-পাট-রোপা আমন ধান: কুড়িগ্রাম অঞ্চলের একটি চার ফসল ভিত্তিক উন্নত ফসল বিন্যাস,https://baritechnology.org/m/crops/tech_detail/348,"প্রযুক্তির বিবরণ > fertilizer table > management, harvest and yield",,Official webpage/table,,direct structured extraction of source list item,verified_against_visible_official_source,2026-07-24,False,
verified_0960,Mungbean,Fertilizer,Reported fertilizer package,Urea 50 kg/ha; TSP 85 kg/ha; MoP 35 kg/ha,,package,"Technology-specific cropping-pattern table; source labels the fertilizer quantities as kg/ha, although gypsum is displayed with an inconsistent label.",Bangladesh Agricultural Research Institute (BARI),খুলনার উপকূলীয় অঞ্চলে রোপাআমন-সরিষা-মুগডাল একটি উন্নত ফসল ধারা,https://baritechnology.org/m/crops/tech_detail/349,"প্রযুক্তির বিবরণ > উৎপাদন প্রযুক্তি > সারের নাম table > সার প্রয়োগ পদ্ধতি, আন্তঃপরিচর্যা ও ফলন",,Official webpage/table,,structured assembly of source table row,verified_against_visible_official_source,2026-07-24,False,
verified_0961,Mustard,Fertilizer,MoP — maximum,85,kg/ha,number,Tangail four-crop pattern fertilizer table,Bangladesh Agricultural Research Institute (BARI),সরিষা-বোরো ধান-পাট-রোপা আমন ধান: টাংগাইল অঞ্চলের একটি অধিক উৎপাদনশীল ফসল বিন্যাস,https://m.baritechnology.org/crops/tech_detail/353,প্রযুক্তির বিবরণ > system comparison > varieties and seed rates > fertilizer table,,Official webpage/table,MoP: 70-85,structured parse of source-reported range,verified_against_visible_official_source,2026-07-24,False,
verified_0962,Maize,Fertilizer,Gypsum — reported range,240-260,kg/ha,range,Maize fertilizer package in the intercropping technology,Bangladesh Agricultural Research Institute (BARI),আন্তঃফসল হিসাবে ভুট্টার সাথে খাটো জাতের বরবটির চাষ,https://baritechnology.org/m/crops/tech_detail/502,প্রযুক্তির বিবরণ > crop/variety/area > sowing and harvest > fertilizer management > yield,,Official webpage/table,Gypsum: 240-260,direct structured extraction of source-reported range,verified_against_visible_official_source,2026-07-24,False,
verified_0963,Onion,Fertilizer,Boric acid — reported range,5-8,kg/ha,range,,Bangladesh Agricultural Research Institute (BARI),পেঁয়াজ চাষে সমন্বিত আগাছা ব্যবস্থাপনা,https://baritechnology.org/m/crops/tech_detail/506,প্রযুক্তির বিবরণ > variety/area > planting and harvest > fertilizer rate and application,,Official webpage/table,,direct structured extraction of source-reported range,verified_against_visible_official_source,2026-07-24,False,
verified_0964,Chia,Region,Suitable areas — item,Rangpur,,list_item,,Bangladesh Agricultural Research Institute (BARI),চিয়া চাষে কৃষিতাত্ত্বিক ব্যবস্থাপনা,https://baritechnology.org/m/crops/tech_detail/518,প্রযুক্তির বিবরণ > nutrient composition > fertilizer description > planting method > suitability,,Official webpage/table,,direct structured extraction of source list item,verified_against_visible_official_source,2026-07-24,False,
verified_0965,BRRI dhan43,Season classification,Rice season,Aus,,text,,Bangladesh Rice Research Institute (BRRI),আউশ ধানের জাত,https://brri.gov.bd/site/page/51edd399-1ba3-4f9c-bf82-125d681b8ff8/আউশ-ধানের-জাত,আউশ ধানের জাত > variety download list,,Official webpage/table,,direct structured extraction,verified_against_visible_official_source,2026-07-24,False,
verified_0966,BRRI dhan103,Release,Release year,2022,year,text,,Bangladesh Rice Research Institute (BRRI),বিগত বছরে ব্রির উদ্ভাবিত ধানের জাতসমূহ,https://brri.gov.bd/site/page/dccbd42b-3258-467b-8b47-fc74e6bd15e1,বিগত বছরে ব্রির উদ্ভাবিত ধানের জাতসমূহ > বছর ও জাতসমূহ table,,Official webpage/table,,direct structured extraction,verified_against_visible_official_source,2026-07-24,False,
verified_0967,BARI Hybrid Maize-9,Yield,Kharif yield — maximum,9.0,tonne/ha,number,,Bangladesh Wheat and Maize Research Institute (BWMRI),বারি হাইব্রিড ভুট্টা ৯,https://bwmri.gov.bd/pages/static-pages/6922def6933eb65569e1ebb3,জাতের পাতা > জাতের বৈশিষ্ট্য > উপযোগী এলাকা > ফলন,,Official webpage/table,,structured parse of source-reported range,verified_against_visible_official_source,2026-07-24,False,
verified_0968,Field crops,Root depth,Root-depth class,Medium rooting (50-100 cm),,text,,Food and Agriculture Organization of the United Nations (FAO),"Irrigation Water Management: Irrigation Scheduling, Chapter 3",https://www.fao.org/4/t7202e/t7202e06.htm,"Chapter 3 > Sections 3.1-3.3 > Tables 3, 4 and 5",,Official scanned technical manual presented as an HTML chapter,,direct structured extraction,verified_against_visible_official_source,2026-07-24,False,
verified_0969,Tomato,Crop care,Required intensive care — item,Keeping soil friable,,list_item,,Bangladesh Agricultural Research Institute (BARI),জিংক ও বোরন সার পাতায় সিঞ্চণ প্রয়োগে টমেটো চাষ,https://baritechnology.org/m/crops/tech_detail/300,প্রযুক্তির বিবরণ > অঞ্চল/মাটি/বীজ > sowing/transplanting > fertilizer table > foliar application,,Official webpage/table,,direct structured extraction of source list item,verified_against_visible_official_source,2026-07-24,False,
verified_0970,Mango,Age-based fertilizer,Urea,437.5,g/tree,number,1-4 years,Bangladesh Agricultural Research Institute (BARI),আমের ফুল ও ফল ঝরা রোধে টেকসই ব্যবস্থাপনা,https://baritechnology.org/m/crops/tech_detail/322,প্রযুক্তির বিবরণ > seasonal management > age-based fertilizer table > application method,,Official webpage/table,"Urea, 1-4 years: 437.5 g/tree",direct structured extraction,verified_against_visible_official_source,2026-07-24,False,
verified_0971,Bt Brinjal,Yield,Reported yield — reported range,50-60,tonne/ha,range,,Bangladesh Agricultural Research Institute (BARI),বিটি বেগুনের উন্নত উৎপাদন প্রযুক্তি,https://baritechnology.org/m/crops/tech_detail/333,"প্রযুক্তির বিবরণ > varieties/seedlings > soil and planting > irrigation, harvest, yield and finance",,Official webpage/table,,direct structured extraction of source-reported range,verified_against_visible_official_source,2026-07-24,False,
verified_0972,Maize,Fertilizer,MoP,200,kg/ha,number,Technology-specific recommendation for the Upper Ganges River Floodplain cropping system,Bangladesh Agricultural Research Institute (BARI),উঁচু গঙ্গাবাহিত প্লাবন ভূমিতে আলু-পেঁয়াজ/ভুট্টা-রোপাআমন ধান ফসল ধারায় সার সুপারিশমালা,https://baritechnology.org/m/crops/tech_detail/346,"প্রযুক্তির বিবরণ > crop sequence, seed rate and fertilizer table > management and yield",,Official webpage/table,MoP: 200,direct structured extraction,verified_against_visible_official_source,2026-07-24,False,
verified_0973,Onion,Fertilizer timing,Remaining fertilizer days after transplanting — item,50,,list_item,,Bangladesh Agricultural Research Institute (BARI),পেঁয়াজ/মুগডাল-পাট-রোপা আমন ধান: কুড়িগ্রাম অঞ্চলের একটি চার ফসল ভিত্তিক উন্নত ফসল বিন্যাস,https://baritechnology.org/m/crops/tech_detail/348,"প্রযুক্তির বিবরণ > fertilizer table > management, harvest and yield",,Official webpage/table,,direct structured extraction of source list item,verified_against_visible_official_source,2026-07-24,False,
verified_0974,T. Aman Rice,Fertilizer,Urea,180,kg/ha,number,"Technology-specific cropping-pattern table; source labels the fertilizer quantities as kg/ha, although gypsum is displayed with an inconsistent label.",Bangladesh Agricultural Research Institute (BARI),খুলনার উপকূলীয় অঞ্চলে রোপাআমন-সরিষা-মুগডাল একটি উন্নত ফসল ধারা,https://baritechnology.org/m/crops/tech_detail/349,"প্রযুক্তির বিবরণ > উৎপাদন প্রযুক্তি > সারের নাম table > সার প্রয়োগ পদ্ধতি, আন্তঃপরিচর্যা ও ফলন",,Official webpage/table,Urea: 180,direct structured extraction,verified_against_visible_official_source,2026-07-24,False,
verified_0975,Mustard,Fertilizer,Gypsum — reported range,120-150,kg/ha,range,Tangail four-crop pattern fertilizer table,Bangladesh Agricultural Research Institute (BARI),সরিষা-বোরো ধান-পাট-রোপা আমন ধান: টাংগাইল অঞ্চলের একটি অধিক উৎপাদনশীল ফসল বিন্যাস,https://m.baritechnology.org/crops/tech_detail/353,প্রযুক্তির বিবরণ > system comparison > varieties and seed rates > fertilizer table,,Official webpage/table,Gypsum: 120-150,direct structured extraction of source-reported range,verified_against_visible_official_source,2026-07-24,False,
verified_0976,Maize,Fertilizer,Gypsum — minimum,240,kg/ha,number,Maize fertilizer package in the intercropping technology,Bangladesh Agricultural Research Institute (BARI),আন্তঃফসল হিসাবে ভুট্টার সাথে খাটো জাতের বরবটির চাষ,https://baritechnology.org/m/crops/tech_detail/502,প্রযুক্তির বিবরণ > crop/variety/area > sowing and harvest > fertilizer management > yield,,Official webpage/table,Gypsum: 240-260,structured parse of source-reported range,verified_against_visible_official_source,2026-07-24,False,
verified_0977,Onion,Fertilizer,Boric acid — minimum,5,kg/ha,number,,Bangladesh Agricultural Research Institute (BARI),পেঁয়াজ চাষে সমন্বিত আগাছা ব্যবস্থাপনা,https://baritechnology.org/m/crops/tech_detail/506,প্রযুক্তির বিবরণ > variety/area > planting and harvest > fertilizer rate and application,,Official webpage/table,,structured parse of source-reported range,verified_against_visible_official_source,2026-07-24,False,
verified_0978,Chia,Region,Suitable areas — item,Hathazari,,list_item,,Bangladesh Agricultural Research Institute (BARI),চিয়া চাষে কৃষিতাত্ত্বিক ব্যবস্থাপনা,https://baritechnology.org/m/crops/tech_detail/518,প্রযুক্তির বিবরণ > nutrient composition > fertilizer description > planting method > suitability,,Official webpage/table,,direct structured extraction of source list item,verified_against_visible_official_source,2026-07-24,False,
verified_0979,BRRI dhan43,Resource availability,Official variety document,Download listed on BRRI page,,text,,Bangladesh Rice Research Institute (BRRI),আউশ ধানের জাত,https://brri.gov.bd/site/page/51edd399-1ba3-4f9c-bf82-125d681b8ff8/আউশ-ধানের-জাত,আউশ ধানের জাত > variety download list,,Official webpage/table,,direct structured extraction,verified_against_visible_official_source,2026-07-24,False,
verified_0980,BRRI dhan103,Institution,Developer,BRRI,,text,,Bangladesh Rice Research Institute (BRRI),বিগত বছরে ব্রির উদ্ভাবিত ধানের জাতসমূহ,https://brri.gov.bd/site/page/dccbd42b-3258-467b-8b47-fc74e6bd15e1,বিগত বছরে ব্রির উদ্ভাবিত ধানের জাতসমূহ > বছর ও জাতসমূহ table,,Official webpage/table,,direct structured extraction,verified_against_visible_official_source,2026-07-24,False,
verified_0981,BARI Hybrid Maize-9,Season,Performance note,Performs well under early Rabi cultivation,,text,,Bangladesh Wheat and Maize Research Institute (BWMRI),বারি হাইব্রিড ভুট্টা ৯,https://bwmri.gov.bd/pages/static-pages/6922def6933eb65569e1ebb3,জাতের পাতা > জাতের বৈশিষ্ট্য > উপযোগী এলাকা > ফলন,,Official webpage/table,,direct structured extraction,verified_against_visible_official_source,2026-07-24,False,
verified_0982,Bananas,Root depth,FAO root-depth classification,Medium rooting (50-100 cm),,text,,Food and Agriculture Organization of the United Nations (FAO),"Irrigation Water Management: Irrigation Scheduling, Chapter 3",https://www.fao.org/4/t7202e/t7202e06.htm,"Chapter 3 > Sections 3.1-3.3 > Tables 3, 4 and 5",,Official scanned technical manual presented as an HTML chapter,,direct structured extraction,verified_against_visible_official_source,2026-07-24,False,
verified_0983,Mango,Age-based fertilizer,Urea,875,g/tree,number,5-7 years,Bangladesh Agricultural Research Institute (BARI),আমের ফুল ও ফল ঝরা রোধে টেকসই ব্যবস্থাপনা,https://baritechnology.org/m/crops/tech_detail/322,প্রযুক্তির বিবরণ > seasonal management > age-based fertilizer table > application method,,Official webpage/table,"Urea, 5-7 years: 875 g/tree",direct structured extraction,verified_against_visible_official_source,2026-07-24,False,
verified_0984,Bt Brinjal,Yield,Reported yield — minimum,50,tonne/ha,number,,Bangladesh Agricultural Research Institute (BARI),বিটি বেগুনের উন্নত উৎপাদন প্রযুক্তি,https://baritechnology.org/m/crops/tech_detail/333,"প্রযুক্তির বিবরণ > varieties/seedlings > soil and planting > irrigation, harvest, yield and finance",,Official webpage/table,,structured parse of source-reported range,verified_against_visible_official_source,2026-07-24,False,
verified_0985,Maize,Fertilizer,Gypsum,250,kg/ha,number,Technology-specific recommendation for the Upper Ganges River Floodplain cropping system,Bangladesh Agricultural Research Institute (BARI),উঁচু গঙ্গাবাহিত প্লাবন ভূমিতে আলু-পেঁয়াজ/ভুট্টা-রোপাআমন ধান ফসল ধারায় সার সুপারিশমালা,https://baritechnology.org/m/crops/tech_detail/346,"প্রযুক্তির বিবরণ > crop sequence, seed rate and fertilizer table > management and yield",,Official webpage/table,Gypsum: 250,direct structured extraction,verified_against_visible_official_source,2026-07-24,False,
verified_0986,Onion,Harvest,Harvest time,Second week of March,,text,,Bangladesh Agricultural Research Institute (BARI),পেঁয়াজ/মুগডাল-পাট-রোপা আমন ধান: কুড়িগ্রাম অঞ্চলের একটি চার ফসল ভিত্তিক উন্নত ফসল বিন্যাস,https://baritechnology.org/m/crops/tech_detail/348,"প্রযুক্তির বিবরণ > fertilizer table > management, harvest and yield",,Official webpage/table,,direct structured extraction,verified_against_visible_official_source,2026-07-24,False,
verified_0987,T. Aman Rice,Fertilizer,TSP,125,kg/ha,number,"Technology-specific cropping-pattern table; source labels the fertilizer quantities as kg/ha, although gypsum is displayed with an inconsistent label.",Bangladesh Agricultural Research Institute (BARI),খুলনার উপকূলীয় অঞ্চলে রোপাআমন-সরিষা-মুগডাল একটি উন্নত ফসল ধারা,https://baritechnology.org/m/crops/tech_detail/349,"প্রযুক্তির বিবরণ > উৎপাদন প্রযুক্তি > সারের নাম table > সার প্রয়োগ পদ্ধতি, আন্তঃপরিচর্যা ও ফলন",,Official webpage/table,TSP: 125,direct structured extraction,verified_against_visible_official_source,2026-07-24,False,
verified_0988,Mustard,Fertilizer,Gypsum — minimum,120,kg/ha,number,Tangail four-crop pattern fertilizer table,Bangladesh Agricultural Research Institute (BARI),সরিষা-বোরো ধান-পাট-রোপা আমন ধান: টাংগাইল অঞ্চলের একটি অধিক উৎপাদনশীল ফসল বিন্যাস,https://m.baritechnology.org/crops/tech_detail/353,প্রযুক্তির বিবরণ > system comparison > varieties and seed rates > fertilizer table,,Official webpage/table,Gypsum: 120-150,structured parse of source-reported range,verified_against_visible_official_source,2026-07-24,False,
verified_0989,Maize,Fertilizer,Gypsum — maximum,260,kg/ha,number,Maize fertilizer package in the intercropping technology,Bangladesh Agricultural Research Institute (BARI),আন্তঃফসল হিসাবে ভুট্টার সাথে খাটো জাতের বরবটির চাষ,https://baritechnology.org/m/crops/tech_detail/502,প্রযুক্তির বিবরণ > crop/variety/area > sowing and harvest > fertilizer management > yield,,Official webpage/table,Gypsum: 240-260,structured parse of source-reported range,verified_against_visible_official_source,2026-07-24,False,
verified_0990,Onion,Fertilizer,Boric acid — maximum,8,kg/ha,number,,Bangladesh Agricultural Research Institute (BARI),পেঁয়াজ চাষে সমন্বিত আগাছা ব্যবস্থাপনা,https://baritechnology.org/m/crops/tech_detail/506,প্রযুক্তির বিবরণ > variety/area > planting and harvest > fertilizer rate and application,,Official webpage/table,,structured parse of source-reported range,verified_against_visible_official_source,2026-07-24,False,
verified_0991,Chia,Region,Suitable areas — item,Drought-prone Rajshahi,,list_item,,Bangladesh Agricultural Research Institute (BARI),চিয়া চাষে কৃষিতাত্ত্বিক ব্যবস্থাপনা,https://baritechnology.org/m/crops/tech_detail/518,প্রযুক্তির বিবরণ > nutrient composition > fertilizer description > planting method > suitability,,Official webpage/table,,direct structured extraction of source list item,verified_against_visible_official_source,2026-07-24,False,
verified_0992,BRRI dhan48,Season classification,Rice season,Aus,,text,,Bangladesh Rice Research Institute (BRRI),আউশ ধানের জাত,https://brri.gov.bd/site/page/51edd399-1ba3-4f9c-bf82-125d681b8ff8/আউশ-ধানের-জাত,আউশ ধানের জাত > variety download list,,Official webpage/table,,direct structured extraction,verified_against_visible_official_source,2026-07-24,False,
verified_0993,BRRI dhan104,Release,Release year,2022,year,text,,Bangladesh Rice Research Institute (BRRI),বিগত বছরে ব্রির উদ্ভাবিত ধানের জাতসমূহ,https://brri.gov.bd/site/page/dccbd42b-3258-467b-8b47-fc74e6bd15e1,বিগত বছরে ব্রির উদ্ভাবিত ধানের জাতসমূহ > বছর ও জাতসমূহ table,,Official webpage/table,,direct structured extraction,verified_against_visible_official_source,2026-07-24,False,
verified_0994,Beans,Root depth,FAO root-depth classification,Medium rooting (50-100 cm),,text,,Food and Agriculture Organization of the United Nations (FAO),"Irrigation Water Management: Irrigation Scheduling, Chapter 3",https://www.fao.org/4/t7202e/t7202e06.htm,"Chapter 3 > Sections 3.1-3.3 > Tables 3, 4 and 5",,Official scanned technical manual presented as an HTML chapter,,direct structured extraction,verified_against_visible_official_source,2026-07-24,False,
verified_0995,Mango,Age-based fertilizer,Urea,1312.5,g/tree,number,8-10 years,Bangladesh Agricultural Research Institute (BARI),আমের ফুল ও ফল ঝরা রোধে টেকসই ব্যবস্থাপনা,https://baritechnology.org/m/crops/tech_detail/322,প্রযুক্তির বিবরণ > seasonal management > age-based fertilizer table > application method,,Official webpage/table,"Urea, 8-10 years: 1312.5 g/tree",direct structured extraction,verified_against_visible_official_source,2026-07-24,False,
verified_0996,Bt Brinjal,Yield,Reported yield — maximum,60,tonne/ha,number,,Bangladesh Agricultural Research Institute (BARI),বিটি বেগুনের উন্নত উৎপাদন প্রযুক্তি,https://baritechnology.org/m/crops/tech_detail/333,"প্রযুক্তির বিবরণ > varieties/seedlings > soil and planting > irrigation, harvest, yield and finance",,Official webpage/table,,structured parse of source-reported range,verified_against_visible_official_source,2026-07-24,False,
verified_0997,Maize,Fertilizer,Reported fertilizer package,Urea 545 kg/ha; TSP 265 kg/ha; MoP 200 kg/ha; Gypsum 250 kg/ha,,package,Technology-specific recommendation for the Upper Ganges River Floodplain cropping system,Bangladesh Agricultural Research Institute (BARI),উঁচু গঙ্গাবাহিত প্লাবন ভূমিতে আলু-পেঁয়াজ/ভুট্টা-রোপাআমন ধান ফসল ধারায় সার সুপারিশমালা,https://baritechnology.org/m/crops/tech_detail/346,"প্রযুক্তির বিবরণ > crop sequence, seed rate and fertilizer table > management and yield",,Official webpage/table,,structured assembly of source table row,verified_against_visible_official_source,2026-07-24,False,
verified_0998,Onion,Yield,Reported yield,11.2,tonne/ha,text,,Bangladesh Agricultural Research Institute (BARI),পেঁয়াজ/মুগডাল-পাট-রোপা আমন ধান: কুড়িগ্রাম অঞ্চলের একটি চার ফসল ভিত্তিক উন্নত ফসল বিন্যাস,https://baritechnology.org/m/crops/tech_detail/348,"প্রযুক্তির বিবরণ > fertilizer table > management, harvest and yield",,Official webpage/table,,direct structured extraction,verified_against_visible_official_source,2026-07-24,False,
verified_0999,T. Aman Rice,Fertilizer,MoP,75,kg/ha,number,"Technology-specific cropping-pattern table; source labels the fertilizer quantities as kg/ha, although gypsum is displayed with an inconsistent label.",Bangladesh Agricultural Research Institute (BARI),খুলনার উপকূলীয় অঞ্চলে রোপাআমন-সরিষা-মুগডাল একটি উন্নত ফসল ধারা,https://baritechnology.org/m/crops/tech_detail/349,"প্রযুক্তির বিবরণ > উৎপাদন প্রযুক্তি > সারের নাম table > সার প্রয়োগ পদ্ধতি, আন্তঃপরিচর্যা ও ফলন",,Official webpage/table,MoP: 75,direct structured extraction,verified_against_visible_official_source,2026-07-24,False,
verified_1000,Mustard,Fertilizer,Gypsum — maximum,150,kg/ha,number,Tangail four-crop pattern fertilizer table,Bangladesh Agricultural Research Institute (BARI),সরিষা-বোরো ধান-পাট-রোপা আমন ধান: টাংগাইল অঞ্চলের একটি অধিক উৎপাদনশীল ফসল বিন্যাস,https://m.baritechnology.org/crops/tech_detail/353,প্রযুক্তির বিবরণ > system comparison > varieties and seed rates > fertilizer table,,Official webpage/table,Gypsum: 120-150,structured parse of source-reported range,verified_against_visible_official_source,2026-07-24,False,
